action,service,operation_type,risk_level,risk_weight,reason
ec2:GetReservedInstancesExchangeQuote,EC2,READ,LOW,2,Primarily reads or inspects AWS state/data.
apigatewayv2:DeleteRoute,API Gateway V2,DELETE,HIGH,8,"Can remove, terminate, or destroy AWS resources/data."
glue:CreateSchema,Glue,WRITE,MEDIUM,5,Creates or modifies AWS resources or service state.
comprehend:DetectSentiment,Comprehend,OTHER,MEDIUM,5,Project-defined review required for this operation.
opensearch:UpdateIndex,OpenSearch,WRITE,MEDIUM,5,Creates or modifies AWS resources or service state.
rds:DescribeDBInstanceAutomatedBackups,RDS,READ,LOW,2,Primarily reads or inspects AWS state/data.
cognito-idp:DeleteUserPool,Cognito Identity,IDENTITY,HIGH,9,"Can create, modify, or remove an identity or credential."
ec2:DescribeIpamPrefixListResolverTargets,EC2,READ,LOW,2,Primarily reads or inspects AWS state/data.
iam:CreateInstanceProfile,IAM,WRITE,MEDIUM,5,Creates or modifies AWS resources or service state.
ec2:TerminateClientVpnConnections,EC2,DELETE,HIGH,8,"Can remove, terminate, or destroy AWS resources/data."
sagemaker:UpdateClusterSoftware,SageMaker,WRITE,MEDIUM,5,Creates or modifies AWS resources or service state.
iam:UpdateSSHPublicKey,IAM,WRITE,MEDIUM,5,Creates or modifies AWS resources or service state.
lambda:GetFunctionUrlConfig,Lambda,READ,LOW,2,Primarily reads or inspects AWS state/data.
kinesis:ListStreamConsumers,Kinesis,READ,LOW,2,Primarily reads or inspects AWS state/data.
glue:GetPlan,Glue,READ,LOW,2,Primarily reads or inspects AWS state/data.
cognito-idp:DescribeManagedLoginBranding,Cognito Identity,READ,LOW,2,Primarily reads or inspects AWS state/data.
redshift:RevokeEndpointAccess,Redshift,PERMISSION_CHANGE,CRITICAL,10,Can change authorization or grant/restrict permissions.
redshift:DeleteCluster,Redshift,DELETE,HIGH,8,"Can remove, terminate, or destroy AWS resources/data."
ec2:CreateVpnConcentrator,EC2,WRITE,MEDIUM,5,Creates or modifies AWS resources or service state.
opensearch:ListVpcEndpointsForDomain,OpenSearch,READ,LOW,2,Primarily reads or inspects AWS state/data.
ec2:ModifyIpamResourceDiscovery,EC2,WRITE,MEDIUM,5,Creates or modifies AWS resources or service state.
cloudtrail:StopImport,CloudTrail,MODIFY,MEDIUM,5,Changes or disables an existing resource/service state.
ec2:AdvertiseByoipCidr,EC2,OTHER,MEDIUM,5,Project-defined review required for this operation.
secretsmanager:GetRandomPassword,Secrets Manager,SECURITY_SENSITIVE,HIGH,8,Can expose or manipulate sensitive security material/access.
guardduty:CreateMembers,GuardDuty,WRITE,MEDIUM,5,Creates or modifies AWS resources or service state.
bedrock:DeleteCustomModelDeployment,Bedrock,DELETE,HIGH,8,"Can remove, terminate, or destroy AWS resources/data."
sagemaker:ListAIRecommendationJobs,SageMaker,READ,LOW,2,Primarily reads or inspects AWS state/data.
sagemaker:StopEdgeDeploymentStage,SageMaker,MODIFY,MEDIUM,5,Changes or disables an existing resource/service state.
route53:GetHostedZone,Route 53,READ,LOW,2,Primarily reads or inspects AWS state/data.
apigateway:GetStage,API Gateway,READ,LOW,2,Primarily reads or inspects AWS state/data.
s3:RestoreObject,S3,WRITE,MEDIUM,5,Creates or modifies AWS resources or service state.
iam:GenerateServiceLastAccessedDetails,IAM,OTHER,MEDIUM,5,Project-defined review required for this operation.
bedrock:DeleteAutomatedReasoningPolicyTestCase,Bedrock,PERMISSION_CHANGE,CRITICAL,10,Can change authorization or grant/restrict permissions.
apigateway:DELETE,apigateway,DELETE,HIGH,8,Deletes API Gateway resources or configuration; potentially destructive.
eks:CreateCluster,EKS,WRITE,MEDIUM,5,Creates or modifies AWS resources or service state.
bedrock:ListGuardrails,Bedrock,READ,LOW,2,Primarily reads or inspects AWS state/data.
kinesis:IncreaseStreamRetentionPeriod,Kinesis,OTHER,MEDIUM,5,Project-defined review required for this operation.
ec2:DescribeInstanceSqlHaHistoryStates,EC2,READ,LOW,2,Primarily reads or inspects AWS state/data.
sagemaker:StopAutoMLJob,SageMaker,MODIFY,MEDIUM,5,Changes or disables an existing resource/service state.
iam:CreateVirtualMFADevice,IAM,WRITE,MEDIUM,5,Creates or modifies AWS resources or service state.
rds:DescribeDBClusters,RDS,READ,LOW,2,Primarily reads or inspects AWS state/data.
sagemaker:UpdateMonitoringAlert,SageMaker,WRITE,MEDIUM,5,Creates or modifies AWS resources or service state.
route53:AssociateVPCWithHostedZone,Route 53,WRITE,MEDIUM,5,Creates or modifies AWS resources or service state.
ssm:ListResourceDataSync,Systems Manager,READ,LOW,2,Primarily reads or inspects AWS state/data.
sagemaker:StartEdgeDeploymentStage,SageMaker,WRITE,MEDIUM,5,Creates or modifies AWS resources or service state.
sqs:RemovePermission,SQS,PERMISSION_CHANGE,CRITICAL,10,Can change authorization or grant/restrict permissions.
apigateway:DeleteResource,API Gateway,DELETE,HIGH,8,"Can remove, terminate, or destroy AWS resources/data."
cloudformation:CreateGeneratedTemplate,CloudFormation,WRITE,MEDIUM,5,Creates or modifies AWS resources or service state.
ssm:PutInventory,Systems Manager,WRITE,MEDIUM,5,Creates or modifies AWS resources or service state.
apigatewayv2:ImportApi,API Gateway V2,WRITE,MEDIUM,5,Creates or modifies AWS resources or service state.
iam:CreateLoginProfile,IAM,WRITE,MEDIUM,5,Creates or modifies AWS resources or service state.
sagemaker:UpdateCodeRepository,SageMaker,WRITE,MEDIUM,5,Creates or modifies AWS resources or service state.
cloudtrail:ListInsightsData,CloudTrail,READ,LOW,2,Primarily reads or inspects AWS state/data.
logs:DeleteMetricFilter,CloudWatch Logs,DELETE,HIGH,8,"Can remove, terminate, or destroy AWS resources/data."
ec2:ModifyInstanceEventStartTime,EC2,WRITE,MEDIUM,5,Creates or modifies AWS resources or service state.
guardduty:UpdateFindingsFeedback,GuardDuty,WRITE,MEDIUM,5,Creates or modifies AWS resources or service state.
glue:GetUserDefinedFunctions,Glue,READ,LOW,2,Primarily reads or inspects AWS state/data.
sagemaker:CreatePresignedDomainUrl,SageMaker,WRITE,MEDIUM,5,Creates or modifies AWS resources or service state.
apigateway:UpdateRequestValidator,API Gateway,WRITE,MEDIUM,5,Creates or modifies AWS resources or service state.
events:ListRuleNamesByTarget,EventBridge,READ,LOW,2,Primarily reads or inspects AWS state/data.
ec2:DescribePrincipalIdFormat,EC2,READ,LOW,2,Primarily reads or inspects AWS state/data.
guardduty:GetMalwareScan,GuardDuty,READ,LOW,2,Primarily reads or inspects AWS state/data.
sagemaker:DescribeAction,SageMaker,READ,LOW,2,Primarily reads or inspects AWS state/data.
lambda:PutFunctionScalingConfig,Lambda,WRITE,MEDIUM,5,Creates or modifies AWS resources or service state.
comprehend:DescribePiiEntitiesDetectionJob,Comprehend,READ,LOW,2,Primarily reads or inspects AWS state/data.
apigatewayv2:DeletePortalProductSharingPolicy,API Gateway V2,PERMISSION_CHANGE,CRITICAL,10,Can change authorization or grant/restrict permissions.
comprehend:ListEntitiesDetectionJobs,Comprehend,READ,LOW,2,Primarily reads or inspects AWS state/data.
ec2:ModifyInstanceCapacityReservationAttributes,EC2,WRITE,MEDIUM,5,Creates or modifies AWS resources or service state.
ecs:UntagResource,ECS,TAGGING,LOW,3,Changes resource tags or metadata.
glue:CancelMLTaskRun,Glue,MODIFY,MEDIUM,5,Changes or disables an existing resource/service state.
sagemaker:CreateContext,SageMaker,WRITE,MEDIUM,5,Creates or modifies AWS resources or service state.
iam:RemoveUserFromGroup,IAM,DELETE,HIGH,8,"Can remove, terminate, or destroy AWS resources/data."
guardduty:DescribeOrganizationConfiguration,GuardDuty,READ,LOW,2,Primarily reads or inspects AWS state/data.
route53:GetReusableDelegationSet,Route 53,READ,LOW,2,Primarily reads or inspects AWS state/data.
ssm:CreateResourceDataSync,Systems Manager,WRITE,MEDIUM,5,Creates or modifies AWS resources or service state.
ec2:ModifyManagedResourceVisibility,EC2,WRITE,MEDIUM,5,Creates or modifies AWS resources or service state.
bedrock:DeleteFoundationModelAgreement,Bedrock,DELETE,HIGH,8,"Can remove, terminate, or destroy AWS resources/data."
iam:TagServerCertificate,IAM,TAGGING,LOW,3,Changes resource tags or metadata.
sqs:SetQueueAttributes,SQS,WRITE,MEDIUM,5,Creates or modifies AWS resources or service state.
rds:DescribeDBProxyTargetGroups,RDS,READ,LOW,2,Primarily reads or inspects AWS state/data.
ec2:GetNetworkInsightsAccessScopeContent,EC2,READ,LOW,2,Primarily reads or inspects AWS state/data.
redshift:ModifyScheduledAction,Redshift,WRITE,MEDIUM,5,Creates or modifies AWS resources or service state.
sagemaker:ListModelCards,SageMaker,READ,LOW,2,Primarily reads or inspects AWS state/data.
ec2:AssociateNatGatewayAddress,EC2,WRITE,MEDIUM,5,Creates or modifies AWS resources or service state.
ssm:ListInventoryEntries,Systems Manager,READ,LOW,2,Primarily reads or inspects AWS state/data.
apigateway:FlushStageAuthorizersCache,API Gateway,PERMISSION_CHANGE,CRITICAL,10,Can change authorization or grant/restrict permissions.
eks:ListAddons,EKS,READ,LOW,2,Primarily reads or inspects AWS state/data.
cognito-idp:GetUserAttributeVerificationCode,Cognito Identity,READ,LOW,2,Primarily reads or inspects AWS state/data.
opensearch:DeleteDirectQueryDataSource,OpenSearch,DELETE,HIGH,8,"Can remove, terminate, or destroy AWS resources/data."
apigatewayv2:ListRoutingRules,API Gateway V2,READ,LOW,2,Primarily reads or inspects AWS state/data.
sagemaker:DescribeDataQualityJobDefinition,SageMaker,READ,LOW,2,Primarily reads or inspects AWS state/data.
apigatewayv2:GetDomainName,API Gateway V2,READ,LOW,2,Primarily reads or inspects AWS state/data.
ec2:ModifyVerifiedAccessEndpointPolicy,EC2,PERMISSION_CHANGE,CRITICAL,10,Can change authorization or grant/restrict permissions.
guardduty:UpdateIPSet,GuardDuty,WRITE,MEDIUM,5,Creates or modifies AWS resources or service state.
apigatewayv2:GetAuthorizers,API Gateway V2,PERMISSION_CHANGE,CRITICAL,10,Can change authorization or grant/restrict permissions.
apigateway:GetModelTemplate,API Gateway,READ,LOW,2,Primarily reads or inspects AWS state/data.
logs:GetScheduledQueryHistory,CloudWatch Logs,READ,LOW,2,Primarily reads or inspects AWS state/data.
opensearch:ListInstanceTypeDetails,OpenSearch,READ,LOW,2,Primarily reads or inspects AWS state/data.
sagemaker:DeleteFlowDefinition,SageMaker,DELETE,HIGH,8,"Can remove, terminate, or destroy AWS resources/data."
ssm:DescribeMaintenanceWindowExecutionTaskInvocations,Systems Manager,READ,LOW,2,Primarily reads or inspects AWS state/data.
glue:UpdateWorkflow,Glue,WRITE,MEDIUM,5,Creates or modifies AWS resources or service state.
iam:CreatePolicy,IAM,PERMISSION_CHANGE,CRITICAL,10,Can change authorization or grant/restrict permissions.
events:CreateEventBus,EventBridge,WRITE,MEDIUM,5,Creates or modifies AWS resources or service state.
guardduty:CreateTrustedEntitySet,GuardDuty,WRITE,MEDIUM,5,Creates or modifies AWS resources or service state.
rds:CreateGlobalCluster,RDS,WRITE,MEDIUM,5,Creates or modifies AWS resources or service state.
ec2:CreateLocalGatewayVirtualInterface,EC2,WRITE,MEDIUM,5,Creates or modifies AWS resources or service state.
iam:ListServerCertificateTags,IAM,READ,LOW,2,Primarily reads or inspects AWS state/data.
cloudformation:ContinueUpdateRollback,CloudFormation,OTHER,MEDIUM,5,Project-defined review required for this operation.
cloudformation:EstimateTemplateCost,CloudFormation,OTHER,MEDIUM,5,Project-defined review required for this operation.
s3:PutBucketWebsite,S3,WRITE,MEDIUM,5,Creates or modifies AWS resources or service state.
iam:ListPoliciesGrantingServiceAccess,IAM,PERMISSION_CHANGE,CRITICAL,10,Can change authorization or grant/restrict permissions.
s3:CreateSession,S3,WRITE,MEDIUM,5,Creates or modifies AWS resources or service state.
ec2:DeleteNatGateway,EC2,DELETE,HIGH,8,"Can remove, terminate, or destroy AWS resources/data."
ec2:CreatePublicIpv4Pool,EC2,WRITE,MEDIUM,5,Creates or modifies AWS resources or service state.
iam:PutRolePermissionsBoundary,IAM,PERMISSION_CHANGE,CRITICAL,10,Can change authorization or grant/restrict permissions.
apigatewayv2:GetModels,API Gateway V2,READ,LOW,2,Primarily reads or inspects AWS state/data.
iam:AddUserToGroup,IAM,WRITE,MEDIUM,5,Creates or modifies AWS resources or service state.
lambda:ListProvisionedConcurrencyConfigs,Lambda,READ,LOW,2,Primarily reads or inspects AWS state/data.
iam:ListGroupsForUser,IAM,READ,LOW,2,Primarily reads or inspects AWS state/data.
ec2:DescribeTransitGatewayMeteringPolicies,EC2,READ,LOW,2,Primarily reads or inspects AWS state/data.
glue:DeleteIntegration,Glue,DELETE,HIGH,8,"Can remove, terminate, or destroy AWS resources/data."
ec2:DescribeInstanceCreditSpecifications,EC2,READ,LOW,2,Primarily reads or inspects AWS state/data.
autoscaling:DescribePolicies,Auto Scaling,READ,LOW,2,Primarily reads or inspects AWS state/data.
opensearch:GetDirectQueryDataSource,OpenSearch,READ,LOW,2,Primarily reads or inspects AWS state/data.
kms:CreateGrant,KMS,PERMISSION_CHANGE,CRITICAL,10,Can change authorization or grant/restrict permissions.
ec2:DeleteSecondaryNetwork,EC2,DELETE,HIGH,8,"Can remove, terminate, or destroy AWS resources/data."
sagemaker:ListNotebookInstanceLifecycleConfigs,SageMaker,READ,LOW,2,Primarily reads or inspects AWS state/data.
autoscaling:DeleteWarmPool,Auto Scaling,DELETE,HIGH,8,"Can remove, terminate, or destroy AWS resources/data."
apigateway:DeleteRequestValidator,API Gateway,DELETE,HIGH,8,"Can remove, terminate, or destroy AWS resources/data."
athena:UpdatePreparedStatement,Athena,WRITE,MEDIUM,5,Creates or modifies AWS resources or service state.
rds:ModifyDBSubnetGroup,RDS,WRITE,MEDIUM,5,Creates or modifies AWS resources or service state.
autoscaling:DetachLoadBalancerTargetGroups,Auto Scaling,MODIFY,MEDIUM,5,Changes or disables an existing resource/service state.
iam:ListAttachedRolePolicies,IAM,READ,LOW,2,Primarily reads or inspects AWS state/data.
kinesis:DescribeStream,Kinesis,READ,LOW,2,Primarily reads or inspects AWS state/data.
iam:UpdateSAMLProvider,IAM,WRITE,MEDIUM,5,Creates or modifies AWS resources or service state.
redshift:ModifyClusterSnapshotSchedule,Redshift,WRITE,MEDIUM,5,Creates or modifies AWS resources or service state.
ssm:LabelParameterVersion,Systems Manager,OTHER,MEDIUM,5,Project-defined review required for this operation.
ec2:GetLaunchTemplateData,EC2,READ,LOW,2,Primarily reads or inspects AWS state/data.
sqs:ListQueueTags,SQS,READ,LOW,2,Primarily reads or inspects AWS state/data.
iam:DeleteUserPermissionsBoundary,IAM,PERMISSION_CHANGE,CRITICAL,10,Can change authorization or grant/restrict permissions.
ssm:GetCalendarState,Systems Manager,READ,LOW,2,Primarily reads or inspects AWS state/data.
glue:DeleteDatabase,Glue,DELETE,HIGH,8,"Can remove, terminate, or destroy AWS resources/data."
dynamodb:DescribeTable,DynamoDB,READ,LOW,2,Primarily reads or inspects AWS state/data.
cognito-idp:DescribeRiskConfiguration,Cognito Identity,READ,LOW,2,Primarily reads or inspects AWS state/data.
ec2:DescribeHosts,EC2,READ,LOW,2,Primarily reads or inspects AWS state/data.
ec2:ModifyFleet,EC2,WRITE,MEDIUM,5,Creates or modifies AWS resources or service state.
redshift:CreateRedshiftIdcApplication,Redshift,WRITE,MEDIUM,5,Creates or modifies AWS resources or service state.
rds:DeleteDBProxy,RDS,DELETE,HIGH,8,"Can remove, terminate, or destroy AWS resources/data."
glue:BatchGetCrawlers,Glue,READ,LOW,2,Primarily reads or inspects AWS state/data.
logs:CreateScheduledQuery,CloudWatch Logs,WRITE,MEDIUM,5,Creates or modifies AWS resources or service state.
ec2:DescribeLocalGatewayRouteTables,EC2,READ,LOW,2,Primarily reads or inspects AWS state/data.
apigateway:PUT,apigateway,WRITE,MEDIUM,5,Updates or creates API Gateway configuration/resources and can change API behavior.
rds:DeleteDBSubnetGroup,RDS,DELETE,HIGH,8,"Can remove, terminate, or destroy AWS resources/data."
comprehend:BatchDetectEntities,Comprehend,OTHER,MEDIUM,5,Project-defined review required for this operation.
glue:ListEntities,Glue,READ,LOW,2,Primarily reads or inspects AWS state/data.
redshift:CreateAuthenticationProfile,Redshift,WRITE,MEDIUM,5,Creates or modifies AWS resources or service state.
route53:UpdateHostedZoneComment,Route 53,WRITE,MEDIUM,5,Creates or modifies AWS resources or service state.
events:DisableRule,EventBridge,MODIFY,MEDIUM,5,Changes or disables an existing resource/service state.
route53:ListResourceRecordSets,Route 53,READ,LOW,2,Primarily reads or inspects AWS state/data.
sns:SetSubscriptionAttributes,SNS,WRITE,MEDIUM,5,Creates or modifies AWS resources or service state.
ec2:DescribeVpcEncryptionControls,EC2,READ,LOW,2,Primarily reads or inspects AWS state/data.
sagemaker:DeletePartnerApp,SageMaker,DELETE,HIGH,8,"Can remove, terminate, or destroy AWS resources/data."
apigateway:GetRequestValidators,API Gateway,READ,LOW,2,Primarily reads or inspects AWS state/data.
ec2:DeleteLocalGatewayVirtualInterface,EC2,DELETE,HIGH,8,"Can remove, terminate, or destroy AWS resources/data."
logs:ListLogGroupsForQuery,CloudWatch Logs,READ,LOW,2,Primarily reads or inspects AWS state/data.
kms:DescribeCustomKeyStores,KMS,READ,LOW,2,Primarily reads or inspects AWS state/data.
sagemaker:StopOptimizationJob,SageMaker,MODIFY,MEDIUM,5,Changes or disables an existing resource/service state.
lambda:UpdateCapacityProvider,Lambda,WRITE,MEDIUM,5,Creates or modifies AWS resources or service state.
athena:GetDatabase,Athena,READ,LOW,2,Primarily reads or inspects AWS state/data.
ecs:DeleteTaskDefinitions,ECS,DELETE,HIGH,8,"Can remove, terminate, or destroy AWS resources/data."
cloudtrail:ListEventDataStores,CloudTrail,READ,LOW,2,Primarily reads or inspects AWS state/data.
opensearch:AssociatePackages,OpenSearch,WRITE,MEDIUM,5,Creates or modifies AWS resources or service state.
rds:DescribeDBParameters,RDS,READ,LOW,2,Primarily reads or inspects AWS state/data.
sagemaker:DeleteModelPackage,SageMaker,DELETE,HIGH,8,"Can remove, terminate, or destroy AWS resources/data."
redshift:DescribeReservedNodeOfferings,Redshift,READ,LOW,2,Primarily reads or inspects AWS state/data.
ec2:DisassociateIamInstanceProfile,EC2,MODIFY,MEDIUM,5,Changes or disables an existing resource/service state.
kms:ListAliases,KMS,READ,LOW,2,Primarily reads or inspects AWS state/data.
redshift:BatchDeleteClusterSnapshots,Redshift,OTHER,MEDIUM,5,Project-defined review required for this operation.
ec2:DeleteTransitGatewayConnectPeer,EC2,DELETE,HIGH,8,"Can remove, terminate, or destroy AWS resources/data."
bedrock:CreateGuardrailVersion,Bedrock,WRITE,MEDIUM,5,Creates or modifies AWS resources or service state.
opensearch:AssociatePackage,OpenSearch,WRITE,MEDIUM,5,Creates or modifies AWS resources or service state.
cognito-idp:ConfirmForgotPassword,Cognito Identity,OTHER,MEDIUM,5,Project-defined review required for this operation.
ec2:ModifyVpcEndpointServicePayerResponsibility,EC2,WRITE,MEDIUM,5,Creates or modifies AWS resources or service state.
apigateway:GetResource,API Gateway,READ,LOW,2,Primarily reads or inspects AWS state/data.
ec2:EnableRouteServerPropagation,EC2,WRITE,MEDIUM,5,Creates or modifies AWS resources or service state.
iam:GetPolicyVersion,IAM,PERMISSION_CHANGE,CRITICAL,10,Can change authorization or grant/restrict permissions.
glue:ImportCatalogToGlue,Glue,WRITE,MEDIUM,5,Creates or modifies AWS resources or service state.
lambda:TagResource,Lambda,TAGGING,LOW,3,Changes resource tags or metadata.
sagemaker:ListSubscribedWorkteams,SageMaker,READ,LOW,2,Primarily reads or inspects AWS state/data.
ec2:CreateNatGateway,EC2,WRITE,MEDIUM,5,Creates or modifies AWS resources or service state.
sns:Publish,SNS,WRITE,MEDIUM,5,Creates or modifies AWS resources or service state.
cognito-idp:ListGroups,Cognito Identity,READ,LOW,2,Primarily reads or inspects AWS state/data.
events:PutRule,EventBridge,WRITE,MEDIUM,5,Creates or modifies AWS resources or service state.
kms:ListKeyPolicies,KMS,READ,LOW,2,Primarily reads or inspects AWS state/data.
ssm:DescribeActivations,Systems Manager,READ,LOW,2,Primarily reads or inspects AWS state/data.
cloudwatch:UntagResource,CloudWatch,TAGGING,LOW,3,Changes resource tags or metadata.
events:PutTargets,EventBridge,WRITE,MEDIUM,5,Creates or modifies AWS resources or service state.
glue:GetMLTaskRun,Glue,READ,LOW,2,Primarily reads or inspects AWS state/data.
eks:DescribeAddon,EKS,READ,LOW,2,Primarily reads or inspects AWS state/data.
sagemaker:ImportHubContent,SageMaker,WRITE,MEDIUM,5,Creates or modifies AWS resources or service state.
firehose:DescribeDeliveryStream,Kinesis Firehose,READ,LOW,2,Primarily reads or inspects AWS state/data.
sagemaker:DescribeFlowDefinition,SageMaker,READ,LOW,2,Primarily reads or inspects AWS state/data.
rds:RestoreDBInstanceFromDBSnapshot,RDS,WRITE,MEDIUM,5,Creates or modifies AWS resources or service state.
cognito-idp:CreateTerms,Cognito Identity,WRITE,MEDIUM,5,Creates or modifies AWS resources or service state.
firehose:UntagDeliveryStream,Kinesis Firehose,TAGGING,LOW,3,Changes resource tags or metadata.
ec2:CreateCustomerGateway,EC2,WRITE,MEDIUM,5,Creates or modifies AWS resources or service state.
lambda:DeleteFunctionCodeSigningConfig,Lambda,DELETE,HIGH,8,"Can remove, terminate, or destroy AWS resources/data."
iam:EnableOrganizationsRootSessions,IAM,WRITE,MEDIUM,5,Creates or modifies AWS resources or service state.
apigatewayv2:DeleteModel,API Gateway V2,DELETE,HIGH,8,"Can remove, terminate, or destroy AWS resources/data."
apigateway:CreateResource,API Gateway,WRITE,MEDIUM,5,Creates or modifies AWS resources or service state.
ec2:CreateDefaultVpc,EC2,WRITE,MEDIUM,5,Creates or modifies AWS resources or service state.
ec2:DescribeMacHosts,EC2,READ,LOW,2,Primarily reads or inspects AWS state/data.
route53:ChangeResourceRecordSets,Route 53,WRITE,MEDIUM,5,Creates or modifies AWS resources or service state.
kms:ImportKeyMaterial,KMS,WRITE,MEDIUM,5,Creates or modifies AWS resources or service state.
rds:CancelExportTask,RDS,MODIFY,MEDIUM,5,Changes or disables an existing resource/service state.
cognito-idp:UpdateManagedLoginBranding,Cognito Identity,WRITE,MEDIUM,5,Creates or modifies AWS resources or service state.
cloudformation:ListStackRefactors,CloudFormation,READ,LOW,2,Primarily reads or inspects AWS state/data.
cognito-idp:AdminSetUserMFAPreference,Cognito Identity,OTHER,MEDIUM,5,Project-defined review required for this operation.
route53:ListCidrLocations,Route 53,READ,LOW,2,Primarily reads or inspects AWS state/data.
ec2:DisableCapacityManager,EC2,MODIFY,MEDIUM,5,Changes or disables an existing resource/service state.
athena:DeleteDataCatalog,Athena,DELETE,HIGH,8,"Can remove, terminate, or destroy AWS resources/data."
iam:DeleteSSHPublicKey,IAM,DELETE,HIGH,8,"Can remove, terminate, or destroy AWS resources/data."
apigateway:DeleteVpcLink,API Gateway,DELETE,HIGH,8,"Can remove, terminate, or destroy AWS resources/data."
ecs:DescribeClusters,ECS,READ,LOW,2,Primarily reads or inspects AWS state/data.
apigateway:GetIntegrationResponse,API Gateway,READ,LOW,2,Primarily reads or inspects AWS state/data.
ec2:DescribeCoipPools,EC2,READ,LOW,2,Primarily reads or inspects AWS state/data.
comprehend:ListTagsForResource,Comprehend,READ,LOW,2,Primarily reads or inspects AWS state/data.
ecr:UntagResource,ECR,TAGGING,LOW,3,Changes resource tags or metadata.
opensearch:UpdatePackageScope,OpenSearch,WRITE,MEDIUM,5,Creates or modifies AWS resources or service state.
ec2:DeleteVerifiedAccessInstance,EC2,DELETE,HIGH,8,"Can remove, terminate, or destroy AWS resources/data."
glue:GetEntityRecords,Glue,READ,LOW,2,Primarily reads or inspects AWS state/data.
glue:StartCrawlerSchedule,Glue,WRITE,MEDIUM,5,Creates or modifies AWS resources or service state.
ec2:CreateEgressOnlyInternetGateway,EC2,WRITE,MEDIUM,5,Creates or modifies AWS resources or service state.
apigateway:GetDomainName,API Gateway,READ,LOW,2,Primarily reads or inspects AWS state/data.
rds:DescribeDBEngineVersions,RDS,READ,LOW,2,Primarily reads or inspects AWS state/data.
bedrock:ListModelImportJobs,Bedrock,READ,LOW,2,Primarily reads or inspects AWS state/data.
cloudwatch:DeleteInsightRules,CloudWatch,DELETE,HIGH,8,"Can remove, terminate, or destroy AWS resources/data."
cloudwatch:ListDashboards,CloudWatch,READ,LOW,2,Primarily reads or inspects AWS state/data.
sagemaker:DescribeMonitoringSchedule,SageMaker,READ,LOW,2,Primarily reads or inspects AWS state/data.
rds:DescribeReservedDBInstancesOfferings,RDS,READ,LOW,2,Primarily reads or inspects AWS state/data.
cloudformation:ImportStacksToStackSet,CloudFormation,WRITE,MEDIUM,5,Creates or modifies AWS resources or service state.
redshift:DescribeScheduledActions,Redshift,READ,LOW,2,Primarily reads or inspects AWS state/data.
autoscaling:DescribeLoadBalancerTargetGroups,Auto Scaling,READ,LOW,2,Primarily reads or inspects AWS state/data.
lambda:ListFunctionEventInvokeConfigs,Lambda,READ,LOW,2,Primarily reads or inspects AWS state/data.
ec2:DescribeSpotPriceHistory,EC2,READ,LOW,2,Primarily reads or inspects AWS state/data.
sagemaker:DescribePipeline,SageMaker,READ,LOW,2,Primarily reads or inspects AWS state/data.
logs:DescribeAccountPolicies,CloudWatch Logs,READ,LOW,2,Primarily reads or inspects AWS state/data.
ec2:CreateVpcEncryptionControl,EC2,WRITE,MEDIUM,5,Creates or modifies AWS resources or service state.
athena:CreateCapacityReservation,Athena,WRITE,MEDIUM,5,Creates or modifies AWS resources or service state.
ec2:DescribeVerifiedAccessGroups,EC2,READ,LOW,2,Primarily reads or inspects AWS state/data.
ec2:DescribeInstanceTopology,EC2,READ,LOW,2,Primarily reads or inspects AWS state/data.
rds:DeleteDBParameterGroup,RDS,DELETE,HIGH,8,"Can remove, terminate, or destroy AWS resources/data."
eks:UpdateClusterVersion,EKS,WRITE,MEDIUM,5,Creates or modifies AWS resources or service state.
ec2:ReplaceImageCriteriaInAllowedImagesSettings,EC2,OTHER,MEDIUM,5,Project-defined review required for this operation.
logs:CreateLogGroup,CloudWatch Logs,WRITE,MEDIUM,5,Creates or modifies AWS resources or service state.
bedrock:DeleteCustomModel,Bedrock,DELETE,HIGH,8,"Can remove, terminate, or destroy AWS resources/data."
kms:Encrypt,KMS,OTHER,MEDIUM,5,Project-defined review required for this operation.
ecr:DeregisterPullTimeUpdateExclusion,ECR,OTHER,MEDIUM,5,Project-defined review required for this operation.
cognito-idp:CompleteWebAuthnRegistration,Cognito Identity,OTHER,MEDIUM,5,Project-defined review required for this operation.
ec2:DescribeTrafficMirrorFilters,EC2,READ,LOW,2,Primarily reads or inspects AWS state/data.
ssm:UpdateServiceSetting,Systems Manager,WRITE,MEDIUM,5,Creates or modifies AWS resources or service state.
logs:DescribeConfigurationTemplates,CloudWatch Logs,READ,LOW,2,Primarily reads or inspects AWS state/data.
comprehend:StopPiiEntitiesDetectionJob,Comprehend,MODIFY,MEDIUM,5,Changes or disables an existing resource/service state.
redshift:ResumeCluster,Redshift,OTHER,MEDIUM,5,Project-defined review required for this operation.
glue:BatchDeleteConnection,Glue,OTHER,MEDIUM,5,Project-defined review required for this operation.
cloudformation:CreateStackRefactor,CloudFormation,WRITE,MEDIUM,5,Creates or modifies AWS resources or service state.
ecr:ListTagsForResource,ECR,READ,LOW,2,Primarily reads or inspects AWS state/data.
logs:DeleteTransformer,CloudWatch Logs,DELETE,HIGH,8,"Can remove, terminate, or destroy AWS resources/data."
ec2:GetCapacityReservationUsage,EC2,READ,LOW,2,Primarily reads or inspects AWS state/data.
autoscaling:AttachTrafficSources,Auto Scaling,WRITE,MEDIUM,5,Creates or modifies AWS resources or service state.
route53:ListQueryLoggingConfigs,Route 53,READ,LOW,2,Primarily reads or inspects AWS state/data.
logs:ListLogAnomalyDetectors,CloudWatch Logs,READ,LOW,2,Primarily reads or inspects AWS state/data.
cognito-idp:CreateUserPool,Cognito Identity,IDENTITY,HIGH,9,"Can create, modify, or remove an identity or credential."
autoscaling:DescribeAutoScalingInstances,Auto Scaling,READ,LOW,2,Primarily reads or inspects AWS state/data.
glue:GetCatalog,Glue,READ,LOW,2,Primarily reads or inspects AWS state/data.
opensearch:UpdateApplication,OpenSearch,WRITE,MEDIUM,5,Creates or modifies AWS resources or service state.
sagemaker:ListLabelingJobsForWorkteam,SageMaker,READ,LOW,2,Primarily reads or inspects AWS state/data.
ec2:CreateSnapshot,EC2,WRITE,MEDIUM,5,Creates or modifies AWS resources or service state.
ec2:DescribeIpamResourceDiscoveryAssociations,EC2,READ,LOW,2,Primarily reads or inspects AWS state/data.
redshift:ModifyCluster,Redshift,WRITE,MEDIUM,5,Creates or modifies AWS resources or service state.
sagemaker:SearchTrainingPlanOfferings,SageMaker,READ,LOW,2,Primarily reads or inspects AWS state/data.
ec2:CreateNetworkInsightsPath,EC2,WRITE,MEDIUM,5,Creates or modifies AWS resources or service state.
rds:DescribeDBSecurityGroups,RDS,READ,LOW,2,Primarily reads or inspects AWS state/data.
bedrock:GetAdvancedPromptOptimizationJob,Bedrock,READ,LOW,2,Primarily reads or inspects AWS state/data.
ssm:UpdateMaintenanceWindow,Systems Manager,WRITE,MEDIUM,5,Creates or modifies AWS resources or service state.
ec2:DisassociateTrunkInterface,EC2,MODIFY,MEDIUM,5,Changes or disables an existing resource/service state.
sagemaker:ListPipelineExecutions,SageMaker,READ,LOW,2,Primarily reads or inspects AWS state/data.
lambda:DeleteEventSourceMapping,Lambda,DELETE,HIGH,8,"Can remove, terminate, or destroy AWS resources/data."
cognito-idp:AdminUserGlobalSignOut,Cognito Identity,OTHER,MEDIUM,5,Project-defined review required for this operation.
ec2:ModifyIdentityIdFormat,EC2,WRITE,MEDIUM,5,Creates or modifies AWS resources or service state.
iam:PutUserPermissionsBoundary,IAM,PERMISSION_CHANGE,CRITICAL,10,Can change authorization or grant/restrict permissions.
ec2:ModifyManagedPrefixList,EC2,WRITE,MEDIUM,5,Creates or modifies AWS resources or service state.
sts:GetWebIdentityToken,STS,READ,LOW,2,Primarily reads or inspects AWS state/data.
comprehend:BatchDetectDominantLanguage,Comprehend,OTHER,MEDIUM,5,Project-defined review required for this operation.
autoscaling:DetachInstances,Auto Scaling,MODIFY,MEDIUM,5,Changes or disables an existing resource/service state.
ec2:AssociateIpamResourceDiscovery,EC2,WRITE,MEDIUM,5,Creates or modifies AWS resources or service state.
opensearch:ListVpcEndpointAccess,OpenSearch,READ,LOW,2,Primarily reads or inspects AWS state/data.
kinesis:ListStreams,Kinesis,READ,LOW,2,Primarily reads or inspects AWS state/data.
ec2:EnableSnapshotBlockPublicAccess,EC2,WRITE,MEDIUM,5,Creates or modifies AWS resources or service state.
rds:DeleteDBInstance,RDS,DELETE,HIGH,8,"Can remove, terminate, or destroy AWS resources/data."
bedrock:GetAutomatedReasoningPolicyNextScenario,Bedrock,PERMISSION_CHANGE,CRITICAL,10,Can change authorization or grant/restrict permissions.
s3:GetBucketLogging,S3,READ,LOW,2,Primarily reads or inspects AWS state/data.
ecs:StartTask,ECS,WRITE,MEDIUM,5,Creates or modifies AWS resources or service state.
ecs:ListServiceDeployments,ECS,READ,LOW,2,Primarily reads or inspects AWS state/data.
redshift:CreateIntegration,Redshift,WRITE,MEDIUM,5,Creates or modifies AWS resources or service state.
sagemaker:BatchDescribeModelPackage,SageMaker,OTHER,MEDIUM,5,Project-defined review required for this operation.
glue:GetMLTaskRuns,Glue,READ,LOW,2,Primarily reads or inspects AWS state/data.
sagemaker:BatchRebootClusterNodes,SageMaker,OTHER,MEDIUM,5,Project-defined review required for this operation.
ec2:CreateRestoreImageTask,EC2,WRITE,MEDIUM,5,Creates or modifies AWS resources or service state.
cloudwatch:PutMetricData,CloudWatch,WRITE,MEDIUM,5,Creates or modifies AWS resources or service state.
ec2:EnableImageDeregistrationProtection,EC2,WRITE,MEDIUM,5,Creates or modifies AWS resources or service state.
sagemaker:ListModelQualityJobDefinitions,SageMaker,READ,LOW,2,Primarily reads or inspects AWS state/data.
ec2:DescribeTrafficMirrorSessions,EC2,READ,LOW,2,Primarily reads or inspects AWS state/data.
autoscaling:PutScheduledUpdateGroupAction,Auto Scaling,WRITE,MEDIUM,5,Creates or modifies AWS resources or service state.
glue:GetSchemaByDefinition,Glue,READ,LOW,2,Primarily reads or inspects AWS state/data.
ec2:DeleteTransitGatewayVpcAttachment,EC2,DELETE,HIGH,8,"Can remove, terminate, or destroy AWS resources/data."
ec2:RejectVpcPeeringConnection,EC2,OTHER,MEDIUM,5,Project-defined review required for this operation.
apigatewayv2:CreateDomainName,API Gateway V2,WRITE,MEDIUM,5,Creates or modifies AWS resources or service state.
rds:CreateDBSnapshot,RDS,WRITE,MEDIUM,5,Creates or modifies AWS resources or service state.
sagemaker:GetSagemakerServicecatalogPortfolioStatus,SageMaker,READ,LOW,2,Primarily reads or inspects AWS state/data.
eks:CreateCapability,EKS,WRITE,MEDIUM,5,Creates or modifies AWS resources or service state.
comprehend:ListKeyPhrasesDetectionJobs,Comprehend,READ,LOW,2,Primarily reads or inspects AWS state/data.
redshift:DeleteRedshiftIdcApplication,Redshift,DELETE,HIGH,8,"Can remove, terminate, or destroy AWS resources/data."
iam:ListMFADevices,IAM,READ,LOW,2,Primarily reads or inspects AWS state/data.
sagemaker:DeleteWorkforce,SageMaker,DELETE,HIGH,8,"Can remove, terminate, or destroy AWS resources/data."
sagemaker:ListDomains,SageMaker,READ,LOW,2,Primarily reads or inspects AWS state/data.
ecr:GetLifecyclePolicyPreview,ECR,PERMISSION_CHANGE,CRITICAL,10,Can change authorization or grant/restrict permissions.
bedrock:ListCustomModelDeployments,Bedrock,READ,LOW,2,Primarily reads or inspects AWS state/data.
iam:GenerateOrganizationsAccessReport,IAM,OTHER,MEDIUM,5,Project-defined review required for this operation.
dynamodb:Query,DynamoDB,READ,LOW,2,Primarily reads or inspects AWS state/data.
guardduty:DeleteFilter,GuardDuty,DELETE,HIGH,8,"Can remove, terminate, or destroy AWS resources/data."
lambda:CreateFunction,Lambda,WRITE,MEDIUM,5,Creates or modifies AWS resources or service state.
logs:DescribeDeliveries,CloudWatch Logs,READ,LOW,2,Primarily reads or inspects AWS state/data.
bedrock:DeleteInferenceProfile,Bedrock,DELETE,HIGH,8,"Can remove, terminate, or destroy AWS resources/data."
cloudformation:ListResourceScanRelatedResources,CloudFormation,READ,LOW,2,Primarily reads or inspects AWS state/data.
cognito-idp:DescribeUserPoolClient,Cognito Identity,READ,LOW,2,Primarily reads or inspects AWS state/data.
glue:CreateUserDefinedFunction,Glue,IDENTITY,HIGH,9,"Can create, modify, or remove an identity or credential."
rds:DescribeExportTasks,RDS,READ,LOW,2,Primarily reads or inspects AWS state/data.
redshift:ResizeCluster,Redshift,OTHER,MEDIUM,5,Project-defined review required for this operation.
iam:ChangePassword,IAM,WRITE,MEDIUM,5,Creates or modifies AWS resources or service state.
rds:AddTagsToResource,RDS,WRITE,MEDIUM,5,Creates or modifies AWS resources or service state.
glue:GetDataflowGraph,Glue,READ,LOW,2,Primarily reads or inspects AWS state/data.
ec2:MoveCapacityReservationInstances,EC2,WRITE,MEDIUM,5,Creates or modifies AWS resources or service state.
logs:UpdateLookupTable,CloudWatch Logs,WRITE,MEDIUM,5,Creates or modifies AWS resources or service state.
autoscaling:BatchPutScheduledUpdateGroupAction,Auto Scaling,OTHER,MEDIUM,5,Project-defined review required for this operation.
ec2:CreateTags,EC2,WRITE,MEDIUM,5,Creates or modifies AWS resources or service state.
kms:GetKeyRotationStatus,KMS,READ,LOW,2,Primarily reads or inspects AWS state/data.
ec2:CreateReplaceRootVolumeTask,EC2,WRITE,MEDIUM,5,Creates or modifies AWS resources or service state.
events:TagResource,EventBridge,TAGGING,LOW,3,Changes resource tags or metadata.
apigateway:TagResource,API Gateway,TAGGING,LOW,3,Changes resource tags or metadata.
logs:ListIntegrations,CloudWatch Logs,READ,LOW,2,Primarily reads or inspects AWS state/data.
sagemaker:CreateInferenceComponent,SageMaker,WRITE,MEDIUM,5,Creates or modifies AWS resources or service state.
logs:ListLogGroups,CloudWatch Logs,READ,LOW,2,Primarily reads or inspects AWS state/data.
comprehend:DetectTargetedSentiment,Comprehend,OTHER,MEDIUM,5,Project-defined review required for this operation.
rds:SwitchoverGlobalCluster,RDS,OTHER,MEDIUM,5,Project-defined review required for this operation.
bedrock:TagResource,Bedrock,TAGGING,LOW,3,Changes resource tags or metadata.
cloudwatch:DeleteAnomalyDetector,CloudWatch,DELETE,HIGH,8,"Can remove, terminate, or destroy AWS resources/data."
route53:DisableHostedZoneDNSSEC,Route 53,MODIFY,MEDIUM,5,Changes or disables an existing resource/service state.
ec2:SearchTransitGatewayRoutes,EC2,READ,LOW,2,Primarily reads or inspects AWS state/data.
ec2:CreateDelegateMacVolumeOwnershipTask,EC2,WRITE,MEDIUM,5,Creates or modifies AWS resources or service state.
ec2:DeprovisionIpamByoasn,EC2,OTHER,MEDIUM,5,Project-defined review required for this operation.
cloudtrail:ListTags,CloudTrail,READ,LOW,2,Primarily reads or inspects AWS state/data.
s3:CopyObject,S3,WRITE,MEDIUM,5,Creates or modifies AWS resources or service state.
ec2:EnableAllowedImagesSettings,EC2,WRITE,MEDIUM,5,Creates or modifies AWS resources or service state.
sagemaker:ListTrainingJobs,SageMaker,READ,LOW,2,Primarily reads or inspects AWS state/data.
iam:ListOrganizationsFeatures,IAM,READ,LOW,2,Primarily reads or inspects AWS state/data.
cognito-idp:UpdateGroup,Cognito Identity,WRITE,MEDIUM,5,Creates or modifies AWS resources or service state.
redshift:CreateSnapshotSchedule,Redshift,WRITE,MEDIUM,5,Creates or modifies AWS resources or service state.
logs:GetTransformer,CloudWatch Logs,READ,LOW,2,Primarily reads or inspects AWS state/data.
s3:ListBucketInventoryConfigurations,S3,READ,LOW,2,Primarily reads or inspects AWS state/data.
redshift:DescribeClusterVersions,Redshift,READ,LOW,2,Primarily reads or inspects AWS state/data.
events:CreateEndpoint,EventBridge,WRITE,MEDIUM,5,Creates or modifies AWS resources or service state.
glue:CreateDevEndpoint,Glue,WRITE,MEDIUM,5,Creates or modifies AWS resources or service state.
glue:UpdateCatalog,Glue,WRITE,MEDIUM,5,Creates or modifies AWS resources or service state.
ecs:ListContainerInstances,ECS,READ,LOW,2,Primarily reads or inspects AWS state/data.
apigateway:ImportDocumentationParts,API Gateway,WRITE,MEDIUM,5,Creates or modifies AWS resources or service state.
sagemaker:DescribeLineageGroup,SageMaker,READ,LOW,2,Primarily reads or inspects AWS state/data.
cloudwatch:GetOTelEnrichment,CloudWatch,READ,LOW,2,Primarily reads or inspects AWS state/data.
dynamodb:UntagResource,DynamoDB,TAGGING,LOW,3,Changes resource tags or metadata.
lambda:UpdateFunctionConfiguration,Lambda,WRITE,MEDIUM,5,Creates or modifies AWS resources or service state.
ec2:GetGroupsForCapacityReservation,EC2,READ,LOW,2,Primarily reads or inspects AWS state/data.
apigatewayv2:DeleteProductPage,API Gateway V2,DELETE,HIGH,8,"Can remove, terminate, or destroy AWS resources/data."
sagemaker:UpdateArtifact,SageMaker,WRITE,MEDIUM,5,Creates or modifies AWS resources or service state.
sagemaker:ListMlflowTrackingServers,SageMaker,READ,LOW,2,Primarily reads or inspects AWS state/data.
comprehend:DescribeEntityRecognizer,Comprehend,READ,LOW,2,Primarily reads or inspects AWS state/data.
eks:ListInsights,EKS,READ,LOW,2,Primarily reads or inspects AWS state/data.
sagemaker:DeleteClusterSchedulerConfig,SageMaker,DELETE,HIGH,8,"Can remove, terminate, or destroy AWS resources/data."
sqs:TagQueue,SQS,TAGGING,LOW,3,Changes resource tags or metadata.
ssm:ModifyDocumentPermission,Systems Manager,PERMISSION_CHANGE,CRITICAL,10,Can change authorization or grant/restrict permissions.
ec2:DeleteVolume,EC2,DELETE,HIGH,8,"Can remove, terminate, or destroy AWS resources/data."
ec2:DescribeSecondaryInterfaces,EC2,READ,LOW,2,Primarily reads or inspects AWS state/data.
ssm:PutResourcePolicy,Systems Manager,PERMISSION_CHANGE,CRITICAL,10,Can change authorization or grant/restrict permissions.
ec2:EnableImageDeprecation,EC2,WRITE,MEDIUM,5,Creates or modifies AWS resources or service state.
iam:ListUserPolicies,IAM,READ,LOW,2,Primarily reads or inspects AWS state/data.
ecs:SubmitContainerStateChange,ECS,OTHER,MEDIUM,5,Project-defined review required for this operation.
cloudformation:DetectStackSetDrift,CloudFormation,OTHER,MEDIUM,5,Project-defined review required for this operation.
route53:CreateTrafficPolicyInstance,Route 53,PERMISSION_CHANGE,CRITICAL,10,Can change authorization or grant/restrict permissions.
apigateway:DeleteStage,API Gateway,DELETE,HIGH,8,"Can remove, terminate, or destroy AWS resources/data."
ec2:GetTransitGatewayMulticastDomainAssociations,EC2,READ,LOW,2,Primarily reads or inspects AWS state/data.
logs:DeleteDeliveryDestinationPolicy,CloudWatch Logs,PERMISSION_CHANGE,CRITICAL,10,Can change authorization or grant/restrict permissions.
ec2:DisableFastSnapshotRestores,EC2,MODIFY,MEDIUM,5,Changes or disables an existing resource/service state.
comprehend:StartFlywheelIteration,Comprehend,WRITE,MEDIUM,5,Creates or modifies AWS resources or service state.
bedrock:ListPromptRouters,Bedrock,READ,LOW,2,Primarily reads or inspects AWS state/data.
iam:GetSSHPublicKey,IAM,READ,LOW,2,Primarily reads or inspects AWS state/data.
athena:UpdateWorkGroup,Athena,WRITE,MEDIUM,5,Creates or modifies AWS resources or service state.
ssm:RegisterPatchBaselineForPatchGroup,Systems Manager,WRITE,MEDIUM,5,Creates or modifies AWS resources or service state.
s3:DeleteBucketAnalyticsConfiguration,S3,DELETE,HIGH,8,"Can remove, terminate, or destroy AWS resources/data."
opensearch:DescribeOutboundConnections,OpenSearch,READ,LOW,2,Primarily reads or inspects AWS state/data.
ssm:CreateOpsMetadata,Systems Manager,WRITE,MEDIUM,5,Creates or modifies AWS resources or service state.
kinesis:StopStreamEncryption,Kinesis,MODIFY,MEDIUM,5,Changes or disables an existing resource/service state.
sagemaker:DescribeOptimizationJob,SageMaker,READ,LOW,2,Primarily reads or inspects AWS state/data.
cognito-idp:DeleteIdentityProvider,Cognito Identity,DELETE,HIGH,8,"Can remove, terminate, or destroy AWS resources/data."
s3:ListDirectoryBuckets,S3,READ,LOW,2,Primarily reads or inspects AWS state/data.
apigatewayv2:GetIntegration,API Gateway V2,READ,LOW,2,Primarily reads or inspects AWS state/data.
iam:GetHumanReadableSummary,IAM,READ,LOW,2,Primarily reads or inspects AWS state/data.
ec2:DescribeNetworkInsightsPaths,EC2,READ,LOW,2,Primarily reads or inspects AWS state/data.
ec2:CreateCapacityReservation,EC2,WRITE,MEDIUM,5,Creates or modifies AWS resources or service state.
apigatewayv2:CreatePortal,API Gateway V2,WRITE,MEDIUM,5,Creates or modifies AWS resources or service state.
ec2:CreateNetworkAclEntry,EC2,WRITE,MEDIUM,5,Creates or modifies AWS resources or service state.
kms:ListRetirableGrants,KMS,PERMISSION_CHANGE,CRITICAL,10,Can change authorization or grant/restrict permissions.
cognito-idp:AdminRespondToAuthChallenge,Cognito Identity,OTHER,MEDIUM,5,Project-defined review required for this operation.
lambda:PutProvisionedConcurrencyConfig,Lambda,WRITE,MEDIUM,5,Creates or modifies AWS resources or service state.
iam:TagInstanceProfile,IAM,TAGGING,LOW,3,Changes resource tags or metadata.
redshift:ModifyUsageLimit,Redshift,WRITE,MEDIUM,5,Creates or modifies AWS resources or service state.
cloudformation:DetectStackResourceDrift,CloudFormation,OTHER,MEDIUM,5,Project-defined review required for this operation.
bedrock:CreateModelCopyJob,Bedrock,WRITE,MEDIUM,5,Creates or modifies AWS resources or service state.
ec2:AssociateVpcCidrBlock,EC2,WRITE,MEDIUM,5,Creates or modifies AWS resources or service state.
dynamodb:EnableKinesisStreamingDestination,DynamoDB,WRITE,MEDIUM,5,Creates or modifies AWS resources or service state.
ssm:GetParameters,Systems Manager,SECURITY_SENSITIVE,HIGH,8,Can expose or manipulate sensitive security material/access.
apigatewayv2:CreateDeployment,API Gateway V2,WRITE,MEDIUM,5,Creates or modifies AWS resources or service state.
glue:UpdateColumnStatisticsForTable,Glue,WRITE,MEDIUM,5,Creates or modifies AWS resources or service state.
sagemaker:GetScalingConfigurationRecommendation,SageMaker,READ,LOW,2,Primarily reads or inspects AWS state/data.
kinesis:GetShardIterator,Kinesis,READ,LOW,2,Primarily reads or inspects AWS state/data.
ec2:DetachClassicLinkVpc,EC2,MODIFY,MEDIUM,5,Changes or disables an existing resource/service state.
kms:GenerateDataKeyPair,KMS,SECURITY_SENSITIVE,HIGH,8,Can expose or manipulate sensitive security material/access.
ec2:RegisterImage,EC2,WRITE,MEDIUM,5,Creates or modifies AWS resources or service state.
events:UntagResource,EventBridge,TAGGING,LOW,3,Changes resource tags or metadata.
eks:ListAccessEntries,EKS,READ,LOW,2,Primarily reads or inspects AWS state/data.
sagemaker:UpdateClusterSchedulerConfig,SageMaker,WRITE,MEDIUM,5,Creates or modifies AWS resources or service state.
cognito-idp:ConfirmSignUp,Cognito Identity,OTHER,MEDIUM,5,Project-defined review required for this operation.
ec2:CreateFpgaImage,EC2,WRITE,MEDIUM,5,Creates or modifies AWS resources or service state.
ec2:ReplaceTransitGatewayRoute,EC2,OTHER,MEDIUM,5,Project-defined review required for this operation.
ec2:DescribeClientVpnEndpoints,EC2,READ,LOW,2,Primarily reads or inspects AWS state/data.
ec2:DisableAddressTransfer,EC2,MODIFY,MEDIUM,5,Changes or disables an existing resource/service state.
kms:GetPublicKey,KMS,READ,LOW,2,Primarily reads or inspects AWS state/data.
glue:DeleteConnectionType,Glue,DELETE,HIGH,8,"Can remove, terminate, or destroy AWS resources/data."
ssm:GetOpsItem,Systems Manager,READ,LOW,2,Primarily reads or inspects AWS state/data.
ssm:CreateAssociation,Systems Manager,WRITE,MEDIUM,5,Creates or modifies AWS resources or service state.
ssm:DeleteOpsItem,Systems Manager,DELETE,HIGH,8,"Can remove, terminate, or destroy AWS resources/data."
logs:CancelImportTask,CloudWatch Logs,MODIFY,MEDIUM,5,Changes or disables an existing resource/service state.
ec2:ModifyIpamPrefixListResolverTarget,EC2,WRITE,MEDIUM,5,Creates or modifies AWS resources or service state.
ec2:StartInstances,EC2,WRITE,MEDIUM,5,Creates or modifies AWS resources or service state.
ec2:DescribeIpamScopes,EC2,READ,LOW,2,Primarily reads or inspects AWS state/data.
iam:UntagPolicy,IAM,PERMISSION_CHANGE,CRITICAL,10,Can change authorization or grant/restrict permissions.
ec2:GetImageAncestry,EC2,READ,LOW,2,Primarily reads or inspects AWS state/data.
ec2:DescribeAggregateIdFormat,EC2,READ,LOW,2,Primarily reads or inspects AWS state/data.
rds:DeleteBlueGreenDeployment,RDS,DELETE,HIGH,8,"Can remove, terminate, or destroy AWS resources/data."
ec2:ApplySecurityGroupsToClientVpnTargetNetwork,EC2,OTHER,MEDIUM,5,Project-defined review required for this operation.
s3:PutBucketCors,S3,WRITE,MEDIUM,5,Creates or modifies AWS resources or service state.
cloudformation:ListImports,CloudFormation,READ,LOW,2,Primarily reads or inspects AWS state/data.
ecr:DescribeRepositories,ECR,READ,LOW,2,Primarily reads or inspects AWS state/data.
redshift:ModifyEndpointAccess,Redshift,WRITE,MEDIUM,5,Creates or modifies AWS resources or service state.
glue:UpdateTrigger,Glue,WRITE,MEDIUM,5,Creates or modifies AWS resources or service state.
cloudformation:DescribeAccountLimits,CloudFormation,READ,LOW,2,Primarily reads or inspects AWS state/data.
opensearch:DeleteIndex,OpenSearch,DELETE,HIGH,8,"Can remove, terminate, or destroy AWS resources/data."
guardduty:CreateIPSet,GuardDuty,WRITE,MEDIUM,5,Creates or modifies AWS resources or service state.
eks:DescribeAccessEntry,EKS,READ,LOW,2,Primarily reads or inspects AWS state/data.
cloudtrail:StartLogging,CloudTrail,WRITE,MEDIUM,5,Creates or modifies AWS resources or service state.
rds:StopDBCluster,RDS,MODIFY,MEDIUM,5,Changes or disables an existing resource/service state.
ecr:PutImageScanningConfiguration,ECR,WRITE,MEDIUM,5,Creates or modifies AWS resources or service state.
glue:CancelDataQualityRulesetEvaluationRun,Glue,MODIFY,MEDIUM,5,Changes or disables an existing resource/service state.
ec2:ModifyVerifiedAccessTrustProvider,EC2,WRITE,MEDIUM,5,Creates or modifies AWS resources or service state.
redshift:UpdatePartnerStatus,Redshift,WRITE,MEDIUM,5,Creates or modifies AWS resources or service state.
cognito-idp:AdminEnableUser,Cognito Identity,OTHER,MEDIUM,5,Project-defined review required for this operation.
logs:PutIntegration,CloudWatch Logs,WRITE,MEDIUM,5,Creates or modifies AWS resources or service state.
sagemaker:ListModelCardVersions,SageMaker,READ,LOW,2,Primarily reads or inspects AWS state/data.
guardduty:UpdateTrustedEntitySet,GuardDuty,WRITE,MEDIUM,5,Creates or modifies AWS resources or service state.
events:DeletePartnerEventSource,EventBridge,DELETE,HIGH,8,"Can remove, terminate, or destroy AWS resources/data."
glue:CreateJob,Glue,WRITE,MEDIUM,5,Creates or modifies AWS resources or service state.
ec2:RevokeSecurityGroupIngress,EC2,PERMISSION_CHANGE,CRITICAL,10,Can change authorization or grant/restrict permissions.
cloudformation:ListGeneratedTemplates,CloudFormation,READ,LOW,2,Primarily reads or inspects AWS state/data.
redshift:DescribeClusterParameterGroups,Redshift,READ,LOW,2,Primarily reads or inspects AWS state/data.
ssm:ListNodesSummary,Systems Manager,READ,LOW,2,Primarily reads or inspects AWS state/data.
apigateway:GetUsagePlanKeys,API Gateway,READ,LOW,2,Primarily reads or inspects AWS state/data.
cloudformation:DeactivateType,CloudFormation,MODIFY,MEDIUM,5,Changes or disables an existing resource/service state.
cloudtrail:CancelQuery,CloudTrail,MODIFY,MEDIUM,5,Changes or disables an existing resource/service state.
sagemaker:ListTrainingJobsForHyperParameterTuningJob,SageMaker,READ,LOW,2,Primarily reads or inspects AWS state/data.
glue:GetCatalogs,Glue,READ,LOW,2,Primarily reads or inspects AWS state/data.
ec2:DescribeTrafficMirrorTargets,EC2,READ,LOW,2,Primarily reads or inspects AWS state/data.
cognito-idp:ListDevices,Cognito Identity,READ,LOW,2,Primarily reads or inspects AWS state/data.
glue:DeleteJob,Glue,DELETE,HIGH,8,"Can remove, terminate, or destroy AWS resources/data."
kinesis:PutResourcePolicy,Kinesis,PERMISSION_CHANGE,CRITICAL,10,Can change authorization or grant/restrict permissions.
lambda:GetFunctionConcurrency,Lambda,READ,LOW,2,Primarily reads or inspects AWS state/data.
cloudformation:RegisterPublisher,CloudFormation,WRITE,MEDIUM,5,Creates or modifies AWS resources or service state.
opensearch:DescribeVpcEndpoints,OpenSearch,READ,LOW,2,Primarily reads or inspects AWS state/data.
sagemaker:CreatePresignedNotebookInstanceUrl,SageMaker,WRITE,MEDIUM,5,Creates or modifies AWS resources or service state.
ec2:DescribeServiceLinkVirtualInterfaces,EC2,READ,LOW,2,Primarily reads or inspects AWS state/data.
sqs:ListQueues,SQS,READ,LOW,2,Primarily reads or inspects AWS state/data.
iam:UpdateOpenIDConnectProviderThumbprint,IAM,WRITE,MEDIUM,5,Creates or modifies AWS resources or service state.
guardduty:GetFindings,GuardDuty,READ,LOW,2,Primarily reads or inspects AWS state/data.
dynamodb:TagResource,DynamoDB,TAGGING,LOW,3,Changes resource tags or metadata.
athena:ListCalculationExecutions,Athena,READ,LOW,2,Primarily reads or inspects AWS state/data.
guardduty:GetMasterAccount,GuardDuty,READ,LOW,2,Primarily reads or inspects AWS state/data.
rds:ListTagsForResource,RDS,READ,LOW,2,Primarily reads or inspects AWS state/data.
s3:PutBucketTagging,S3,WRITE,MEDIUM,5,Creates or modifies AWS resources or service state.
cloudwatch:DescribeAlarmHistory,CloudWatch,READ,LOW,2,Primarily reads or inspects AWS state/data.
sagemaker:DescribeModelPackage,SageMaker,READ,LOW,2,Primarily reads or inspects AWS state/data.
glue:GetSchema,Glue,READ,LOW,2,Primarily reads or inspects AWS state/data.
rds:ResetDBClusterParameterGroup,RDS,OTHER,MEDIUM,5,Project-defined review required for this operation.
sagemaker:DescribeNotebookInstanceLifecycleConfig,SageMaker,READ,LOW,2,Primarily reads or inspects AWS state/data.
apigateway:DeleteApiKey,API Gateway,DELETE,HIGH,8,"Can remove, terminate, or destroy AWS resources/data."
guardduty:UpdatePublishingDestination,GuardDuty,WRITE,MEDIUM,5,Creates or modifies AWS resources or service state.
apigateway:GetAuthorizer,API Gateway,PERMISSION_CHANGE,CRITICAL,10,Can change authorization or grant/restrict permissions.
kinesis:DescribeStreamSummary,Kinesis,READ,LOW,2,Primarily reads or inspects AWS state/data.
ec2:CreateVerifiedAccessGroup,EC2,WRITE,MEDIUM,5,Creates or modifies AWS resources or service state.
lambda:GetLayerVersion,Lambda,READ,LOW,2,Primarily reads or inspects AWS state/data.
ec2:GetCapacityManagerMetricDimensions,EC2,READ,LOW,2,Primarily reads or inspects AWS state/data.
ssm:UpdateOpsItem,Systems Manager,WRITE,MEDIUM,5,Creates or modifies AWS resources or service state.
iam:AttachGroupPolicy,IAM,PERMISSION_CHANGE,CRITICAL,10,Can change authorization or grant/restrict permissions.
glue:GetUnfilteredTableMetadata,Glue,READ,LOW,2,Primarily reads or inspects AWS state/data.
cloudformation:ListStackRefactorActions,CloudFormation,READ,LOW,2,Primarily reads or inspects AWS state/data.
redshift:RejectDataShare,Redshift,OTHER,MEDIUM,5,Project-defined review required for this operation.
redshift:DeleteSnapshotCopyGrant,Redshift,PERMISSION_CHANGE,CRITICAL,10,Can change authorization or grant/restrict permissions.
autoscaling:DetachTrafficSources,Auto Scaling,MODIFY,MEDIUM,5,Changes or disables an existing resource/service state.
lambda:CreateEventSourceMapping,Lambda,WRITE,MEDIUM,5,Creates or modifies AWS resources or service state.
guardduty:StartMonitoringMembers,GuardDuty,WRITE,MEDIUM,5,Creates or modifies AWS resources or service state.
cloudtrail:StopEventDataStoreIngestion,CloudTrail,MODIFY,MEDIUM,5,Changes or disables an existing resource/service state.
glue:GetDevEndpoint,Glue,READ,LOW,2,Primarily reads or inspects AWS state/data.
comprehend:ListDatasets,Comprehend,READ,LOW,2,Primarily reads or inspects AWS state/data.
guardduty:GetMemberDetectors,GuardDuty,READ,LOW,2,Primarily reads or inspects AWS state/data.
sagemaker:StopInferenceRecommendationsJob,SageMaker,MODIFY,MEDIUM,5,Changes or disables an existing resource/service state.
cognito-idp:DeleteUserPoolClient,Cognito Identity,IDENTITY,HIGH,9,"Can create, modify, or remove an identity or credential."
ec2:ModifyTrafficMirrorFilterRule,EC2,WRITE,MEDIUM,5,Creates or modifies AWS resources or service state.
sagemaker:CreateCluster,SageMaker,WRITE,MEDIUM,5,Creates or modifies AWS resources or service state.
sagemaker:ListCompilationJobs,SageMaker,READ,LOW,2,Primarily reads or inspects AWS state/data.
sqs:SendMessage,SQS,WRITE,MEDIUM,5,Creates or modifies AWS resources or service state.
redshift:DescribeTags,Redshift,READ,LOW,2,Primarily reads or inspects AWS state/data.
ec2:DeleteTransitGatewayRoute,EC2,DELETE,HIGH,8,"Can remove, terminate, or destroy AWS resources/data."
bedrock:GetInferenceProfile,Bedrock,READ,LOW,2,Primarily reads or inspects AWS state/data.
rds:ModifyDBProxy,RDS,WRITE,MEDIUM,5,Creates or modifies AWS resources or service state.
apigateway:GetUsage,API Gateway,READ,LOW,2,Primarily reads or inspects AWS state/data.
ec2:DescribeSecurityGroups,EC2,READ,LOW,2,Primarily reads or inspects AWS state/data.
kinesis:RegisterStreamConsumer,Kinesis,WRITE,MEDIUM,5,Creates or modifies AWS resources or service state.
ecs:ListTaskDefinitionFamilies,ECS,READ,LOW,2,Primarily reads or inspects AWS state/data.
cloudwatch:PutMetricAlarm,CloudWatch,WRITE,MEDIUM,5,Creates or modifies AWS resources or service state.
ec2:CreateLaunchTemplateVersion,EC2,WRITE,MEDIUM,5,Creates or modifies AWS resources or service state.
cloudwatch:EnableAlarmActions,CloudWatch,WRITE,MEDIUM,5,Creates or modifies AWS resources or service state.
sagemaker:BatchAddClusterNodes,SageMaker,OTHER,MEDIUM,5,Project-defined review required for this operation.
ec2:GetVerifiedAccessGroupPolicy,EC2,PERMISSION_CHANGE,CRITICAL,10,Can change authorization or grant/restrict permissions.
sns:GetPlatformApplicationAttributes,SNS,READ,LOW,2,Primarily reads or inspects AWS state/data.
autoscaling:BatchDeleteScheduledAction,Auto Scaling,OTHER,MEDIUM,5,Project-defined review required for this operation.
ecr:DeleteSigningConfiguration,ECR,DELETE,HIGH,8,"Can remove, terminate, or destroy AWS resources/data."
cloudformation:ListStackSetOperations,CloudFormation,READ,LOW,2,Primarily reads or inspects AWS state/data.
s3:HeadBucket,S3,READ,LOW,2,Primarily reads or inspects AWS state/data.
sagemaker:CreateAIRecommendationJob,SageMaker,WRITE,MEDIUM,5,Creates or modifies AWS resources or service state.
ec2:DeleteNetworkInsightsAccessScope,EC2,DELETE,HIGH,8,"Can remove, terminate, or destroy AWS resources/data."
ec2:DescribeVpcEndpointServicePermissions,EC2,PERMISSION_CHANGE,CRITICAL,10,Can change authorization or grant/restrict permissions.
ec2:DescribeInstanceTypeOfferings,EC2,READ,LOW,2,Primarily reads or inspects AWS state/data.
ssm:GetResourcePolicies,Systems Manager,READ,LOW,2,Primarily reads or inspects AWS state/data.
sagemaker:DescribeModelBiasJobDefinition,SageMaker,READ,LOW,2,Primarily reads or inspects AWS state/data.
apigatewayv2:DeletePortal,API Gateway V2,DELETE,HIGH,8,"Can remove, terminate, or destroy AWS resources/data."
events:CreateArchive,EventBridge,WRITE,MEDIUM,5,Creates or modifies AWS resources or service state.
ec2:AcceptVpcPeeringConnection,EC2,OTHER,MEDIUM,5,Project-defined review required for this operation.
ec2:DescribeLocalGateways,EC2,READ,LOW,2,Primarily reads or inspects AWS state/data.
rds:StartDBInstanceAutomatedBackupsReplication,RDS,WRITE,MEDIUM,5,Creates or modifies AWS resources or service state.
cloudwatch:StartOTelEnrichment,CloudWatch,WRITE,MEDIUM,5,Creates or modifies AWS resources or service state.
lambda:InvokeFunction,lambda,WRITE,MEDIUM,5,Invokes a Lambda function and can trigger application logic or downstream actions.
sagemaker:UpdateWorkforce,SageMaker,WRITE,MEDIUM,5,Creates or modifies AWS resources or service state.
glue:DeleteCatalog,Glue,DELETE,HIGH,8,"Can remove, terminate, or destroy AWS resources/data."
autoscaling:DescribeLaunchConfigurations,Auto Scaling,READ,LOW,2,Primarily reads or inspects AWS state/data.
sagemaker:DescribePipelineDefinitionForExecution,SageMaker,READ,LOW,2,Primarily reads or inspects AWS state/data.
redshift:DescribeIntegrations,Redshift,READ,LOW,2,Primarily reads or inspects AWS state/data.
eks:CreateAddon,EKS,WRITE,MEDIUM,5,Creates or modifies AWS resources or service state.
ec2:DisableAwsNetworkPerformanceMetricSubscription,EC2,MODIFY,MEDIUM,5,Changes or disables an existing resource/service state.
redshift:DescribeDataShares,Redshift,READ,LOW,2,Primarily reads or inspects AWS state/data.
glue:TestConnection,Glue,OTHER,MEDIUM,5,Project-defined review required for this operation.
ec2:CreateTransitGatewayMeteringPolicyEntry,EC2,PERMISSION_CHANGE,CRITICAL,10,Can change authorization or grant/restrict permissions.
bedrock:DeleteImportedModel,Bedrock,DELETE,HIGH,8,"Can remove, terminate, or destroy AWS resources/data."
logs:DescribeExportTasks,CloudWatch Logs,READ,LOW,2,Primarily reads or inspects AWS state/data.
route53:UpdateHostedZoneFeatures,Route 53,WRITE,MEDIUM,5,Creates or modifies AWS resources or service state.
ec2:DeleteSubnetCidrReservation,EC2,DELETE,HIGH,8,"Can remove, terminate, or destroy AWS resources/data."
bedrock:CreateAutomatedReasoningPolicyTestCase,Bedrock,PERMISSION_CHANGE,CRITICAL,10,Can change authorization or grant/restrict permissions.
cloudwatch:StartMetricStreams,CloudWatch,WRITE,MEDIUM,5,Creates or modifies AWS resources or service state.
dynamodb:BatchExecuteStatement,DynamoDB,OTHER,MEDIUM,5,Project-defined review required for this operation.
glue:GetWorkflowRunProperties,Glue,READ,LOW,2,Primarily reads or inspects AWS state/data.
ec2:DescribeClassicLinkInstances,EC2,READ,LOW,2,Primarily reads or inspects AWS state/data.
ec2:AcceptVpcEndpointConnections,EC2,OTHER,MEDIUM,5,Project-defined review required for this operation.
apigateway:DeleteDomainName,API Gateway,DELETE,HIGH,8,"Can remove, terminate, or destroy AWS resources/data."
ec2:DeregisterTransitGatewayMulticastGroupMembers,EC2,OTHER,MEDIUM,5,Project-defined review required for this operation.
ec2:CreateTransitGatewayRouteTableAnnouncement,EC2,WRITE,MEDIUM,5,Creates or modifies AWS resources or service state.
sagemaker:CreateEdgePackagingJob,SageMaker,WRITE,MEDIUM,5,Creates or modifies AWS resources or service state.
sagemaker:DescribeModelQualityJobDefinition,SageMaker,READ,LOW,2,Primarily reads or inspects AWS state/data.
sagemaker:CreateEdgeDeploymentStage,SageMaker,WRITE,MEDIUM,5,Creates or modifies AWS resources or service state.
s3:UpdateBucketMetadataJournalTableConfiguration,S3,WRITE,MEDIUM,5,Creates or modifies AWS resources or service state.
sagemaker:DeleteTags,SageMaker,DELETE,HIGH,8,"Can remove, terminate, or destroy AWS resources/data."
cloudwatch:ListMetrics,CloudWatch,READ,LOW,2,Primarily reads or inspects AWS state/data.
ec2:ModifySecurityGroupRules,EC2,WRITE,MEDIUM,5,Creates or modifies AWS resources or service state.
ec2:DeleteFlowLogs,EC2,DELETE,HIGH,8,"Can remove, terminate, or destroy AWS resources/data."
apigatewayv2:ExportApi,API Gateway V2,WRITE,MEDIUM,5,Creates or modifies AWS resources or service state.
eks:UpdateClusterConfig,EKS,WRITE,MEDIUM,5,Creates or modifies AWS resources or service state.
ec2:CreateRouteServerEndpoint,EC2,WRITE,MEDIUM,5,Creates or modifies AWS resources or service state.
ec2:CreateLocalGatewayVirtualInterfaceGroup,EC2,WRITE,MEDIUM,5,Creates or modifies AWS resources or service state.
ec2:CancelConversionTask,EC2,MODIFY,MEDIUM,5,Changes or disables an existing resource/service state.
apigatewayv2:DeleteIntegrationResponse,API Gateway V2,DELETE,HIGH,8,"Can remove, terminate, or destroy AWS resources/data."
iam:SendDelegationToken,IAM,WRITE,MEDIUM,5,Creates or modifies AWS resources or service state.
route53:ListTrafficPolicyInstancesByPolicy,Route 53,PERMISSION_CHANGE,CRITICAL,10,Can change authorization or grant/restrict permissions.
comprehend:DescribeDocumentClassificationJob,Comprehend,READ,LOW,2,Primarily reads or inspects AWS state/data.
redshift:GetReservedNodeExchangeOfferings,Redshift,READ,LOW,2,Primarily reads or inspects AWS state/data.
sagemaker:ListInferenceExperiments,SageMaker,READ,LOW,2,Primarily reads or inspects AWS state/data.
s3:GetBucketAccelerateConfiguration,S3,READ,LOW,2,Primarily reads or inspects AWS state/data.
ec2:DeleteFpgaImage,EC2,DELETE,HIGH,8,"Can remove, terminate, or destroy AWS resources/data."
guardduty:UpdateMemberDetectors,GuardDuty,WRITE,MEDIUM,5,Creates or modifies AWS resources or service state.
glue:DeleteClassifier,Glue,DELETE,HIGH,8,"Can remove, terminate, or destroy AWS resources/data."
glue:DeleteColumnStatisticsForPartition,Glue,DELETE,HIGH,8,"Can remove, terminate, or destroy AWS resources/data."
rds:CreateEventSubscription,RDS,WRITE,MEDIUM,5,Creates or modifies AWS resources or service state.
rds:ModifyDBClusterParameterGroup,RDS,WRITE,MEDIUM,5,Creates or modifies AWS resources or service state.
iam:EnableMFADevice,IAM,WRITE,MEDIUM,5,Creates or modifies AWS resources or service state.
ec2:CreateInterruptibleCapacityReservationAllocation,EC2,WRITE,MEDIUM,5,Creates or modifies AWS resources or service state.
bedrock:CreateAdvancedPromptOptimizationJob,Bedrock,WRITE,MEDIUM,5,Creates or modifies AWS resources or service state.
lambda:GetFunctionCodeSigningConfig,Lambda,READ,LOW,2,Primarily reads or inspects AWS state/data.
ecs:PutAccountSettingDefault,ECS,WRITE,MEDIUM,5,Creates or modifies AWS resources or service state.
sagemaker:ListHubContentVersions,SageMaker,READ,LOW,2,Primarily reads or inspects AWS state/data.
guardduty:ListFilters,GuardDuty,READ,LOW,2,Primarily reads or inspects AWS state/data.
ec2:DescribeFastLaunchImages,EC2,READ,LOW,2,Primarily reads or inspects AWS state/data.
redshift:GetIdentityCenterAuthToken,Redshift,READ,LOW,2,Primarily reads or inspects AWS state/data.
dynamodb:DescribeLimits,DynamoDB,READ,LOW,2,Primarily reads or inspects AWS state/data.
ec2:ImportImage,EC2,WRITE,MEDIUM,5,Creates or modifies AWS resources or service state.
sagemaker:CreateApp,SageMaker,WRITE,MEDIUM,5,Creates or modifies AWS resources or service state.
sagemaker:DeleteNotebookInstance,SageMaker,DELETE,HIGH,8,"Can remove, terminate, or destroy AWS resources/data."
ec2:GetIpamPoolCidrs,EC2,READ,LOW,2,Primarily reads or inspects AWS state/data.
s3:CreateBucket,S3,WRITE,MEDIUM,5,Creates or modifies AWS resources or service state.
ec2:AssignPrivateNatGatewayAddress,EC2,OTHER,MEDIUM,5,Project-defined review required for this operation.
glue:DeleteColumnStatisticsTaskSettings,Glue,DELETE,HIGH,8,"Can remove, terminate, or destroy AWS resources/data."
lambda:GetEventSourceMapping,Lambda,READ,LOW,2,Primarily reads or inspects AWS state/data.
ec2:DescribeIpams,EC2,READ,LOW,2,Primarily reads or inspects AWS state/data.
sagemaker:DescribeDevice,SageMaker,READ,LOW,2,Primarily reads or inspects AWS state/data.
guardduty:UpdateDetector,GuardDuty,WRITE,MEDIUM,5,Creates or modifies AWS resources or service state.
ssm:DescribeEffectivePatchesForPatchBaseline,Systems Manager,READ,LOW,2,Primarily reads or inspects AWS state/data.
autoscaling:SetDesiredCapacity,Auto Scaling,WRITE,MEDIUM,5,Creates or modifies AWS resources or service state.
sagemaker:CreateWorkteam,SageMaker,WRITE,MEDIUM,5,Creates or modifies AWS resources or service state.
guardduty:UpdateMalwareProtectionPlan,GuardDuty,WRITE,MEDIUM,5,Creates or modifies AWS resources or service state.
sagemaker:ListArtifacts,SageMaker,READ,LOW,2,Primarily reads or inspects AWS state/data.
apigatewayv2:CreateRouteResponse,API Gateway V2,WRITE,MEDIUM,5,Creates or modifies AWS resources or service state.
ec2:ModifyLaunchTemplate,EC2,WRITE,MEDIUM,5,Creates or modifies AWS resources or service state.
sagemaker:UpdateModelPackage,SageMaker,WRITE,MEDIUM,5,Creates or modifies AWS resources or service state.
redshift:DeleteUsageLimit,Redshift,DELETE,HIGH,8,"Can remove, terminate, or destroy AWS resources/data."
ssm:ListCommandInvocations,Systems Manager,READ,LOW,2,Primarily reads or inspects AWS state/data.
glue:GetPartition,Glue,READ,LOW,2,Primarily reads or inspects AWS state/data.
ec2:DeleteInternetGateway,EC2,DELETE,HIGH,8,"Can remove, terminate, or destroy AWS resources/data."
rds:DescribeDBClusterParameters,RDS,READ,LOW,2,Primarily reads or inspects AWS state/data.
lambda:PutRuntimeManagementConfig,Lambda,WRITE,MEDIUM,5,Creates or modifies AWS resources or service state.
bedrock:ListAdvancedPromptOptimizationJobs,Bedrock,READ,LOW,2,Primarily reads or inspects AWS state/data.
glue:GetWorkflow,Glue,READ,LOW,2,Primarily reads or inspects AWS state/data.
sagemaker:CreatePartnerApp,SageMaker,WRITE,MEDIUM,5,Creates or modifies AWS resources or service state.
ec2:GetSubnetCidrReservations,EC2,READ,LOW,2,Primarily reads or inspects AWS state/data.
cloudformation:ListResourceScanResources,CloudFormation,READ,LOW,2,Primarily reads or inspects AWS state/data.
eks:DeleteEksAnywhereSubscription,EKS,DELETE,HIGH,8,"Can remove, terminate, or destroy AWS resources/data."
ec2:AssociateTransitGatewayRouteTable,EC2,WRITE,MEDIUM,5,Creates or modifies AWS resources or service state.
kinesis:UpdateStreamMode,Kinesis,WRITE,MEDIUM,5,Creates or modifies AWS resources or service state.
route53:DeleteKeySigningKey,Route 53,DELETE,HIGH,8,"Can remove, terminate, or destroy AWS resources/data."
sagemaker:DescribeAlgorithm,SageMaker,READ,LOW,2,Primarily reads or inspects AWS state/data.
ssm:ListComplianceSummaries,Systems Manager,READ,LOW,2,Primarily reads or inspects AWS state/data.
apigatewayv2:GetDomainNames,API Gateway V2,READ,LOW,2,Primarily reads or inspects AWS state/data.
ssm:ListOpsItemEvents,Systems Manager,READ,LOW,2,Primarily reads or inspects AWS state/data.
sagemaker:ListComputeQuotas,SageMaker,READ,LOW,2,Primarily reads or inspects AWS state/data.
bedrock:StopModelInvocationJob,Bedrock,MODIFY,MEDIUM,5,Changes or disables an existing resource/service state.
glue:GetJob,Glue,READ,LOW,2,Primarily reads or inspects AWS state/data.
ec2:GetIpamDiscoveredPublicAddresses,EC2,READ,LOW,2,Primarily reads or inspects AWS state/data.
ssm:GetDocument,Systems Manager,READ,LOW,2,Primarily reads or inspects AWS state/data.
athena:BatchGetPreparedStatement,Athena,READ,LOW,2,Primarily reads or inspects AWS state/data.
athena:GetCalculationExecutionCode,Athena,READ,LOW,2,Primarily reads or inspects AWS state/data.
autoscaling:PutNotificationConfiguration,Auto Scaling,WRITE,MEDIUM,5,Creates or modifies AWS resources or service state.
cloudformation:TestType,CloudFormation,OTHER,MEDIUM,5,Project-defined review required for this operation.
events:ListEventSources,EventBridge,READ,LOW,2,Primarily reads or inspects AWS state/data.
s3:GetBucketLifecycleConfiguration,S3,READ,LOW,2,Primarily reads or inspects AWS state/data.
ssm:GetMaintenanceWindowExecutionTask,Systems Manager,READ,LOW,2,Primarily reads or inspects AWS state/data.
ssm:GetDefaultPatchBaseline,Systems Manager,READ,LOW,2,Primarily reads or inspects AWS state/data.
kms:DisconnectCustomKeyStore,KMS,OTHER,MEDIUM,5,Project-defined review required for this operation.
ec2:ResetFpgaImageAttribute,EC2,OTHER,MEDIUM,5,Project-defined review required for this operation.
rds:CopyDBClusterParameterGroup,RDS,WRITE,MEDIUM,5,Creates or modifies AWS resources or service state.
events:ListRules,EventBridge,READ,LOW,2,Primarily reads or inspects AWS state/data.
ecr:GetRepositoryPolicy,ECR,PERMISSION_CHANGE,CRITICAL,10,Can change authorization or grant/restrict permissions.
redshift:DeleteCustomDomainAssociation,Redshift,DELETE,HIGH,8,"Can remove, terminate, or destroy AWS resources/data."
ec2:CreateTransitGatewayMulticastDomain,EC2,WRITE,MEDIUM,5,Creates or modifies AWS resources or service state.
glue:CreateCustomEntityType,Glue,WRITE,MEDIUM,5,Creates or modifies AWS resources or service state.
ssm:DeleteResourcePolicy,Systems Manager,PERMISSION_CHANGE,CRITICAL,10,Can change authorization or grant/restrict permissions.
apigateway:UpdateGatewayResponse,API Gateway,WRITE,MEDIUM,5,Creates or modifies AWS resources or service state.
glue:GetJobRuns,Glue,READ,LOW,2,Primarily reads or inspects AWS state/data.
cognito-idp:ListTerms,Cognito Identity,READ,LOW,2,Primarily reads or inspects AWS state/data.
glue:CreateDatabase,Glue,WRITE,MEDIUM,5,Creates or modifies AWS resources or service state.
ec2:DescribeVerifiedAccessInstances,EC2,READ,LOW,2,Primarily reads or inspects AWS state/data.
dynamodb:UpdateTable,DynamoDB,WRITE,MEDIUM,5,Creates or modifies AWS resources or service state.
ecr:StartImageScan,ECR,WRITE,MEDIUM,5,Creates or modifies AWS resources or service state.
lambda:DeleteAlias,Lambda,DELETE,HIGH,8,"Can remove, terminate, or destroy AWS resources/data."
lambda:ListCapacityProviders,Lambda,READ,LOW,2,Primarily reads or inspects AWS state/data.
logs:GetLogObject,CloudWatch Logs,READ,LOW,2,Primarily reads or inspects AWS state/data.
s3:GetObjectAcl,S3,READ,LOW,2,Primarily reads or inspects AWS state/data.
glue:DeleteTableVersion,Glue,DELETE,HIGH,8,"Can remove, terminate, or destroy AWS resources/data."
logs:DescribeIndexPolicies,CloudWatch Logs,READ,LOW,2,Primarily reads or inspects AWS state/data.
redshift:DisassociateDataShareConsumer,Redshift,MODIFY,MEDIUM,5,Changes or disables an existing resource/service state.
bedrock:GetAutomatedReasoningPolicy,Bedrock,PERMISSION_CHANGE,CRITICAL,10,Can change authorization or grant/restrict permissions.
sagemaker:DescribeEndpointConfig,SageMaker,READ,LOW,2,Primarily reads or inspects AWS state/data.
ecs:ListServicesByNamespace,ECS,READ,LOW,2,Primarily reads or inspects AWS state/data.
sagemaker:CreateAIWorkloadConfig,SageMaker,WRITE,MEDIUM,5,Creates or modifies AWS resources or service state.
ec2:DescribeScheduledInstances,EC2,READ,LOW,2,Primarily reads or inspects AWS state/data.
redshift:ModifyLakehouseConfiguration,Redshift,WRITE,MEDIUM,5,Creates or modifies AWS resources or service state.
ec2:RejectTransitGatewayClientVpnAttachment,EC2,OTHER,MEDIUM,5,Project-defined review required for this operation.
cloudformation:DeleteChangeSet,CloudFormation,DELETE,HIGH,8,"Can remove, terminate, or destroy AWS resources/data."
redshift:AuthorizeClusterSecurityGroupIngress,Redshift,PERMISSION_CHANGE,CRITICAL,10,Can change authorization or grant/restrict permissions.
ec2:CreateImage,EC2,WRITE,MEDIUM,5,Creates or modifies AWS resources or service state.
bedrock:StopEvaluationJob,Bedrock,MODIFY,MEDIUM,5,Changes or disables an existing resource/service state.
eks:DeleteAddon,EKS,DELETE,HIGH,8,"Can remove, terminate, or destroy AWS resources/data."
route53:UpdateTrafficPolicyInstance,Route 53,PERMISSION_CHANGE,CRITICAL,10,Can change authorization or grant/restrict permissions.
iam:AttachUserPolicy,IAM,PERMISSION_CHANGE,CRITICAL,10,Can change authorization or grant/restrict permissions.
guardduty:GetAdministratorAccount,GuardDuty,READ,LOW,2,Primarily reads or inspects AWS state/data.
events:EnableRule,EventBridge,WRITE,MEDIUM,5,Creates or modifies AWS resources or service state.
rds:ModifyOptionGroup,RDS,WRITE,MEDIUM,5,Creates or modifies AWS resources or service state.
sagemaker:DescribeComputeQuota,SageMaker,READ,LOW,2,Primarily reads or inspects AWS state/data.
comprehend:StopTargetedSentimentDetectionJob,Comprehend,MODIFY,MEDIUM,5,Changes or disables an existing resource/service state.
cloudtrail:StartQuery,CloudTrail,WRITE,MEDIUM,5,Creates or modifies AWS resources or service state.
logs:TestMetricFilter,CloudWatch Logs,OTHER,MEDIUM,5,Project-defined review required for this operation.
iam:UpdateGroup,IAM,WRITE,MEDIUM,5,Creates or modifies AWS resources or service state.
opensearch:UpgradeDomain,OpenSearch,OTHER,MEDIUM,5,Project-defined review required for this operation.
rds:DeleteDBShardGroup,RDS,DELETE,HIGH,8,"Can remove, terminate, or destroy AWS resources/data."
sagemaker:DescribeAIBenchmarkJob,SageMaker,READ,LOW,2,Primarily reads or inspects AWS state/data.
glue:StartCrawler,Glue,WRITE,MEDIUM,5,Creates or modifies AWS resources or service state.
autoscaling:DescribeAutoScalingNotificationTypes,Auto Scaling,READ,LOW,2,Primarily reads or inspects AWS state/data.
dynamodb:UpdateKinesisStreamingDestination,DynamoDB,WRITE,MEDIUM,5,Creates or modifies AWS resources or service state.
route53:UpdateTrafficPolicyComment,Route 53,PERMISSION_CHANGE,CRITICAL,10,Can change authorization or grant/restrict permissions.
autoscaling:ExitStandby,Auto Scaling,OTHER,MEDIUM,5,Project-defined review required for this operation.
iam:UploadSigningCertificate,IAM,OTHER,MEDIUM,5,Project-defined review required for this operation.
ec2:DescribeScheduledInstanceAvailability,EC2,READ,LOW,2,Primarily reads or inspects AWS state/data.
apigatewayv2:UntagResource,API Gateway V2,TAGGING,LOW,3,Changes resource tags or metadata.
apigateway:UpdateStage,API Gateway,WRITE,MEDIUM,5,Creates or modifies AWS resources or service state.
ec2:DescribeLockedSnapshots,EC2,READ,LOW,2,Primarily reads or inspects AWS state/data.
route53:GetTrafficPolicyInstance,Route 53,PERMISSION_CHANGE,CRITICAL,10,Can change authorization or grant/restrict permissions.
cloudformation:ListStackSetAutoDeploymentTargets,CloudFormation,READ,LOW,2,Primarily reads or inspects AWS state/data.
eks:DescribeAddonConfiguration,EKS,READ,LOW,2,Primarily reads or inspects AWS state/data.
secretsmanager:TagResource,Secrets Manager,TAGGING,LOW,3,Changes resource tags or metadata.
guardduty:DeleteMembers,GuardDuty,DELETE,HIGH,8,"Can remove, terminate, or destroy AWS resources/data."
iam:UpdateAccessKey,IAM,IDENTITY,HIGH,9,"Can create, modify, or remove an identity or credential."
comprehend:UpdateFlywheel,Comprehend,WRITE,MEDIUM,5,Creates or modifies AWS resources or service state.
s3:PutObjectRetention,S3,WRITE,MEDIUM,5,Creates or modifies AWS resources or service state.
kms:UpdateAlias,KMS,WRITE,MEDIUM,5,Creates or modifies AWS resources or service state.
apigateway:GetRequestValidator,API Gateway,READ,LOW,2,Primarily reads or inspects AWS state/data.
ecr:ListPullTimeUpdateExclusions,ECR,READ,LOW,2,Primarily reads or inspects AWS state/data.
glue:CreateSecurityConfiguration,Glue,WRITE,MEDIUM,5,Creates or modifies AWS resources or service state.
iam:AddClientIDToOpenIDConnectProvider,IAM,WRITE,MEDIUM,5,Creates or modifies AWS resources or service state.
eks:UpdateNodegroupVersion,EKS,WRITE,MEDIUM,5,Creates or modifies AWS resources or service state.
logs:DescribeDeliveryDestinations,CloudWatch Logs,READ,LOW,2,Primarily reads or inspects AWS state/data.
s3:GetBucketMetricsConfiguration,S3,READ,LOW,2,Primarily reads or inspects AWS state/data.
cloudwatch:PutDashboard,CloudWatch,WRITE,MEDIUM,5,Creates or modifies AWS resources or service state.
autoscaling:DeleteLaunchConfiguration,Auto Scaling,DELETE,HIGH,8,"Can remove, terminate, or destroy AWS resources/data."
guardduty:GetIPSet,GuardDuty,READ,LOW,2,Primarily reads or inspects AWS state/data.
sqs:SendMessageBatch,SQS,WRITE,MEDIUM,5,Creates or modifies AWS resources or service state.
ec2:CancelBundleTask,EC2,MODIFY,MEDIUM,5,Changes or disables an existing resource/service state.
bedrock:UpdateProvisionedModelThroughput,Bedrock,WRITE,MEDIUM,5,Creates or modifies AWS resources or service state.
bedrock:ListFoundationModelAgreementOffers,Bedrock,READ,LOW,2,Primarily reads or inspects AWS state/data.
dynamodb:PutResourcePolicy,DynamoDB,PERMISSION_CHANGE,CRITICAL,10,Can change authorization or grant/restrict permissions.
cognito-idp:DeleteTerms,Cognito Identity,DELETE,HIGH,8,"Can remove, terminate, or destroy AWS resources/data."
ec2:CreateTransitGatewayPolicyTable,EC2,PERMISSION_CHANGE,CRITICAL,10,Can change authorization or grant/restrict permissions.
redshift:ModifyClusterMaintenance,Redshift,WRITE,MEDIUM,5,Creates or modifies AWS resources or service state.
ec2:AcceptAddressTransfer,EC2,OTHER,MEDIUM,5,Project-defined review required for this operation.
cloudtrail:ListInsightsMetricData,CloudTrail,READ,LOW,2,Primarily reads or inspects AWS state/data.
comprehend:DescribeDocumentClassifier,Comprehend,READ,LOW,2,Primarily reads or inspects AWS state/data.
glue:GetJobBookmark,Glue,READ,LOW,2,Primarily reads or inspects AWS state/data.
cloudwatch:GetAlarmMuteRule,CloudWatch,READ,LOW,2,Primarily reads or inspects AWS state/data.
ec2:DescribeSecurityGroupReferences,EC2,READ,LOW,2,Primarily reads or inspects AWS state/data.
ec2:RunInstances,EC2,WRITE,MEDIUM,5,Creates or modifies AWS resources or service state.
redshift:GetReservedNodeExchangeConfigurationOptions,Redshift,READ,LOW,2,Primarily reads or inspects AWS state/data.
glue:DescribeInboundIntegrations,Glue,READ,LOW,2,Primarily reads or inspects AWS state/data.
ec2:UpdateCapacityManagerOrganizationsAccess,EC2,WRITE,MEDIUM,5,Creates or modifies AWS resources or service state.
sagemaker:ListPipelineExecutionSteps,SageMaker,READ,LOW,2,Primarily reads or inspects AWS state/data.
sagemaker:ListMonitoringSchedules,SageMaker,READ,LOW,2,Primarily reads or inspects AWS state/data.
guardduty:GetUsageStatistics,GuardDuty,READ,LOW,2,Primarily reads or inspects AWS state/data.
cognito-idp:AdminAddUserToGroup,Cognito Identity,OTHER,MEDIUM,5,Project-defined review required for this operation.
glue:UpdateSchema,Glue,WRITE,MEDIUM,5,Creates or modifies AWS resources or service state.
iam:UntagSAMLProvider,IAM,TAGGING,LOW,3,Changes resource tags or metadata.
dynamodb:ImportTable,DynamoDB,WRITE,MEDIUM,5,Creates or modifies AWS resources or service state.
redshift:CreateEndpointAccess,Redshift,WRITE,MEDIUM,5,Creates or modifies AWS resources or service state.
sagemaker:AssociateTrialComponent,SageMaker,WRITE,MEDIUM,5,Creates or modifies AWS resources or service state.
sagemaker:DeleteSpace,SageMaker,DELETE,HIGH,8,"Can remove, terminate, or destroy AWS resources/data."
guardduty:DeleteInvitations,GuardDuty,DELETE,HIGH,8,"Can remove, terminate, or destroy AWS resources/data."
ec2:CreateVpc,EC2,WRITE,MEDIUM,5,Creates or modifies AWS resources or service state.
sagemaker:AddAssociation,SageMaker,WRITE,MEDIUM,5,Creates or modifies AWS resources or service state.
redshift:DescribeDataSharesForConsumer,Redshift,READ,LOW,2,Primarily reads or inspects AWS state/data.
apigatewayv2:CreateModel,API Gateway V2,WRITE,MEDIUM,5,Creates or modifies AWS resources or service state.
comprehend:StartEntitiesDetectionJob,Comprehend,WRITE,MEDIUM,5,Creates or modifies AWS resources or service state.
ecr:PutLifecyclePolicy,ECR,PERMISSION_CHANGE,CRITICAL,10,Can change authorization or grant/restrict permissions.
eks:DescribeClusterVersions,EKS,READ,LOW,2,Primarily reads or inspects AWS state/data.
sagemaker:DescribeTrainingPlan,SageMaker,READ,LOW,2,Primarily reads or inspects AWS state/data.
apigateway:DeleteMethodResponse,API Gateway,DELETE,HIGH,8,"Can remove, terminate, or destroy AWS resources/data."
ec2:DisableFastLaunch,EC2,MODIFY,MEDIUM,5,Changes or disables an existing resource/service state.
cloudwatch:ListManagedInsightRules,CloudWatch,READ,LOW,2,Primarily reads or inspects AWS state/data.
eks:ListClusters,EKS,READ,LOW,2,Primarily reads or inspects AWS state/data.
guardduty:ListMembers,GuardDuty,READ,LOW,2,Primarily reads or inspects AWS state/data.
iam:GetServiceLastAccessedDetails,IAM,READ,LOW,2,Primarily reads or inspects AWS state/data.
events:ListTagsForResource,EventBridge,READ,LOW,2,Primarily reads or inspects AWS state/data.
secretsmanager:ListSecretVersionIds,Secrets Manager,READ,LOW,2,Primarily reads or inspects AWS state/data.
ssm:CreateActivation,Systems Manager,WRITE,MEDIUM,5,Creates or modifies AWS resources or service state.
cognito-idp:AdminSetUserSettings,Cognito Identity,OTHER,MEDIUM,5,Project-defined review required for this operation.
redshift:RevokeSnapshotAccess,Redshift,PERMISSION_CHANGE,CRITICAL,10,Can change authorization or grant/restrict permissions.
glue:GetTables,Glue,READ,LOW,2,Primarily reads or inspects AWS state/data.
cloudformation:SetStackPolicy,CloudFormation,PERMISSION_CHANGE,CRITICAL,10,Can change authorization or grant/restrict permissions.
guardduty:UpdateMalwareScanSettings,GuardDuty,WRITE,MEDIUM,5,Creates or modifies AWS resources or service state.
cognito-idp:ConfirmDevice,Cognito Identity,OTHER,MEDIUM,5,Project-defined review required for this operation.
ec2:CancelReservedInstancesListing,EC2,MODIFY,MEDIUM,5,Changes or disables an existing resource/service state.
ec2:AttachVpnGateway,EC2,WRITE,MEDIUM,5,Creates or modifies AWS resources or service state.
rds:DeleteTenantDatabase,RDS,DELETE,HIGH,8,"Can remove, terminate, or destroy AWS resources/data."
opensearch:DescribeInstanceTypeLimits,OpenSearch,READ,LOW,2,Primarily reads or inspects AWS state/data.
rds:CopyDBSnapshot,RDS,WRITE,MEDIUM,5,Creates or modifies AWS resources or service state.
cognito-idp:CreateUserPoolDomain,Cognito Identity,IDENTITY,HIGH,9,"Can create, modify, or remove an identity or credential."
comprehend:DetectKeyPhrases,Comprehend,OTHER,MEDIUM,5,Project-defined review required for this operation.
autoscaling:EnterStandby,Auto Scaling,OTHER,MEDIUM,5,Project-defined review required for this operation.
sagemaker:ListProjects,SageMaker,READ,LOW,2,Primarily reads or inspects AWS state/data.
ec2:DescribeClientVpnRoutes,EC2,READ,LOW,2,Primarily reads or inspects AWS state/data.
apigateway:GetDeployment,API Gateway,READ,LOW,2,Primarily reads or inspects AWS state/data.
sagemaker:CreateOptimizationJob,SageMaker,WRITE,MEDIUM,5,Creates or modifies AWS resources or service state.
cloudtrail:SearchSampleQueries,CloudTrail,READ,LOW,2,Primarily reads or inspects AWS state/data.
rds:ModifyCustomDBEngineVersion,RDS,WRITE,MEDIUM,5,Creates or modifies AWS resources or service state.
ec2:DescribePublicIpv4Pools,EC2,READ,LOW,2,Primarily reads or inspects AWS state/data.
dynamodb:ExecuteTransaction,DynamoDB,WRITE,MEDIUM,5,Creates or modifies AWS resources or service state.
ec2:DescribeSecondarySubnets,EC2,READ,LOW,2,Primarily reads or inspects AWS state/data.
s3:GetPublicAccessBlock,S3,READ,LOW,2,Primarily reads or inspects AWS state/data.
athena:ListNotebookMetadata,Athena,READ,LOW,2,Primarily reads or inspects AWS state/data.
s3:ListBucketMetricsConfigurations,S3,READ,LOW,2,Primarily reads or inspects AWS state/data.
ecs:RegisterDaemonTaskDefinition,ECS,WRITE,MEDIUM,5,Creates or modifies AWS resources or service state.
ec2:GetCapacityManagerMetricData,EC2,READ,LOW,2,Primarily reads or inspects AWS state/data.
lambda:DeleteLayerVersion,Lambda,DELETE,HIGH,8,"Can remove, terminate, or destroy AWS resources/data."
ec2:AttachInternetGateway,EC2,WRITE,MEDIUM,5,Creates or modifies AWS resources or service state.
redshift:ModifyCustomDomainAssociation,Redshift,WRITE,MEDIUM,5,Creates or modifies AWS resources or service state.
cloudformation:CreateStack,CloudFormation,WRITE,MEDIUM,5,Creates or modifies AWS resources or service state.
autoscaling:DeleteNotificationConfiguration,Auto Scaling,DELETE,HIGH,8,"Can remove, terminate, or destroy AWS resources/data."
events:ListEventBuses,EventBridge,READ,LOW,2,Primarily reads or inspects AWS state/data.
ecr:GetRegistryScanningConfiguration,ECR,READ,LOW,2,Primarily reads or inspects AWS state/data.
logs:TestTransformer,CloudWatch Logs,OTHER,MEDIUM,5,Project-defined review required for this operation.
iam:GetSAMLProvider,IAM,READ,LOW,2,Primarily reads or inspects AWS state/data.
ec2:StartVpcEndpointServicePrivateDnsVerification,EC2,WRITE,MEDIUM,5,Creates or modifies AWS resources or service state.
rds:RestoreDBInstanceToPointInTime,RDS,WRITE,MEDIUM,5,Creates or modifies AWS resources or service state.
ec2:DescribeLocalGatewayVirtualInterfaceGroups,EC2,READ,LOW,2,Primarily reads or inspects AWS state/data.
glue:StopCrawlerSchedule,Glue,MODIFY,MEDIUM,5,Changes or disables an existing resource/service state.
apigatewayv2:PublishPortal,API Gateway V2,WRITE,MEDIUM,5,Creates or modifies AWS resources or service state.
cognito-idp:SignUp,Cognito Identity,OTHER,MEDIUM,5,Project-defined review required for this operation.
ec2:DeleteVpnConcentrator,EC2,DELETE,HIGH,8,"Can remove, terminate, or destroy AWS resources/data."
apigateway:DeleteRestApi,API Gateway,DELETE,HIGH,8,"Can remove, terminate, or destroy AWS resources/data."
ec2:ModifyInstanceEventWindow,EC2,WRITE,MEDIUM,5,Creates or modifies AWS resources or service state.
ec2:DescribeInstanceEventNotificationAttributes,EC2,READ,LOW,2,Primarily reads or inspects AWS state/data.
athena:GetCapacityReservation,Athena,READ,LOW,2,Primarily reads or inspects AWS state/data.
sagemaker:DeleteModelCard,SageMaker,DELETE,HIGH,8,"Can remove, terminate, or destroy AWS resources/data."
sagemaker:DescribeProcessingJob,SageMaker,READ,LOW,2,Primarily reads or inspects AWS state/data.
ec2:RejectVpcEndpointConnections,EC2,OTHER,MEDIUM,5,Project-defined review required for this operation.
ec2:DisableSerialConsoleAccess,EC2,MODIFY,MEDIUM,5,Changes or disables an existing resource/service state.
cloudformation:DescribeGeneratedTemplate,CloudFormation,READ,LOW,2,Primarily reads or inspects AWS state/data.
opensearch:RegisterCapability,OpenSearch,WRITE,MEDIUM,5,Creates or modifies AWS resources or service state.
ecs:ContinueServiceDeployment,ECS,OTHER,MEDIUM,5,Project-defined review required for this operation.
ec2:DescribePlacementGroups,EC2,READ,LOW,2,Primarily reads or inspects AWS state/data.
apigatewayv2:UpdatePortalProduct,API Gateway V2,WRITE,MEDIUM,5,Creates or modifies AWS resources or service state.
sagemaker:DescribeAutoMLJobV2,SageMaker,READ,LOW,2,Primarily reads or inspects AWS state/data.
rds:DescribeDBProxies,RDS,READ,LOW,2,Primarily reads or inspects AWS state/data.
iam:DeleteRolePermissionsBoundary,IAM,PERMISSION_CHANGE,CRITICAL,10,Can change authorization or grant/restrict permissions.
ec2:DescribeCapacityReservationFleets,EC2,READ,LOW,2,Primarily reads or inspects AWS state/data.
ecr:PutReplicationConfiguration,ECR,WRITE,MEDIUM,5,Creates or modifies AWS resources or service state.
s3:PutBucketAcl,S3,WRITE,MEDIUM,5,Creates or modifies AWS resources or service state.
comprehend:StartKeyPhrasesDetectionJob,Comprehend,WRITE,MEDIUM,5,Creates or modifies AWS resources or service state.
ssm:DescribeMaintenanceWindowExecutionTasks,Systems Manager,READ,LOW,2,Primarily reads or inspects AWS state/data.
eks:DeleteFargateProfile,EKS,DELETE,HIGH,8,"Can remove, terminate, or destroy AWS resources/data."
cloudtrail:ListChannels,CloudTrail,READ,LOW,2,Primarily reads or inspects AWS state/data.
ec2:DescribeClientVpnTargetNetworks,EC2,READ,LOW,2,Primarily reads or inspects AWS state/data.
route53:GetCheckerIpRanges,Route 53,READ,LOW,2,Primarily reads or inspects AWS state/data.
sns:GetSMSSandboxAccountStatus,SNS,READ,LOW,2,Primarily reads or inspects AWS state/data.
sagemaker:StopProcessingJob,SageMaker,MODIFY,MEDIUM,5,Changes or disables an existing resource/service state.
rds:DeleteDBClusterAutomatedBackup,RDS,DELETE,HIGH,8,"Can remove, terminate, or destroy AWS resources/data."
cloudformation:StopStackSetOperation,CloudFormation,MODIFY,MEDIUM,5,Changes or disables an existing resource/service state.
athena:DeleteCapacityReservation,Athena,DELETE,HIGH,8,"Can remove, terminate, or destroy AWS resources/data."
guardduty:GetMalwareProtectionPlan,GuardDuty,READ,LOW,2,Primarily reads or inspects AWS state/data.
cloudwatch:EnableInsightRules,CloudWatch,WRITE,MEDIUM,5,Creates or modifies AWS resources or service state.
logs:DeleteLookupTable,CloudWatch Logs,DELETE,HIGH,8,"Can remove, terminate, or destroy AWS resources/data."
route53:ListTrafficPolicyInstances,Route 53,PERMISSION_CHANGE,CRITICAL,10,Can change authorization or grant/restrict permissions.
ec2:ImportKeyPair,EC2,WRITE,MEDIUM,5,Creates or modifies AWS resources or service state.
rds:DescribeDBClusterAutomatedBackups,RDS,READ,LOW,2,Primarily reads or inspects AWS state/data.
kms:RetireGrant,KMS,PERMISSION_CHANGE,CRITICAL,10,Can change authorization or grant/restrict permissions.
sagemaker:CreateMonitoringSchedule,SageMaker,WRITE,MEDIUM,5,Creates or modifies AWS resources or service state.
ec2:EnableFastLaunch,EC2,WRITE,MEDIUM,5,Creates or modifies AWS resources or service state.
eks:UpdateNodegroupConfig,EKS,WRITE,MEDIUM,5,Creates or modifies AWS resources or service state.
sagemaker:DeleteStudioLifecycleConfig,SageMaker,DELETE,HIGH,8,"Can remove, terminate, or destroy AWS resources/data."
ec2:DeletePublicIpv4Pool,EC2,DELETE,HIGH,8,"Can remove, terminate, or destroy AWS resources/data."
sagemaker:RetryPipelineExecution,SageMaker,OTHER,MEDIUM,5,Project-defined review required for this operation.
ec2:ModifyIpamPrefixListResolver,EC2,WRITE,MEDIUM,5,Creates or modifies AWS resources or service state.
ec2:DescribeVpcPeeringConnections,EC2,READ,LOW,2,Primarily reads or inspects AWS state/data.
cloudformation:ExecuteChangeSet,CloudFormation,WRITE,MEDIUM,5,Creates or modifies AWS resources or service state.
ec2:CreateIpamPrefixListResolver,EC2,WRITE,MEDIUM,5,Creates or modifies AWS resources or service state.
logs:DescribeQueryDefinitions,CloudWatch Logs,READ,LOW,2,Primarily reads or inspects AWS state/data.
ec2:DescribeImportImageTasks,EC2,READ,LOW,2,Primarily reads or inspects AWS state/data.
ec2:ReplaceNetworkAclEntry,EC2,OTHER,MEDIUM,5,Project-defined review required for this operation.
s3:PutBucketLifecycle,S3,WRITE,MEDIUM,5,Creates or modifies AWS resources or service state.
s3:PutBucketLifecycleConfiguration,S3,WRITE,MEDIUM,5,Creates or modifies AWS resources or service state.
ecr:CreateRepository,ECR,WRITE,MEDIUM,5,Creates or modifies AWS resources or service state.
redshift:RestoreTableFromClusterSnapshot,Redshift,WRITE,MEDIUM,5,Creates or modifies AWS resources or service state.
sagemaker:UpdatePipeline,SageMaker,WRITE,MEDIUM,5,Creates or modifies AWS resources or service state.
sagemaker:UpdateEndpointWeightsAndCapacities,SageMaker,WRITE,MEDIUM,5,Creates or modifies AWS resources or service state.
sagemaker:DeleteOptimizationJob,SageMaker,DELETE,HIGH,8,"Can remove, terminate, or destroy AWS resources/data."
lambda:CheckpointDurableExecution,Lambda,READ,LOW,2,Primarily reads or inspects AWS state/data.
guardduty:ListMalwareProtectionPlans,GuardDuty,READ,LOW,2,Primarily reads or inspects AWS state/data.
iam:AcceptDelegationRequest,IAM,OTHER,MEDIUM,5,Project-defined review required for this operation.
apigateway:UpdateDomainName,API Gateway,WRITE,MEDIUM,5,Creates or modifies AWS resources or service state.
ec2:DeleteIpamPrefixListResolver,EC2,DELETE,HIGH,8,"Can remove, terminate, or destroy AWS resources/data."
apigatewayv2:ListProductPages,API Gateway V2,READ,LOW,2,Primarily reads or inspects AWS state/data.
sagemaker:CreateInferenceExperiment,SageMaker,WRITE,MEDIUM,5,Creates or modifies AWS resources or service state.
bedrock:GetUseCaseForModelAccess,Bedrock,READ,LOW,2,Primarily reads or inspects AWS state/data.
events:DeleteRule,EventBridge,DELETE,HIGH,8,"Can remove, terminate, or destroy AWS resources/data."
rds:SwitchoverBlueGreenDeployment,RDS,OTHER,MEDIUM,5,Project-defined review required for this operation.
ec2:ResetSnapshotAttribute,EC2,OTHER,MEDIUM,5,Project-defined review required for this operation.
opensearch:DescribeDomainConfig,OpenSearch,READ,LOW,2,Primarily reads or inspects AWS state/data.
opensearch:ListVpcEndpoints,OpenSearch,READ,LOW,2,Primarily reads or inspects AWS state/data.
opensearch:DescribeDomainHealth,OpenSearch,READ,LOW,2,Primarily reads or inspects AWS state/data.
ec2:CreateVpcEndpointConnectionNotification,EC2,WRITE,MEDIUM,5,Creates or modifies AWS resources or service state.
athena:GetNotebookMetadata,Athena,READ,LOW,2,Primarily reads or inspects AWS state/data.
comprehend:BatchDetectSyntax,Comprehend,OTHER,MEDIUM,5,Project-defined review required for this operation.
ec2:DeleteClientVpnEndpoint,EC2,DELETE,HIGH,8,"Can remove, terminate, or destroy AWS resources/data."
rds:ModifyDBClusterEndpoint,RDS,WRITE,MEDIUM,5,Creates or modifies AWS resources or service state.
apigatewayv2:GetRoutes,API Gateway V2,READ,LOW,2,Primarily reads or inspects AWS state/data.
kinesis:PutRecords,Kinesis,WRITE,MEDIUM,5,Creates or modifies AWS resources or service state.
ecs:UpdateTaskSet,ECS,WRITE,MEDIUM,5,Creates or modifies AWS resources or service state.
apigateway:GetVpcLink,API Gateway,READ,LOW,2,Primarily reads or inspects AWS state/data.
cloudformation:GetStackPolicy,CloudFormation,PERMISSION_CHANGE,CRITICAL,10,Can change authorization or grant/restrict permissions.
lambda:GetAccountSettings,Lambda,READ,LOW,2,Primarily reads or inspects AWS state/data.
dynamodb:DescribeKinesisStreamingDestination,DynamoDB,READ,LOW,2,Primarily reads or inspects AWS state/data.
ec2:CreateCapacityReservationFleet,EC2,WRITE,MEDIUM,5,Creates or modifies AWS resources or service state.
sagemaker:DeleteHubContent,SageMaker,DELETE,HIGH,8,"Can remove, terminate, or destroy AWS resources/data."
ec2:StartNetworkInsightsAccessScopeAnalysis,EC2,WRITE,MEDIUM,5,Creates or modifies AWS resources or service state.
sagemaker:UpdateUserProfile,SageMaker,IDENTITY,HIGH,9,"Can create, modify, or remove an identity or credential."
dynamodb:CreateBackup,DynamoDB,WRITE,MEDIUM,5,Creates or modifies AWS resources or service state.
apigateway:CreateDeployment,API Gateway,WRITE,MEDIUM,5,Creates or modifies AWS resources or service state.
cloudtrail:UpdateDashboard,CloudTrail,WRITE,MEDIUM,5,Creates or modifies AWS resources or service state.
apigatewayv2:DeleteVpcLink,API Gateway V2,DELETE,HIGH,8,"Can remove, terminate, or destroy AWS resources/data."
cloudformation:ListStacks,CloudFormation,READ,LOW,2,Primarily reads or inspects AWS state/data.
cognito-idp:ListTagsForResource,Cognito Identity,READ,LOW,2,Primarily reads or inspects AWS state/data.
kms:DeleteImportedKeyMaterial,KMS,DELETE,HIGH,8,"Can remove, terminate, or destroy AWS resources/data."
ec2:DescribeVpcClassicLinkDnsSupport,EC2,READ,LOW,2,Primarily reads or inspects AWS state/data.
apigateway:POST,apigateway,WRITE,MEDIUM,5,Creates or submits API Gateway configuration/resources and can change API behavior.
cloudwatch:GetDashboard,CloudWatch,READ,LOW,2,Primarily reads or inspects AWS state/data.
apigateway:GetBasePathMappings,API Gateway,READ,LOW,2,Primarily reads or inspects AWS state/data.
sagemaker:ListModelExplainabilityJobDefinitions,SageMaker,READ,LOW,2,Primarily reads or inspects AWS state/data.
ec2:DescribeCarrierGateways,EC2,READ,LOW,2,Primarily reads or inspects AWS state/data.
redshift:DescribeResize,Redshift,READ,LOW,2,Primarily reads or inspects AWS state/data.
dynamodb:DescribeEndpoints,DynamoDB,READ,LOW,2,Primarily reads or inspects AWS state/data.
cloudtrail:RestoreEventDataStore,CloudTrail,WRITE,MEDIUM,5,Creates or modifies AWS resources or service state.
ec2:CreateInternetGateway,EC2,WRITE,MEDIUM,5,Creates or modifies AWS resources or service state.
iam:DeleteServiceLinkedRole,IAM,DELETE,HIGH,8,"Can remove, terminate, or destroy AWS resources/data."
apigatewayv2:ListPortals,API Gateway V2,READ,LOW,2,Primarily reads or inspects AWS state/data.
ec2:EnableReachabilityAnalyzerOrganizationSharing,EC2,WRITE,MEDIUM,5,Creates or modifies AWS resources or service state.
autoscaling:CreateAutoScalingGroup,Auto Scaling,WRITE,MEDIUM,5,Creates or modifies AWS resources or service state.
rds:CreateDBSubnetGroup,RDS,WRITE,MEDIUM,5,Creates or modifies AWS resources or service state.
comprehend:DeleteEntityRecognizer,Comprehend,DELETE,HIGH,8,"Can remove, terminate, or destroy AWS resources/data."
cloudformation:ListChangeSets,CloudFormation,READ,LOW,2,Primarily reads or inspects AWS state/data.
sagemaker:ListInferenceComponents,SageMaker,READ,LOW,2,Primarily reads or inspects AWS state/data.
ec2:DeleteVpcEncryptionControl,EC2,DELETE,HIGH,8,"Can remove, terminate, or destroy AWS resources/data."
dynamodb:UpdateItem,DynamoDB,WRITE,MEDIUM,5,Creates or modifies AWS resources or service state.
kms:UpdateCustomKeyStore,KMS,WRITE,MEDIUM,5,Creates or modifies AWS resources or service state.
iam:ListUserTags,IAM,READ,LOW,2,Primarily reads or inspects AWS state/data.
glue:GetDevEndpoints,Glue,READ,LOW,2,Primarily reads or inspects AWS state/data.
athena:GetCalculationExecution,Athena,READ,LOW,2,Primarily reads or inspects AWS state/data.
logs:PutResourcePolicy,CloudWatch Logs,PERMISSION_CHANGE,CRITICAL,10,Can change authorization or grant/restrict permissions.
ecs:DescribeDaemon,ECS,READ,LOW,2,Primarily reads or inspects AWS state/data.
s3:RenameObject,S3,OTHER,MEDIUM,5,Project-defined review required for this operation.
lambda:Invoke,Lambda,WRITE,MEDIUM,5,Creates or modifies AWS resources or service state.
sagemaker:UpdateAppImageConfig,SageMaker,WRITE,MEDIUM,5,Creates or modifies AWS resources or service state.
redshift:ModifyClusterParameterGroup,Redshift,WRITE,MEDIUM,5,Creates or modifies AWS resources or service state.
bedrock:ListModelInvocationJobs,Bedrock,READ,LOW,2,Primarily reads or inspects AWS state/data.
eks:ListPodIdentityAssociations,EKS,READ,LOW,2,Primarily reads or inspects AWS state/data.
sagemaker:UpdateMlflowApp,SageMaker,WRITE,MEDIUM,5,Creates or modifies AWS resources or service state.
s3:ListObjectVersions,S3,READ,LOW,2,Primarily reads or inspects AWS state/data.
events:PutPermission,EventBridge,PERMISSION_CHANGE,CRITICAL,10,Can change authorization or grant/restrict permissions.
cognito-idp:AdminRemoveUserFromGroup,Cognito Identity,OTHER,MEDIUM,5,Project-defined review required for this operation.
ec2:DescribeTransitGatewayPeeringAttachments,EC2,READ,LOW,2,Primarily reads or inspects AWS state/data.
ec2:EnableSerialConsoleAccess,EC2,WRITE,MEDIUM,5,Creates or modifies AWS resources or service state.
sagemaker:DeleteApp,SageMaker,DELETE,HIGH,8,"Can remove, terminate, or destroy AWS resources/data."
events:UpdateArchive,EventBridge,WRITE,MEDIUM,5,Creates or modifies AWS resources or service state.
glue:StartTrigger,Glue,WRITE,MEDIUM,5,Creates or modifies AWS resources or service state.
rds:DeleteEventSubscription,RDS,DELETE,HIGH,8,"Can remove, terminate, or destroy AWS resources/data."
cloudformation:UpdateStackInstances,CloudFormation,WRITE,MEDIUM,5,Creates or modifies AWS resources or service state.
ecs:DescribeDaemonRevisions,ECS,READ,LOW,2,Primarily reads or inspects AWS state/data.
ec2:AssignIpv6Addresses,EC2,OTHER,MEDIUM,5,Project-defined review required for this operation.
cloudwatch:GetMetricStatistics,CloudWatch,READ,LOW,2,Primarily reads or inspects AWS state/data.
iam:CreateOpenIDConnectProvider,IAM,WRITE,MEDIUM,5,Creates or modifies AWS resources or service state.
ecr:DeletePullThroughCacheRule,ECR,DELETE,HIGH,8,"Can remove, terminate, or destroy AWS resources/data."
glue:GetSchemaVersionsDiff,Glue,READ,LOW,2,Primarily reads or inspects AWS state/data.
route53:GetChange,Route 53,READ,LOW,2,Primarily reads or inspects AWS state/data.
redshift:DeleteClusterSnapshot,Redshift,DELETE,HIGH,8,"Can remove, terminate, or destroy AWS resources/data."
redshift:DeleteClusterSubnetGroup,Redshift,DELETE,HIGH,8,"Can remove, terminate, or destroy AWS resources/data."
sagemaker:ListHubs,SageMaker,READ,LOW,2,Primarily reads or inspects AWS state/data.
rds:StopActivityStream,RDS,MODIFY,MEDIUM,5,Changes or disables an existing resource/service state.
athena:ListTagsForResource,Athena,READ,LOW,2,Primarily reads or inspects AWS state/data.
glue:BatchDeleteTableVersion,Glue,OTHER,MEDIUM,5,Project-defined review required for this operation.
kms:GetParametersForImport,KMS,READ,LOW,2,Primarily reads or inspects AWS state/data.
lambda:UntagResource,Lambda,TAGGING,LOW,3,Changes resource tags or metadata.
autoscaling:DescribeLifecycleHookTypes,Auto Scaling,READ,LOW,2,Primarily reads or inspects AWS state/data.
route53:ListTrafficPolicyVersions,Route 53,PERMISSION_CHANGE,CRITICAL,10,Can change authorization or grant/restrict permissions.
guardduty:DisableOrganizationAdminAccount,GuardDuty,MODIFY,MEDIUM,5,Changes or disables an existing resource/service state.
autoscaling:RecordLifecycleActionHeartbeat,Auto Scaling,OTHER,MEDIUM,5,Project-defined review required for this operation.
ec2:CreateIpamResourceDiscovery,EC2,WRITE,MEDIUM,5,Creates or modifies AWS resources or service state.
redshift:DeleteTags,Redshift,DELETE,HIGH,8,"Can remove, terminate, or destroy AWS resources/data."
sagemaker:DescribeInferenceExperiment,SageMaker,READ,LOW,2,Primarily reads or inspects AWS state/data.
ec2:CreateVpnGateway,EC2,WRITE,MEDIUM,5,Creates or modifies AWS resources or service state.
sagemaker:CreateDeviceFleet,SageMaker,WRITE,MEDIUM,5,Creates or modifies AWS resources or service state.
s3:GetObjectTorrent,S3,READ,LOW,2,Primarily reads or inspects AWS state/data.
apigateway:PutIntegrationResponse,API Gateway,WRITE,MEDIUM,5,Creates or modifies AWS resources or service state.
s3:DeleteObjectTagging,S3,DELETE,HIGH,8,"Can remove, terminate, or destroy AWS resources/data."
guardduty:ListCoverage,GuardDuty,READ,LOW,2,Primarily reads or inspects AWS state/data.
ec2:RegisterTransitGatewayMulticastGroupMembers,EC2,WRITE,MEDIUM,5,Creates or modifies AWS resources or service state.
cloudformation:ListHookResults,CloudFormation,READ,LOW,2,Primarily reads or inspects AWS state/data.
sagemaker:DeleteFeatureGroup,SageMaker,DELETE,HIGH,8,"Can remove, terminate, or destroy AWS resources/data."
ec2:GetAssociatedEnclaveCertificateIamRoles,EC2,READ,LOW,2,Primarily reads or inspects AWS state/data.
ecs:UpdateContainerInstancesState,ECS,WRITE,MEDIUM,5,Creates or modifies AWS resources or service state.
cognito-idp:CreateUserImportJob,Cognito Identity,IDENTITY,HIGH,9,"Can create, modify, or remove an identity or credential."
s3:GetBucketReplication,S3,READ,LOW,2,Primarily reads or inspects AWS state/data.
ec2:DisassociateIpamResourceDiscovery,EC2,MODIFY,MEDIUM,5,Changes or disables an existing resource/service state.
sagemaker:ListTrialComponents,SageMaker,READ,LOW,2,Primarily reads or inspects AWS state/data.
events:ListArchives,EventBridge,READ,LOW,2,Primarily reads or inspects AWS state/data.
cognito-idp:AddUserPoolClientSecret,Cognito Identity,WRITE,MEDIUM,5,Creates or modifies AWS resources or service state.
sagemaker:CreateComputeQuota,SageMaker,WRITE,MEDIUM,5,Creates or modifies AWS resources or service state.
ec2:ModifyAddressAttribute,EC2,WRITE,MEDIUM,5,Creates or modifies AWS resources or service state.
kms:CreateAlias,KMS,WRITE,MEDIUM,5,Creates or modifies AWS resources or service state.
ssm:GetDeployablePatchSnapshotForInstance,Systems Manager,READ,LOW,2,Primarily reads or inspects AWS state/data.
cloudwatch:DisableAlarmActions,CloudWatch,MODIFY,MEDIUM,5,Changes or disables an existing resource/service state.
comprehend:DescribeKeyPhrasesDetectionJob,Comprehend,READ,LOW,2,Primarily reads or inspects AWS state/data.
ec2:ModifyDefaultCreditSpecification,EC2,WRITE,MEDIUM,5,Creates or modifies AWS resources or service state.
sqs:ChangeMessageVisibility,SQS,WRITE,MEDIUM,5,Creates or modifies AWS resources or service state.
cloudtrail:StartImport,CloudTrail,WRITE,MEDIUM,5,Creates or modifies AWS resources or service state.
sagemaker:CreateCodeRepository,SageMaker,WRITE,MEDIUM,5,Creates or modifies AWS resources or service state.
iam:TagMFADevice,IAM,TAGGING,LOW,3,Changes resource tags or metadata.
cloudtrail:CreateTrail,CloudTrail,WRITE,MEDIUM,5,Creates or modifies AWS resources or service state.
route53:GetTrafficPolicyInstanceCount,Route 53,PERMISSION_CHANGE,CRITICAL,10,Can change authorization or grant/restrict permissions.
sqs:ListMessageMoveTasks,SQS,READ,LOW,2,Primarily reads or inspects AWS state/data.
ec2:DeleteNetworkInsightsAnalysis,EC2,DELETE,HIGH,8,"Can remove, terminate, or destroy AWS resources/data."
sagemaker:ListAutoMLJobs,SageMaker,READ,LOW,2,Primarily reads or inspects AWS state/data.
ec2:ExportImage,EC2,WRITE,MEDIUM,5,Creates or modifies AWS resources or service state.
sagemaker:UpdateMlflowTrackingServer,SageMaker,WRITE,MEDIUM,5,Creates or modifies AWS resources or service state.
cloudformation:DescribeStackResource,CloudFormation,READ,LOW,2,Primarily reads or inspects AWS state/data.
ec2:AcceptTransitGatewayClientVpnAttachment,EC2,OTHER,MEDIUM,5,Project-defined review required for this operation.
sagemaker:ListClusterEvents,SageMaker,READ,LOW,2,Primarily reads or inspects AWS state/data.
iam:SetDefaultPolicyVersion,IAM,PERMISSION_CHANGE,CRITICAL,10,Can change authorization or grant/restrict permissions.
redshift:EnableLogging,Redshift,WRITE,MEDIUM,5,Creates or modifies AWS resources or service state.
rds:DescribeDBInstances,RDS,READ,LOW,2,Primarily reads or inspects AWS state/data.
sagemaker:UpdateHubContentReference,SageMaker,WRITE,MEDIUM,5,Creates or modifies AWS resources or service state.
logs:ListScheduledQueries,CloudWatch Logs,READ,LOW,2,Primarily reads or inspects AWS state/data.
cognito-idp:CreateUserPoolClient,Cognito Identity,IDENTITY,HIGH,9,"Can create, modify, or remove an identity or credential."
redshift:CreateCustomDomainAssociation,Redshift,WRITE,MEDIUM,5,Creates or modifies AWS resources or service state.
sagemaker:ListMlflowApps,SageMaker,READ,LOW,2,Primarily reads or inspects AWS state/data.
apigatewayv2:UpdateIntegrationResponse,API Gateway V2,WRITE,MEDIUM,5,Creates or modifies AWS resources or service state.
dynamodb:DeleteTable,DynamoDB,DELETE,HIGH,8,"Can remove, terminate, or destroy AWS resources/data."
cognito-idp:ListUsers,Cognito Identity,READ,LOW,2,Primarily reads or inspects AWS state/data.
comprehend:StopSentimentDetectionJob,Comprehend,MODIFY,MEDIUM,5,Changes or disables an existing resource/service state.
ec2:CreateVpcPeeringConnection,EC2,WRITE,MEDIUM,5,Creates or modifies AWS resources or service state.
iam:TagUser,IAM,TAGGING,LOW,3,Changes resource tags or metadata.
iam:GetContextKeysForPrincipalPolicy,IAM,PERMISSION_CHANGE,CRITICAL,10,Can change authorization or grant/restrict permissions.
ec2:EnableVpcClassicLinkDnsSupport,EC2,WRITE,MEDIUM,5,Creates or modifies AWS resources or service state.
apigateway:ImportApiKeys,API Gateway,WRITE,MEDIUM,5,Creates or modifies AWS resources or service state.
sagemaker:UpdateNotebookInstanceLifecycleConfig,SageMaker,WRITE,MEDIUM,5,Creates or modifies AWS resources or service state.
guardduty:ListTagsForResource,GuardDuty,READ,LOW,2,Primarily reads or inspects AWS state/data.
bedrock:DeleteProvisionedModelThroughput,Bedrock,DELETE,HIGH,8,"Can remove, terminate, or destroy AWS resources/data."
s3:PutObjectLockConfiguration,S3,WRITE,MEDIUM,5,Creates or modifies AWS resources or service state.
s3:PutBucketNotificationConfiguration,S3,WRITE,MEDIUM,5,Creates or modifies AWS resources or service state.
ec2:DescribeHostReservationOfferings,EC2,READ,LOW,2,Primarily reads or inspects AWS state/data.
apigatewayv2:PutPortalProductSharingPolicy,API Gateway V2,PERMISSION_CHANGE,CRITICAL,10,Can change authorization or grant/restrict permissions.
ecr:DescribePullThroughCacheRules,ECR,READ,LOW,2,Primarily reads or inspects AWS state/data.
s3:DeleteBucketEncryption,S3,DELETE,HIGH,8,"Can remove, terminate, or destroy AWS resources/data."
guardduty:ListIPSets,GuardDuty,READ,LOW,2,Primarily reads or inspects AWS state/data.
redshift:DescribeEventSubscriptions,Redshift,READ,LOW,2,Primarily reads or inspects AWS state/data.
iam:RemoveRoleFromInstanceProfile,IAM,DELETE,HIGH,8,"Can remove, terminate, or destroy AWS resources/data."
apigatewayv2:GetVpcLink,API Gateway V2,READ,LOW,2,Primarily reads or inspects AWS state/data.
ec2:DescribeCapacityBlockStatus,EC2,READ,LOW,2,Primarily reads or inspects AWS state/data.
ec2:CreateTrafficMirrorTarget,EC2,WRITE,MEDIUM,5,Creates or modifies AWS resources or service state.
ec2:CreateClientVpnEndpoint,EC2,WRITE,MEDIUM,5,Creates or modifies AWS resources or service state.
redshift:ModifyIntegration,Redshift,WRITE,MEDIUM,5,Creates or modifies AWS resources or service state.
ecs:DeleteAttributes,ECS,DELETE,HIGH,8,"Can remove, terminate, or destroy AWS resources/data."
route53:ActivateKeySigningKey,Route 53,WRITE,MEDIUM,5,Creates or modifies AWS resources or service state.
autoscaling:DeleteAutoScalingGroup,Auto Scaling,DELETE,HIGH,8,"Can remove, terminate, or destroy AWS resources/data."
kinesis:UpdateStreamWarmThroughput,Kinesis,WRITE,MEDIUM,5,Creates or modifies AWS resources or service state.
cloudtrail:DescribeTrails,CloudTrail,READ,LOW,2,Primarily reads or inspects AWS state/data.
sns:SetTopicAttributes,SNS,WRITE,MEDIUM,5,Creates or modifies AWS resources or service state.
ssm:DescribePatchBaselines,Systems Manager,READ,LOW,2,Primarily reads or inspects AWS state/data.
cognito-idp:AssociateSoftwareToken,Cognito Identity,WRITE,MEDIUM,5,Creates or modifies AWS resources or service state.
lambda:CreateFunctionUrlConfig,Lambda,WRITE,MEDIUM,5,Creates or modifies AWS resources or service state.
athena:StartCalculationExecution,Athena,WRITE,MEDIUM,5,Creates or modifies AWS resources or service state.
ec2:GetPasswordData,EC2,READ,LOW,2,Primarily reads or inspects AWS state/data.
sns:ListOriginationNumbers,SNS,READ,LOW,2,Primarily reads or inspects AWS state/data.
logs:GetDataProtectionPolicy,CloudWatch Logs,PERMISSION_CHANGE,CRITICAL,10,Can change authorization or grant/restrict permissions.
guardduty:ListFindings,GuardDuty,READ,LOW,2,Primarily reads or inspects AWS state/data.
apigatewayv2:DisablePortal,API Gateway V2,MODIFY,MEDIUM,5,Changes or disables an existing resource/service state.
apigateway:GetDocumentationVersion,API Gateway,READ,LOW,2,Primarily reads or inspects AWS state/data.
opensearch:DescribeInboundConnections,OpenSearch,READ,LOW,2,Primarily reads or inspects AWS state/data.
glue:DeleteDataQualityRuleset,Glue,DELETE,HIGH,8,"Can remove, terminate, or destroy AWS resources/data."
glue:CreateConnection,Glue,WRITE,MEDIUM,5,Creates or modifies AWS resources or service state.
cloudformation:ListStackResources,CloudFormation,READ,LOW,2,Primarily reads or inspects AWS state/data.
kms:ListGrants,KMS,PERMISSION_CHANGE,CRITICAL,10,Can change authorization or grant/restrict permissions.
ec2:GetTransitGatewayMeteringPolicyEntries,EC2,PERMISSION_CHANGE,CRITICAL,10,Can change authorization or grant/restrict permissions.
sagemaker:SendPipelineExecutionStepSuccess,SageMaker,WRITE,MEDIUM,5,Creates or modifies AWS resources or service state.
ssm:UpdateMaintenanceWindowTarget,Systems Manager,WRITE,MEDIUM,5,Creates or modifies AWS resources or service state.
opensearch:CancelServiceSoftwareUpdate,OpenSearch,MODIFY,MEDIUM,5,Changes or disables an existing resource/service state.
ec2:ImportInstance,EC2,WRITE,MEDIUM,5,Creates or modifies AWS resources or service state.
opensearch:PurchaseReservedInstanceOffering,OpenSearch,OTHER,MEDIUM,5,Project-defined review required for this operation.
apigateway:CreateDocumentationVersion,API Gateway,WRITE,MEDIUM,5,Creates or modifies AWS resources or service state.
ec2:DescribeMacModificationTasks,EC2,READ,LOW,2,Primarily reads or inspects AWS state/data.
apigatewayv2:GetRouteResponse,API Gateway V2,READ,LOW,2,Primarily reads or inspects AWS state/data.
iam:UpdateDelegationRequest,IAM,WRITE,MEDIUM,5,Creates or modifies AWS resources or service state.
route53:CreateTrafficPolicyVersion,Route 53,PERMISSION_CHANGE,CRITICAL,10,Can change authorization or grant/restrict permissions.
kinesis:PutRecord,Kinesis,WRITE,MEDIUM,5,Creates or modifies AWS resources or service state.
ssm:StartExecutionPreview,Systems Manager,WRITE,MEDIUM,5,Creates or modifies AWS resources or service state.
route53:CreateReusableDelegationSet,Route 53,WRITE,MEDIUM,5,Creates or modifies AWS resources or service state.
ec2:DescribeFastSnapshotRestores,EC2,READ,LOW,2,Primarily reads or inspects AWS state/data.
logs:GetIntegration,CloudWatch Logs,READ,LOW,2,Primarily reads or inspects AWS state/data.
sagemaker:UpdateComputeQuota,SageMaker,WRITE,MEDIUM,5,Creates or modifies AWS resources or service state.
ec2:CreateCoipPool,EC2,WRITE,MEDIUM,5,Creates or modifies AWS resources or service state.
ecr:BatchDeleteImage,ECR,OTHER,MEDIUM,5,Project-defined review required for this operation.
lambda:GetRuntimeManagementConfig,Lambda,READ,LOW,2,Primarily reads or inspects AWS state/data.
ec2:DescribeTransitGatewayPolicyTables,EC2,PERMISSION_CHANGE,CRITICAL,10,Can change authorization or grant/restrict permissions.
bedrock:GetFoundationModel,Bedrock,READ,LOW,2,Primarily reads or inspects AWS state/data.
rds:RestoreDBClusterToPointInTime,RDS,WRITE,MEDIUM,5,Creates or modifies AWS resources or service state.
ec2:DescribeVpcEndpointAssociations,EC2,READ,LOW,2,Primarily reads or inspects AWS state/data.
kms:VerifyMac,KMS,SECURITY_SENSITIVE,HIGH,8,Can expose or manipulate sensitive security material/access.
guardduty:GetFilter,GuardDuty,READ,LOW,2,Primarily reads or inspects AWS state/data.
sagemaker:ListWorkteams,SageMaker,READ,LOW,2,Primarily reads or inspects AWS state/data.
apigatewayv2:GetDeployments,API Gateway V2,READ,LOW,2,Primarily reads or inspects AWS state/data.
ec2:CreateRouteServerPeer,EC2,WRITE,MEDIUM,5,Creates or modifies AWS resources or service state.
ssm:GetAccessToken,Systems Manager,READ,LOW,2,Primarily reads or inspects AWS state/data.
eks:DeregisterCluster,EKS,OTHER,MEDIUM,5,Project-defined review required for this operation.
ec2:DeleteRouteServerEndpoint,EC2,DELETE,HIGH,8,"Can remove, terminate, or destroy AWS resources/data."
sagemaker:ListProcessingJobs,SageMaker,READ,LOW,2,Primarily reads or inspects AWS state/data.
apigatewayv2:CreateApi,API Gateway V2,WRITE,MEDIUM,5,Creates or modifies AWS resources or service state.
opensearch:StartServiceSoftwareUpdate,OpenSearch,WRITE,MEDIUM,5,Creates or modifies AWS resources or service state.
guardduty:EnableOrganizationAdminAccount,GuardDuty,WRITE,MEDIUM,5,Creates or modifies AWS resources or service state.
dynamodb:UpdateContinuousBackups,DynamoDB,WRITE,MEDIUM,5,Creates or modifies AWS resources or service state.
iam:PassRole,iam,PERMISSION_CHANGE,CRITICAL,10,Sensitive privilege-related action that allows a principal to pass an IAM role to an AWS service; can enable privilege escalation when combined with other permissions.
eks:DeleteCluster,EKS,DELETE,HIGH,8,"Can remove, terminate, or destroy AWS resources/data."
cognito-idp:DeleteUserPoolClientSecret,Cognito Identity,IDENTITY,HIGH,9,"Can create, modify, or remove an identity or credential."
ec2:ListVolumesInRecycleBin,EC2,READ,LOW,2,Primarily reads or inspects AWS state/data.
comprehend:StopKeyPhrasesDetectionJob,Comprehend,MODIFY,MEDIUM,5,Changes or disables an existing resource/service state.
cloudwatch:GetMetricData,CloudWatch,READ,LOW,2,Primarily reads or inspects AWS state/data.
sagemaker:ListStageDevices,SageMaker,READ,LOW,2,Primarily reads or inspects AWS state/data.
dynamodb:UpdateTableReplicaAutoScaling,DynamoDB,WRITE,MEDIUM,5,Creates or modifies AWS resources or service state.
ec2:GetActiveVpnTunnelStatus,EC2,READ,LOW,2,Primarily reads or inspects AWS state/data.
logs:GetDelivery,CloudWatch Logs,READ,LOW,2,Primarily reads or inspects AWS state/data.
secretsmanager:ValidateResourcePolicy,Secrets Manager,PERMISSION_CHANGE,CRITICAL,10,Can change authorization or grant/restrict permissions.
cognito-idp:AdminUpdateDeviceStatus,Cognito Identity,OTHER,MEDIUM,5,Project-defined review required for this operation.
cloudtrail:ListDashboards,CloudTrail,READ,LOW,2,Primarily reads or inspects AWS state/data.
ssm:DescribeInstancePatches,Systems Manager,READ,LOW,2,Primarily reads or inspects AWS state/data.
opensearch:DescribePackages,OpenSearch,READ,LOW,2,Primarily reads or inspects AWS state/data.
apigateway:GetUsagePlan,API Gateway,READ,LOW,2,Primarily reads or inspects AWS state/data.
ecr:CreateRepositoryCreationTemplate,ECR,WRITE,MEDIUM,5,Creates or modifies AWS resources or service state.
autoscaling:DescribeScalingProcessTypes,Auto Scaling,READ,LOW,2,Primarily reads or inspects AWS state/data.
s3:UpdateBucketMetadataInventoryTableConfiguration,S3,WRITE,MEDIUM,5,Creates or modifies AWS resources or service state.
ec2:DisassociateVpcCidrBlock,EC2,MODIFY,MEDIUM,5,Changes or disables an existing resource/service state.
cloudformation:SignalResource,CloudFormation,OTHER,MEDIUM,5,Project-defined review required for this operation.
eks:AssociateEncryptionConfig,EKS,WRITE,MEDIUM,5,Creates or modifies AWS resources or service state.
sagemaker:DescribeSubscribedWorkteam,SageMaker,READ,LOW,2,Primarily reads or inspects AWS state/data.
cognito-idp:CreateManagedLoginBranding,Cognito Identity,WRITE,MEDIUM,5,Creates or modifies AWS resources or service state.
cloudtrail:AddTags,CloudTrail,WRITE,MEDIUM,5,Creates or modifies AWS resources or service state.
ec2:DeleteTags,EC2,DELETE,HIGH,8,"Can remove, terminate, or destroy AWS resources/data."
logs:CreateLookupTable,CloudWatch Logs,WRITE,MEDIUM,5,Creates or modifies AWS resources or service state.
glue:ListCustomEntityTypes,Glue,READ,LOW,2,Primarily reads or inspects AWS state/data.
s3:GetBucketNotificationConfiguration,S3,READ,LOW,2,Primarily reads or inspects AWS state/data.
autoscaling:DescribeLifecycleHooks,Auto Scaling,READ,LOW,2,Primarily reads or inspects AWS state/data.
redshift:DescribeEvents,Redshift,READ,LOW,2,Primarily reads or inspects AWS state/data.
ec2:UnassignPrivateIpAddresses,EC2,OTHER,MEDIUM,5,Project-defined review required for this operation.
s3:DeleteObjects,S3,DELETE,HIGH,8,"Can remove, terminate, or destroy AWS resources/data."
ec2:GetVerifiedAccessEndpointPolicy,EC2,PERMISSION_CHANGE,CRITICAL,10,Can change authorization or grant/restrict permissions.
apigateway:GetUsagePlans,API Gateway,READ,LOW,2,Primarily reads or inspects AWS state/data.
ec2:DescribeTransitGateways,EC2,READ,LOW,2,Primarily reads or inspects AWS state/data.
sagemaker:DeleteCodeRepository,SageMaker,DELETE,HIGH,8,"Can remove, terminate, or destroy AWS resources/data."
athena:ListWorkGroups,Athena,READ,LOW,2,Primarily reads or inspects AWS state/data.
glue:GetColumnStatisticsForPartition,Glue,READ,LOW,2,Primarily reads or inspects AWS state/data.
dynamodb:GetItem,DynamoDB,READ,LOW,2,Primarily reads or inspects AWS state/data.
iam:UntagInstanceProfile,IAM,TAGGING,LOW,3,Changes resource tags or metadata.
guardduty:DisassociateMembers,GuardDuty,MODIFY,MEDIUM,5,Changes or disables an existing resource/service state.
ecs:PutAttributes,ECS,WRITE,MEDIUM,5,Creates or modifies AWS resources or service state.
sagemaker:DescribeTrainingJob,SageMaker,READ,LOW,2,Primarily reads or inspects AWS state/data.
logs:ListSourcesForS3TableIntegration,CloudWatch Logs,READ,LOW,2,Primarily reads or inspects AWS state/data.
bedrock:GetResourcePolicy,Bedrock,PERMISSION_CHANGE,CRITICAL,10,Can change authorization or grant/restrict permissions.
iam:GetRolePolicy,IAM,PERMISSION_CHANGE,CRITICAL,10,Can change authorization or grant/restrict permissions.
sagemaker:DescribePartnerApp,SageMaker,READ,LOW,2,Primarily reads or inspects AWS state/data.
kms:EnableKeyRotation,KMS,WRITE,MEDIUM,5,Creates or modifies AWS resources or service state.
ecr:DescribeRegistry,ECR,READ,LOW,2,Primarily reads or inspects AWS state/data.
ssm:GetCommandInvocation,Systems Manager,READ,LOW,2,Primarily reads or inspects AWS state/data.
glue:StopWorkflowRun,Glue,MODIFY,MEDIUM,5,Changes or disables an existing resource/service state.
cloudformation:RecordHandlerProgress,CloudFormation,OTHER,MEDIUM,5,Project-defined review required for this operation.
ec2:DeleteRouteServerPeer,EC2,DELETE,HIGH,8,"Can remove, terminate, or destroy AWS resources/data."
sagemaker:CreateHubContentPresignedUrls,SageMaker,WRITE,MEDIUM,5,Creates or modifies AWS resources or service state.
secretsmanager:RotateSecret,Secrets Manager,OTHER,MEDIUM,5,Project-defined review required for this operation.
sagemaker:Search,SageMaker,READ,LOW,2,Primarily reads or inspects AWS state/data.
glue:PutResourcePolicy,Glue,PERMISSION_CHANGE,CRITICAL,10,Can change authorization or grant/restrict permissions.
glue:CreateSession,Glue,WRITE,MEDIUM,5,Creates or modifies AWS resources or service state.
ec2:DetachVolume,EC2,MODIFY,MEDIUM,5,Changes or disables an existing resource/service state.
glue:DeleteResourcePolicy,Glue,PERMISSION_CHANGE,CRITICAL,10,Can change authorization or grant/restrict permissions.
autoscaling:DescribeMetricCollectionTypes,Auto Scaling,READ,LOW,2,Primarily reads or inspects AWS state/data.
sagemaker:ListNotebookInstances,SageMaker,READ,LOW,2,Primarily reads or inspects AWS state/data.
ssm:StartAccessRequest,Systems Manager,WRITE,MEDIUM,5,Creates or modifies AWS resources or service state.
ec2:DeleteClientVpnRoute,EC2,DELETE,HIGH,8,"Can remove, terminate, or destroy AWS resources/data."
rds:RemoveFromGlobalCluster,RDS,DELETE,HIGH,8,"Can remove, terminate, or destroy AWS resources/data."
rds:CreateCustomDBEngineVersion,RDS,WRITE,MEDIUM,5,Creates or modifies AWS resources or service state.
sts:DecodeAuthorizationMessage,STS,PERMISSION_CHANGE,CRITICAL,10,Can change authorization or grant/restrict permissions.
sns:GetDataProtectionPolicy,SNS,PERMISSION_CHANGE,CRITICAL,10,Can change authorization or grant/restrict permissions.
ecr:UpdatePullThroughCacheRule,ECR,WRITE,MEDIUM,5,Creates or modifies AWS resources or service state.
ec2:DescribeVpnConnections,EC2,READ,LOW,2,Primarily reads or inspects AWS state/data.
events:DescribeEndpoint,EventBridge,READ,LOW,2,Primarily reads or inspects AWS state/data.
glue:GetCrawler,Glue,READ,LOW,2,Primarily reads or inspects AWS state/data.
ec2:DescribeFpgaImages,EC2,READ,LOW,2,Primarily reads or inspects AWS state/data.
sts:GetDelegatedAccessToken,STS,READ,LOW,2,Primarily reads or inspects AWS state/data.
apigatewayv2:ListProductRestEndpointPages,API Gateway V2,READ,LOW,2,Primarily reads or inspects AWS state/data.
ecr:UpdateRepositoryCreationTemplate,ECR,WRITE,MEDIUM,5,Creates or modifies AWS resources or service state.
glue:ResetJobBookmark,Glue,OTHER,MEDIUM,5,Project-defined review required for this operation.
athena:GetQueryExecution,Athena,READ,LOW,2,Primarily reads or inspects AWS state/data.
ec2:CopyImage,EC2,WRITE,MEDIUM,5,Creates or modifies AWS resources or service state.
sagemaker:UpdateEndpoint,SageMaker,WRITE,MEDIUM,5,Creates or modifies AWS resources or service state.
glue:ListIntegrationResourceProperties,Glue,READ,LOW,2,Primarily reads or inspects AWS state/data.
sagemaker:ListEndpoints,SageMaker,READ,LOW,2,Primarily reads or inspects AWS state/data.
apigatewayv2:UpdateApi,API Gateway V2,WRITE,MEDIUM,5,Creates or modifies AWS resources or service state.
glue:DeleteWorkflow,Glue,DELETE,HIGH,8,"Can remove, terminate, or destroy AWS resources/data."
apigateway:DeleteDocumentationVersion,API Gateway,DELETE,HIGH,8,"Can remove, terminate, or destroy AWS resources/data."
ec2:DescribeClientVpnConnections,EC2,READ,LOW,2,Primarily reads or inspects AWS state/data.
autoscaling:DeleteLifecycleHook,Auto Scaling,DELETE,HIGH,8,"Can remove, terminate, or destroy AWS resources/data."
s3:DeleteBucketInventoryConfiguration,S3,DELETE,HIGH,8,"Can remove, terminate, or destroy AWS resources/data."
ec2:DeleteIpamResourceDiscovery,EC2,DELETE,HIGH,8,"Can remove, terminate, or destroy AWS resources/data."
redshift:DeleteEndpointAccess,Redshift,DELETE,HIGH,8,"Can remove, terminate, or destroy AWS resources/data."
sagemaker:ListUltraServersByReservedCapacity,SageMaker,READ,LOW,2,Primarily reads or inspects AWS state/data.
ec2:DescribeVerifiedAccessEndpoints,EC2,READ,LOW,2,Primarily reads or inspects AWS state/data.
s3:AbortMultipartUpload,S3,OTHER,MEDIUM,5,Project-defined review required for this operation.
logs:ListTagsForResource,CloudWatch Logs,READ,LOW,2,Primarily reads or inspects AWS state/data.
logs:PutAccountPolicy,CloudWatch Logs,PERMISSION_CHANGE,CRITICAL,10,Can change authorization or grant/restrict permissions.
glue:StartWorkflowRun,Glue,WRITE,MEDIUM,5,Creates or modifies AWS resources or service state.
eks:CreateEksAnywhereSubscription,EKS,WRITE,MEDIUM,5,Creates or modifies AWS resources or service state.
sagemaker:CreatePresignedMlflowAppUrl,SageMaker,WRITE,MEDIUM,5,Creates or modifies AWS resources or service state.
guardduty:DeleteDetector,GuardDuty,DELETE,HIGH,8,"Can remove, terminate, or destroy AWS resources/data."
glue:GetStatement,Glue,READ,LOW,2,Primarily reads or inspects AWS state/data.
ssm:GetInventorySchema,Systems Manager,READ,LOW,2,Primarily reads or inspects AWS state/data.
comprehend:CreateEndpoint,Comprehend,WRITE,MEDIUM,5,Creates or modifies AWS resources or service state.
route53:DeleteReusableDelegationSet,Route 53,DELETE,HIGH,8,"Can remove, terminate, or destroy AWS resources/data."
lambda:PutFunctionRecursionConfig,Lambda,WRITE,MEDIUM,5,Creates or modifies AWS resources or service state.
autoscaling:DescribeAdjustmentTypes,Auto Scaling,READ,LOW,2,Primarily reads or inspects AWS state/data.
cognito-idp:DescribeUserPoolDomain,Cognito Identity,READ,LOW,2,Primarily reads or inspects AWS state/data.
ssm:DescribeMaintenanceWindowExecutions,Systems Manager,READ,LOW,2,Primarily reads or inspects AWS state/data.
sns:ListSMSSandboxPhoneNumbers,SNS,READ,LOW,2,Primarily reads or inspects AWS state/data.
cognito-idp:RespondToAuthChallenge,Cognito Identity,OTHER,MEDIUM,5,Project-defined review required for this operation.
route53:ChangeCidrCollection,Route 53,WRITE,MEDIUM,5,Creates or modifies AWS resources or service state.
ssm:ListComplianceItems,Systems Manager,READ,LOW,2,Primarily reads or inspects AWS state/data.
ec2:DescribeAddressTransfers,EC2,READ,LOW,2,Primarily reads or inspects AWS state/data.
redshift:GetClusterCredentialsWithIAM,Redshift,READ,LOW,2,Primarily reads or inspects AWS state/data.
ecs:DescribeTaskSets,ECS,READ,LOW,2,Primarily reads or inspects AWS state/data.
rds:DeleteDBInstanceAutomatedBackup,RDS,DELETE,HIGH,8,"Can remove, terminate, or destroy AWS resources/data."
apigateway:DeleteAuthorizer,API Gateway,PERMISSION_CHANGE,CRITICAL,10,Can change authorization or grant/restrict permissions.
dynamodb:TransactWriteItems,DynamoDB,OTHER,MEDIUM,5,Project-defined review required for this operation.
sagemaker:CreateImage,SageMaker,WRITE,MEDIUM,5,Creates or modifies AWS resources or service state.
cloudformation:DescribeChangeSetHooks,CloudFormation,READ,LOW,2,Primarily reads or inspects AWS state/data.
sagemaker:CreateDataQualityJobDefinition,SageMaker,WRITE,MEDIUM,5,Creates or modifies AWS resources or service state.
ec2:PurchaseReservedInstancesOffering,EC2,OTHER,MEDIUM,5,Project-defined review required for this operation.
iam:DeleteGroupPolicy,IAM,PERMISSION_CHANGE,CRITICAL,10,Can change authorization or grant/restrict permissions.
rds:ModifyDBInstance,RDS,WRITE,MEDIUM,5,Creates or modifies AWS resources or service state.
s3:ListBuckets,S3,READ,LOW,2,Primarily reads or inspects AWS state/data.
s3:DeleteBucketPolicy,S3,PERMISSION_CHANGE,CRITICAL,10,Can change authorization or grant/restrict permissions.
ec2:DescribeLocalGatewayVirtualInterfaces,EC2,READ,LOW,2,Primarily reads or inspects AWS state/data.
logs:DeleteIndexPolicy,CloudWatch Logs,PERMISSION_CHANGE,CRITICAL,10,Can change authorization or grant/restrict permissions.
athena:DeletePreparedStatement,Athena,DELETE,HIGH,8,"Can remove, terminate, or destroy AWS resources/data."
sagemaker:ListApps,SageMaker,READ,LOW,2,Primarily reads or inspects AWS state/data.
guardduty:UntagResource,GuardDuty,TAGGING,LOW,3,Changes resource tags or metadata.
redshift:DeleteEventSubscription,Redshift,DELETE,HIGH,8,"Can remove, terminate, or destroy AWS resources/data."
ec2:DescribeTrafficMirrorFilterRules,EC2,READ,LOW,2,Primarily reads or inspects AWS state/data.
ssm:PutComplianceItems,Systems Manager,WRITE,MEDIUM,5,Creates or modifies AWS resources or service state.
logs:PutLogEvents,CloudWatch Logs,WRITE,MEDIUM,5,Creates or modifies AWS resources or service state.
cloudformation:DescribeStackEvents,CloudFormation,READ,LOW,2,Primarily reads or inspects AWS state/data.
ecs:UpdateCluster,ECS,WRITE,MEDIUM,5,Creates or modifies AWS resources or service state.
iam:GetLoginProfile,IAM,READ,LOW,2,Primarily reads or inspects AWS state/data.
eks:DescribeFargateProfile,EKS,READ,LOW,2,Primarily reads or inspects AWS state/data.
ec2:DeleteTransitGatewayPeeringAttachment,EC2,DELETE,HIGH,8,"Can remove, terminate, or destroy AWS resources/data."
cognito-idp:DeleteManagedLoginBranding,Cognito Identity,DELETE,HIGH,8,"Can remove, terminate, or destroy AWS resources/data."
rds:ModifyIntegration,RDS,WRITE,MEDIUM,5,Creates or modifies AWS resources or service state.
logs:GetDeliverySource,CloudWatch Logs,READ,LOW,2,Primarily reads or inspects AWS state/data.
ec2:DescribeTransitGatewayConnectPeers,EC2,READ,LOW,2,Primarily reads or inspects AWS state/data.
ssm:DeleteResourceDataSync,Systems Manager,DELETE,HIGH,8,"Can remove, terminate, or destroy AWS resources/data."
cloudtrail:ListPublicKeys,CloudTrail,READ,LOW,2,Primarily reads or inspects AWS state/data.
secretsmanager:CreateSecret,Secrets Manager,WRITE,MEDIUM,5,Creates or modifies AWS resources or service state.
redshift:CreateSnapshotCopyGrant,Redshift,PERMISSION_CHANGE,CRITICAL,10,Can change authorization or grant/restrict permissions.
guardduty:TagResource,GuardDuty,TAGGING,LOW,3,Changes resource tags or metadata.
redshift:RestoreFromClusterSnapshot,Redshift,WRITE,MEDIUM,5,Creates or modifies AWS resources or service state.
kinesis:UpdateMaxRecordSize,Kinesis,WRITE,MEDIUM,5,Creates or modifies AWS resources or service state.
sagemaker:UpdateAction,SageMaker,WRITE,MEDIUM,5,Creates or modifies AWS resources or service state.
glue:GetMLTransforms,Glue,READ,LOW,2,Primarily reads or inspects AWS state/data.
opensearch:DeleteOutboundConnection,OpenSearch,DELETE,HIGH,8,"Can remove, terminate, or destroy AWS resources/data."
cloudformation:UpdateGeneratedTemplate,CloudFormation,WRITE,MEDIUM,5,Creates or modifies AWS resources or service state.
athena:CancelCapacityReservation,Athena,MODIFY,MEDIUM,5,Changes or disables an existing resource/service state.
logs:CreateLogStream,CloudWatch Logs,WRITE,MEDIUM,5,Creates or modifies AWS resources or service state.
bedrock:CreateFoundationModelAgreement,Bedrock,WRITE,MEDIUM,5,Creates or modifies AWS resources or service state.
ec2:CreateNetworkInsightsAccessScope,EC2,WRITE,MEDIUM,5,Creates or modifies AWS resources or service state.
rds:ModifyDBProxyEndpoint,RDS,WRITE,MEDIUM,5,Creates or modifies AWS resources or service state.
route53:DeleteTrafficPolicy,Route 53,PERMISSION_CHANGE,CRITICAL,10,Can change authorization or grant/restrict permissions.
ec2:DeleteFleets,EC2,DELETE,HIGH,8,"Can remove, terminate, or destroy AWS resources/data."
iam:UpdateServiceSpecificCredential,IAM,WRITE,MEDIUM,5,Creates or modifies AWS resources or service state.
iam:DeleteSAMLProvider,IAM,DELETE,HIGH,8,"Can remove, terminate, or destroy AWS resources/data."
ecr:PutImage,ECR,WRITE,MEDIUM,5,Creates or modifies AWS resources or service state.
bedrock:GetFoundationModelAvailability,Bedrock,READ,LOW,2,Primarily reads or inspects AWS state/data.
ec2:AssociateEnclaveCertificateIamRole,EC2,WRITE,MEDIUM,5,Creates or modifies AWS resources or service state.
cloudformation:RegisterType,CloudFormation,WRITE,MEDIUM,5,Creates or modifies AWS resources or service state.
glue:GetMLTransform,Glue,READ,LOW,2,Primarily reads or inspects AWS state/data.
kinesis:UpdateShardCount,Kinesis,WRITE,MEDIUM,5,Creates or modifies AWS resources or service state.
ec2:DeleteNetworkAcl,EC2,DELETE,HIGH,8,"Can remove, terminate, or destroy AWS resources/data."
sagemaker:ListTrials,SageMaker,READ,LOW,2,Primarily reads or inspects AWS state/data.
sagemaker:UpdateFeatureMetadata,SageMaker,WRITE,MEDIUM,5,Creates or modifies AWS resources or service state.
sagemaker:CreateArtifact,SageMaker,WRITE,MEDIUM,5,Creates or modifies AWS resources or service state.
bedrock:GetModelInvocationLoggingConfiguration,Bedrock,READ,LOW,2,Primarily reads or inspects AWS state/data.
sts:AssumeRole,STS,PERMISSION_CHANGE,CRITICAL,10,Can change authorization or grant/restrict permissions.
rds:DescribeGlobalClusters,RDS,READ,LOW,2,Primarily reads or inspects AWS state/data.
glue:BatchGetDataQualityResult,Glue,READ,LOW,2,Primarily reads or inspects AWS state/data.
route53:ListTagsForResource,Route 53,READ,LOW,2,Primarily reads or inspects AWS state/data.
comprehend:StartEventsDetectionJob,Comprehend,WRITE,MEDIUM,5,Creates or modifies AWS resources or service state.
ssm:ListAssociationVersions,Systems Manager,READ,LOW,2,Primarily reads or inspects AWS state/data.
sagemaker:DescribeSpace,SageMaker,READ,LOW,2,Primarily reads or inspects AWS state/data.
glue:ListCrawls,Glue,READ,LOW,2,Primarily reads or inspects AWS state/data.
iam:ListInstanceProfileTags,IAM,READ,LOW,2,Primarily reads or inspects AWS state/data.
ec2:DeleteIpamPolicy,EC2,PERMISSION_CHANGE,CRITICAL,10,Can change authorization or grant/restrict permissions.
ec2:ModifyInstanceCpuOptions,EC2,WRITE,MEDIUM,5,Creates or modifies AWS resources or service state.
ssm:DeleteActivation,Systems Manager,DELETE,HIGH,8,"Can remove, terminate, or destroy AWS resources/data."
s3:DeletePublicAccessBlock,S3,DELETE,HIGH,8,"Can remove, terminate, or destroy AWS resources/data."
comprehend:DetectToxicContent,Comprehend,OTHER,MEDIUM,5,Project-defined review required for this operation.
eks:DeletePodIdentityAssociation,EKS,DELETE,HIGH,8,"Can remove, terminate, or destroy AWS resources/data."
sagemaker:CreateFeatureGroup,SageMaker,WRITE,MEDIUM,5,Creates or modifies AWS resources or service state.
athena:ListQueryExecutions,Athena,READ,LOW,2,Primarily reads or inspects AWS state/data.
ec2:DescribeNetworkInterfaceAttribute,EC2,READ,LOW,2,Primarily reads or inspects AWS state/data.
rds:DescribeIntegrations,RDS,READ,LOW,2,Primarily reads or inspects AWS state/data.
cloudformation:SetTypeDefaultVersion,CloudFormation,WRITE,MEDIUM,5,Creates or modifies AWS resources or service state.
ec2:GetEbsDefaultKmsKeyId,EC2,READ,LOW,2,Primarily reads or inspects AWS state/data.
sagemaker:ListAppImageConfigs,SageMaker,READ,LOW,2,Primarily reads or inspects AWS state/data.
opensearch:DescribeDomainNodes,OpenSearch,READ,LOW,2,Primarily reads or inspects AWS state/data.
rds:DescribeDBParameterGroups,RDS,READ,LOW,2,Primarily reads or inspects AWS state/data.
ec2:EnableAwsNetworkPerformanceMetricSubscription,EC2,WRITE,MEDIUM,5,Creates or modifies AWS resources or service state.
ecs:CreateCluster,ECS,WRITE,MEDIUM,5,Creates or modifies AWS resources or service state.
ec2:DescribeDeclarativePoliciesReports,EC2,READ,LOW,2,Primarily reads or inspects AWS state/data.
lambda:ListLayers,Lambda,READ,LOW,2,Primarily reads or inspects AWS state/data.
ec2:DescribeSubnets,EC2,READ,LOW,2,Primarily reads or inspects AWS state/data.
guardduty:DeleteMalwareProtectionPlan,GuardDuty,DELETE,HIGH,8,"Can remove, terminate, or destroy AWS resources/data."
sagemaker:StopTransformJob,SageMaker,MODIFY,MEDIUM,5,Changes or disables an existing resource/service state.
apigatewayv2:GetProductPage,API Gateway V2,READ,LOW,2,Primarily reads or inspects AWS state/data.
ec2:EnableEbsEncryptionByDefault,EC2,WRITE,MEDIUM,5,Creates or modifies AWS resources or service state.
glue:BatchGetTableOptimizer,Glue,READ,LOW,2,Primarily reads or inspects AWS state/data.
ec2:GetInstanceUefiData,EC2,READ,LOW,2,Primarily reads or inspects AWS state/data.
sns:ListTagsForResource,SNS,READ,LOW,2,Primarily reads or inspects AWS state/data.
ec2:DescribeEgressOnlyInternetGateways,EC2,READ,LOW,2,Primarily reads or inspects AWS state/data.
sagemaker:DeleteModelPackageGroup,SageMaker,DELETE,HIGH,8,"Can remove, terminate, or destroy AWS resources/data."
ec2:EnableVolumeIO,EC2,WRITE,MEDIUM,5,Creates or modifies AWS resources or service state.
guardduty:InviteMembers,GuardDuty,OTHER,MEDIUM,5,Project-defined review required for this operation.
apigatewayv2:CreateRoute,API Gateway V2,WRITE,MEDIUM,5,Creates or modifies AWS resources or service state.
ec2:DeleteLaunchTemplateVersions,EC2,DELETE,HIGH,8,"Can remove, terminate, or destroy AWS resources/data."
glue:StartDataQualityRuleRecommendationRun,Glue,WRITE,MEDIUM,5,Creates or modifies AWS resources or service state.
ec2:DescribeVolumeAttribute,EC2,READ,LOW,2,Primarily reads or inspects AWS state/data.
cognito-idp:DeleteUserPoolDomain,Cognito Identity,IDENTITY,HIGH,9,"Can create, modify, or remove an identity or credential."
cognito-idp:ForgotPassword,Cognito Identity,OTHER,MEDIUM,5,Project-defined review required for this operation.
apigatewayv2:GetRouteResponses,API Gateway V2,READ,LOW,2,Primarily reads or inspects AWS state/data.
sns:ListPlatformApplications,SNS,READ,LOW,2,Primarily reads or inspects AWS state/data.
logs:GetDeliveryDestination,CloudWatch Logs,READ,LOW,2,Primarily reads or inspects AWS state/data.
glue:ResumeWorkflowRun,Glue,OTHER,MEDIUM,5,Project-defined review required for this operation.
apigatewayv2:GetRoutingRule,API Gateway V2,READ,LOW,2,Primarily reads or inspects AWS state/data.
glue:UpdateJobFromSourceControl,Glue,WRITE,MEDIUM,5,Creates or modifies AWS resources or service state.
autoscaling:DescribeAccountLimits,Auto Scaling,READ,LOW,2,Primarily reads or inspects AWS state/data.
redshift:CreateCluster,Redshift,WRITE,MEDIUM,5,Creates or modifies AWS resources or service state.
logs:StopQuery,CloudWatch Logs,MODIFY,MEDIUM,5,Changes or disables an existing resource/service state.
sns:GetEndpointAttributes,SNS,READ,LOW,2,Primarily reads or inspects AWS state/data.
dynamodb:ListGlobalTables,DynamoDB,READ,LOW,2,Primarily reads or inspects AWS state/data.
glue:GetTags,Glue,READ,LOW,2,Primarily reads or inspects AWS state/data.
logs:PutLogGroupDeletionProtection,CloudWatch Logs,WRITE,MEDIUM,5,Creates or modifies AWS resources or service state.
ecs:DescribeDaemonTaskDefinition,ECS,READ,LOW,2,Primarily reads or inspects AWS state/data.
opensearch:UpdateVpcEndpoint,OpenSearch,WRITE,MEDIUM,5,Creates or modifies AWS resources or service state.
s3:ListBucket,s3,READ,LOW,2,Read/list access to S3 bucket metadata; generally low inherent risk.
ec2:ProvisionByoipCidr,EC2,WRITE,MEDIUM,5,Creates or modifies AWS resources or service state.
glue:GetResourcePolicy,Glue,PERMISSION_CHANGE,CRITICAL,10,Can change authorization or grant/restrict permissions.
ec2:CreateRouteTable,EC2,WRITE,MEDIUM,5,Creates or modifies AWS resources or service state.
iam:ListRolePolicies,IAM,READ,LOW,2,Primarily reads or inspects AWS state/data.
ec2:ModifyVpcEndpointConnectionNotification,EC2,WRITE,MEDIUM,5,Creates or modifies AWS resources or service state.
redshift:BatchModifyClusterSnapshots,Redshift,OTHER,MEDIUM,5,Project-defined review required for this operation.
eks:ListAccessPolicies,EKS,READ,LOW,2,Primarily reads or inspects AWS state/data.
route53:DeleteVPCAssociationAuthorization,Route 53,PERMISSION_CHANGE,CRITICAL,10,Can change authorization or grant/restrict permissions.
cloudformation:DescribeResourceScan,CloudFormation,READ,LOW,2,Primarily reads or inspects AWS state/data.
rds:DescribeDBRecommendations,RDS,READ,LOW,2,Primarily reads or inspects AWS state/data.
glue:GetUnfilteredPartitionMetadata,Glue,READ,LOW,2,Primarily reads or inspects AWS state/data.
redshift:DescribeSnapshotSchedules,Redshift,READ,LOW,2,Primarily reads or inspects AWS state/data.
iam:TagPolicy,IAM,PERMISSION_CHANGE,CRITICAL,10,Can change authorization or grant/restrict permissions.
glue:UpdateMLTransform,Glue,WRITE,MEDIUM,5,Creates or modifies AWS resources or service state.
ec2:ModifyCapacityReservationFleet,EC2,WRITE,MEDIUM,5,Creates or modifies AWS resources or service state.
s3:PutObjectLegalHold,S3,WRITE,MEDIUM,5,Creates or modifies AWS resources or service state.
opensearch:DeleteApplication,OpenSearch,DELETE,HIGH,8,"Can remove, terminate, or destroy AWS resources/data."
sagemaker:AddTags,SageMaker,WRITE,MEDIUM,5,Creates or modifies AWS resources or service state.
opensearch:DescribeInsightDetails,OpenSearch,READ,LOW,2,Primarily reads or inspects AWS state/data.
sagemaker:DescribeInferenceComponent,SageMaker,READ,LOW,2,Primarily reads or inspects AWS state/data.
firehose:DeleteDeliveryStream,Kinesis Firehose,DELETE,HIGH,8,"Can remove, terminate, or destroy AWS resources/data."
ssm:DeregisterTaskFromMaintenanceWindow,Systems Manager,OTHER,MEDIUM,5,Project-defined review required for this operation.
sagemaker:DeleteArtifact,SageMaker,DELETE,HIGH,8,"Can remove, terminate, or destroy AWS resources/data."
rds:CopyDBParameterGroup,RDS,WRITE,MEDIUM,5,Creates or modifies AWS resources or service state.
comprehend:ListEntityRecognizers,Comprehend,READ,LOW,2,Primarily reads or inspects AWS state/data.
glue:GetUserDefinedFunction,Glue,READ,LOW,2,Primarily reads or inspects AWS state/data.
guardduty:DeleteTrustedEntitySet,GuardDuty,DELETE,HIGH,8,"Can remove, terminate, or destroy AWS resources/data."
cloudformation:ListTypes,CloudFormation,READ,LOW,2,Primarily reads or inspects AWS state/data.
glue:UpdateUsageProfile,Glue,WRITE,MEDIUM,5,Creates or modifies AWS resources or service state.
ec2:AcceptTransitGatewayPeeringAttachment,EC2,OTHER,MEDIUM,5,Project-defined review required for this operation.
autoscaling:SetInstanceProtection,Auto Scaling,WRITE,MEDIUM,5,Creates or modifies AWS resources or service state.
cognito-idp:GetTokensFromRefreshToken,Cognito Identity,READ,LOW,2,Primarily reads or inspects AWS state/data.
sagemaker:ListHyperParameterTuningJobs,SageMaker,READ,LOW,2,Primarily reads or inspects AWS state/data.
kms:DeriveSharedSecret,KMS,OTHER,MEDIUM,5,Project-defined review required for this operation.
autoscaling:UpdateAutoScalingGroup,Auto Scaling,WRITE,MEDIUM,5,Creates or modifies AWS resources or service state.
athena:BatchGetQueryExecution,Athena,READ,LOW,2,Primarily reads or inspects AWS state/data.
ec2:UnlockSnapshot,EC2,OTHER,MEDIUM,5,Project-defined review required for this operation.
apigatewayv2:DeleteIntegration,API Gateway V2,DELETE,HIGH,8,"Can remove, terminate, or destroy AWS resources/data."
iam:UpdateAccountPasswordPolicy,IAM,PERMISSION_CHANGE,CRITICAL,10,Can change authorization or grant/restrict permissions.
sagemaker:DescribeUserProfile,SageMaker,READ,LOW,2,Primarily reads or inspects AWS state/data.
ec2:DisassociateTransitGatewayRouteTable,EC2,MODIFY,MEDIUM,5,Changes or disables an existing resource/service state.
s3:CreateMultipartUpload,S3,WRITE,MEDIUM,5,Creates or modifies AWS resources or service state.
autoscaling:StartInstanceRefresh,Auto Scaling,WRITE,MEDIUM,5,Creates or modifies AWS resources or service state.
ec2:DisableImageDeregistrationProtection,EC2,MODIFY,MEDIUM,5,Changes or disables an existing resource/service state.
ec2:AssociateAddress,EC2,WRITE,MEDIUM,5,Creates or modifies AWS resources or service state.
ecs:DeleteAccountSetting,ECS,DELETE,HIGH,8,"Can remove, terminate, or destroy AWS resources/data."
sns:ConfirmSubscription,SNS,OTHER,MEDIUM,5,Project-defined review required for this operation.
glue:QuerySchemaVersionMetadata,Glue,READ,LOW,2,Primarily reads or inspects AWS state/data.
sagemaker:CreateClusterSchedulerConfig,SageMaker,WRITE,MEDIUM,5,Creates or modifies AWS resources or service state.
ec2:GetVpcResourcesBlockingEncryptionEnforcement,EC2,READ,LOW,2,Primarily reads or inspects AWS state/data.
apigatewayv2:PutRoutingRule,API Gateway V2,WRITE,MEDIUM,5,Creates or modifies AWS resources or service state.
ec2:DescribeFleetInstances,EC2,READ,LOW,2,Primarily reads or inspects AWS state/data.
bedrock:GetAutomatedReasoningPolicyTestResult,Bedrock,PERMISSION_CHANGE,CRITICAL,10,Can change authorization or grant/restrict permissions.
ec2:ModifyIpamPool,EC2,WRITE,MEDIUM,5,Creates or modifies AWS resources or service state.
s3:PutBucketEncryption,S3,WRITE,MEDIUM,5,Creates or modifies AWS resources or service state.
eks:DescribeInsightsRefresh,EKS,READ,LOW,2,Primarily reads or inspects AWS state/data.
bedrock:GetMarketplaceModelEndpoint,Bedrock,READ,LOW,2,Primarily reads or inspects AWS state/data.
ec2:DescribeRouteServerEndpoints,EC2,READ,LOW,2,Primarily reads or inspects AWS state/data.
ec2:ModifyVpcEncryptionControl,EC2,WRITE,MEDIUM,5,Creates or modifies AWS resources or service state.
sagemaker:DeleteAIRecommendationJob,SageMaker,DELETE,HIGH,8,"Can remove, terminate, or destroy AWS resources/data."
rds:DeleteGlobalCluster,RDS,DELETE,HIGH,8,"Can remove, terminate, or destroy AWS resources/data."
ec2:BundleInstance,EC2,OTHER,MEDIUM,5,Project-defined review required for this operation.
cognito-idp:SetUserSettings,Cognito Identity,WRITE,MEDIUM,5,Creates or modifies AWS resources or service state.
iam:DeletePolicy,IAM,PERMISSION_CHANGE,CRITICAL,10,Can change authorization or grant/restrict permissions.
redshift:DescribeClusterSecurityGroups,Redshift,READ,LOW,2,Primarily reads or inspects AWS state/data.
ssm:DescribeParameters,Systems Manager,READ,LOW,2,Primarily reads or inspects AWS state/data.
iam:ListSSHPublicKeys,IAM,READ,LOW,2,Primarily reads or inspects AWS state/data.
logs:DeleteScheduledQuery,CloudWatch Logs,DELETE,HIGH,8,"Can remove, terminate, or destroy AWS resources/data."
ec2:DeleteTransitGatewayRouteTable,EC2,DELETE,HIGH,8,"Can remove, terminate, or destroy AWS resources/data."
redshift:DescribeClusterDbRevisions,Redshift,READ,LOW,2,Primarily reads or inspects AWS state/data.
ec2:ModifyVolumeAttribute,EC2,WRITE,MEDIUM,5,Creates or modifies AWS resources or service state.
ecr:PutRegistryPolicy,ECR,PERMISSION_CHANGE,CRITICAL,10,Can change authorization or grant/restrict permissions.
iam:AddRoleToInstanceProfile,IAM,WRITE,MEDIUM,5,Creates or modifies AWS resources or service state.
sagemaker:ListFlowDefinitions,SageMaker,READ,LOW,2,Primarily reads or inspects AWS state/data.
cloudwatch:SetAlarmState,CloudWatch,WRITE,MEDIUM,5,Creates or modifies AWS resources or service state.
lambda:UpdateFunctionCode,Lambda,WRITE,MEDIUM,5,Creates or modifies AWS resources or service state.
ec2:DisableVpcClassicLinkDnsSupport,EC2,MODIFY,MEDIUM,5,Changes or disables an existing resource/service state.
lambda:GetProvisionedConcurrencyConfig,Lambda,READ,LOW,2,Primarily reads or inspects AWS state/data.
glue:CreateIntegrationTableProperties,Glue,WRITE,MEDIUM,5,Creates or modifies AWS resources or service state.
apigatewayv2:GetAuthorizer,API Gateway V2,PERMISSION_CHANGE,CRITICAL,10,Can change authorization or grant/restrict permissions.
kms:GenerateRandom,KMS,SECURITY_SENSITIVE,HIGH,8,Can expose or manipulate sensitive security material/access.
ec2:GetAwsNetworkPerformanceData,EC2,READ,LOW,2,Primarily reads or inspects AWS state/data.
glue:ListSchemaVersions,Glue,READ,LOW,2,Primarily reads or inspects AWS state/data.
ec2:DisableImageBlockPublicAccess,EC2,MODIFY,MEDIUM,5,Changes or disables an existing resource/service state.
athena:DeleteNamedQuery,Athena,DELETE,HIGH,8,"Can remove, terminate, or destroy AWS resources/data."
dynamodb:DisableKinesisStreamingDestination,DynamoDB,MODIFY,MEDIUM,5,Changes or disables an existing resource/service state.
autoscaling:TerminateInstanceInAutoScalingGroup,Auto Scaling,DELETE,HIGH,8,"Can remove, terminate, or destroy AWS resources/data."
opensearch:ListApplications,OpenSearch,READ,LOW,2,Primarily reads or inspects AWS state/data.
rds:ModifyDBSnapshot,RDS,WRITE,MEDIUM,5,Creates or modifies AWS resources or service state.
ssm:DeregisterPatchBaselineForPatchGroup,Systems Manager,OTHER,MEDIUM,5,Project-defined review required for this operation.
ec2:DeleteNetworkInsightsAccessScopeAnalysis,EC2,DELETE,HIGH,8,"Can remove, terminate, or destroy AWS resources/data."
ec2:StartDeclarativePoliciesReport,EC2,WRITE,MEDIUM,5,Creates or modifies AWS resources or service state.
lambda:DeleteFunction,Lambda,DELETE,HIGH,8,"Can remove, terminate, or destroy AWS resources/data."
apigateway:GetApiKeys,API Gateway,READ,LOW,2,Primarily reads or inspects AWS state/data.
cognito-idp:GetLogDeliveryConfiguration,Cognito Identity,READ,LOW,2,Primarily reads or inspects AWS state/data.
bedrock:DeregisterMarketplaceModelEndpoint,Bedrock,OTHER,MEDIUM,5,Project-defined review required for this operation.
sagemaker:DescribeCodeRepository,SageMaker,READ,LOW,2,Primarily reads or inspects AWS state/data.
redshift:DeauthorizeDataShare,Redshift,PERMISSION_CHANGE,CRITICAL,10,Can change authorization or grant/restrict permissions.
iam:EnableOrganizationsRootCredentialsManagement,IAM,WRITE,MEDIUM,5,Creates or modifies AWS resources or service state.
ssm:UnlabelParameterVersion,Systems Manager,OTHER,MEDIUM,5,Project-defined review required for this operation.
ec2:DeleteVpnConnection,EC2,DELETE,HIGH,8,"Can remove, terminate, or destroy AWS resources/data."
glue:ListMLTransforms,Glue,READ,LOW,2,Primarily reads or inspects AWS state/data.
glue:UpdateBlueprint,Glue,WRITE,MEDIUM,5,Creates or modifies AWS resources or service state.
cloudtrail:GetEventConfiguration,CloudTrail,READ,LOW,2,Primarily reads or inspects AWS state/data.
ec2:RejectTransitGatewayPeeringAttachment,EC2,OTHER,MEDIUM,5,Project-defined review required for this operation.
cloudtrail:DeleteChannel,CloudTrail,DELETE,HIGH,8,"Can remove, terminate, or destroy AWS resources/data."
ecr:DeleteRepositoryPolicy,ECR,PERMISSION_CHANGE,CRITICAL,10,Can change authorization or grant/restrict permissions.
rds:PromoteReadReplicaDBCluster,RDS,OTHER,MEDIUM,5,Project-defined review required for this operation.
ec2:AcceptCapacityReservationBillingOwnership,EC2,OTHER,MEDIUM,5,Project-defined review required for this operation.
rds:DisableHttpEndpoint,RDS,MODIFY,MEDIUM,5,Changes or disables an existing resource/service state.
events:UpdateApiDestination,EventBridge,WRITE,MEDIUM,5,Creates or modifies AWS resources or service state.
lambda:SendDurableExecutionCallbackSuccess,Lambda,WRITE,MEDIUM,5,Creates or modifies AWS resources or service state.
bedrock:ListAutomatedReasoningPolicyBuildWorkflows,Bedrock,PERMISSION_CHANGE,CRITICAL,10,Can change authorization or grant/restrict permissions.
logs:PutSubscriptionFilter,CloudWatch Logs,WRITE,MEDIUM,5,Creates or modifies AWS resources or service state.
kms:DisableKeyRotation,KMS,MODIFY,MEDIUM,5,Changes or disables an existing resource/service state.
apigatewayv2:DeleteRoutingRule,API Gateway V2,DELETE,HIGH,8,"Can remove, terminate, or destroy AWS resources/data."
sagemaker:ListHubContents,SageMaker,READ,LOW,2,Primarily reads or inspects AWS state/data.
logs:PutMetricFilter,CloudWatch Logs,WRITE,MEDIUM,5,Creates or modifies AWS resources or service state.
kms:DisableKey,KMS,MODIFY,MEDIUM,5,Changes or disables an existing resource/service state.
ecs:DescribeTasks,ECS,READ,LOW,2,Primarily reads or inspects AWS state/data.
ssm:CreatePatchBaseline,Systems Manager,WRITE,MEDIUM,5,Creates or modifies AWS resources or service state.
apigatewayv2:UpdateStage,API Gateway V2,WRITE,MEDIUM,5,Creates or modifies AWS resources or service state.
cloudformation:ListStackInstanceResourceDrifts,CloudFormation,READ,LOW,2,Primarily reads or inspects AWS state/data.
rds:FailoverDBCluster,RDS,OTHER,MEDIUM,5,Project-defined review required for this operation.
apigateway:DeleteGatewayResponse,API Gateway,DELETE,HIGH,8,"Can remove, terminate, or destroy AWS resources/data."
s3:PutBucketVersioning,S3,WRITE,MEDIUM,5,Creates or modifies AWS resources or service state.
ec2:DescribeIpv6Pools,EC2,READ,LOW,2,Primarily reads or inspects AWS state/data.
cognito-idp:StartWebAuthnRegistration,Cognito Identity,WRITE,MEDIUM,5,Creates or modifies AWS resources or service state.
rds:DescribeDBProxyEndpoints,RDS,READ,LOW,2,Primarily reads or inspects AWS state/data.
iam:UntagRole,IAM,TAGGING,LOW,3,Changes resource tags or metadata.
sagemaker:UpdateInferenceComponentRuntimeConfig,SageMaker,WRITE,MEDIUM,5,Creates or modifies AWS resources or service state.
ec2:ModifyLocalGatewayRoute,EC2,WRITE,MEDIUM,5,Creates or modifies AWS resources or service state.
sns:DeletePlatformApplication,SNS,DELETE,HIGH,8,"Can remove, terminate, or destroy AWS resources/data."
bedrock:CreateInferenceProfile,Bedrock,WRITE,MEDIUM,5,Creates or modifies AWS resources or service state.
ec2:AssociateSecurityGroupVpc,EC2,WRITE,MEDIUM,5,Creates or modifies AWS resources or service state.
ec2:ModifyVpcBlockPublicAccessOptions,EC2,WRITE,MEDIUM,5,Creates or modifies AWS resources or service state.
glue:StartMaterializedViewRefreshTaskRun,Glue,WRITE,MEDIUM,5,Creates or modifies AWS resources or service state.
cloudformation:CreateChangeSet,CloudFormation,WRITE,MEDIUM,5,Creates or modifies AWS resources or service state.
sagemaker:DeleteModelQualityJobDefinition,SageMaker,DELETE,HIGH,8,"Can remove, terminate, or destroy AWS resources/data."
ec2:DetachVerifiedAccessTrustProvider,EC2,MODIFY,MEDIUM,5,Changes or disables an existing resource/service state.
apigatewayv2:GetPortalProductSharingPolicy,API Gateway V2,PERMISSION_CHANGE,CRITICAL,10,Can change authorization or grant/restrict permissions.
guardduty:GetOrganizationStatistics,GuardDuty,READ,LOW,2,Primarily reads or inspects AWS state/data.
cloudwatch:PutAnomalyDetector,CloudWatch,WRITE,MEDIUM,5,Creates or modifies AWS resources or service state.
cognito-idp:SetLogDeliveryConfiguration,Cognito Identity,WRITE,MEDIUM,5,Creates or modifies AWS resources or service state.
ec2:GetDeclarativePoliciesReportSummary,EC2,READ,LOW,2,Primarily reads or inspects AWS state/data.
cognito-idp:CreateResourceServer,Cognito Identity,WRITE,MEDIUM,5,Creates or modifies AWS resources or service state.
ecs:CreateExpressGatewayService,ECS,WRITE,MEDIUM,5,Creates or modifies AWS resources or service state.
apigatewayv2:ResetAuthorizersCache,API Gateway V2,PERMISSION_CHANGE,CRITICAL,10,Can change authorization or grant/restrict permissions.
events:CreatePartnerEventSource,EventBridge,WRITE,MEDIUM,5,Creates or modifies AWS resources or service state.
sagemaker:UpdateWorkteam,SageMaker,WRITE,MEDIUM,5,Creates or modifies AWS resources or service state.
lambda:GetPolicy,Lambda,PERMISSION_CHANGE,CRITICAL,10,Can change authorization or grant/restrict permissions.
redshift:DescribeNodeConfigurationOptions,Redshift,READ,LOW,2,Primarily reads or inspects AWS state/data.
ec2:UpdateSecurityGroupRuleDescriptionsIngress,EC2,WRITE,MEDIUM,5,Creates or modifies AWS resources or service state.
sagemaker:UpdateCluster,SageMaker,WRITE,MEDIUM,5,Creates or modifies AWS resources or service state.
ecr:GetAccountSetting,ECR,READ,LOW,2,Primarily reads or inspects AWS state/data.
kms:UpdatePrimaryRegion,KMS,WRITE,MEDIUM,5,Creates or modifies AWS resources or service state.
ecs:DeleteService,ECS,DELETE,HIGH,8,"Can remove, terminate, or destroy AWS resources/data."
sagemaker:CreateTrialComponent,SageMaker,WRITE,MEDIUM,5,Creates or modifies AWS resources or service state.
rds:ModifyCertificates,RDS,WRITE,MEDIUM,5,Creates or modifies AWS resources or service state.
glue:DeleteIntegrationResourceProperty,Glue,DELETE,HIGH,8,"Can remove, terminate, or destroy AWS resources/data."
glue:GetJobs,Glue,READ,LOW,2,Primarily reads or inspects AWS state/data.
apigatewayv2:DeleteAccessLogSettings,API Gateway V2,DELETE,HIGH,8,"Can remove, terminate, or destroy AWS resources/data."
guardduty:AcceptInvitation,GuardDuty,OTHER,MEDIUM,5,Project-defined review required for this operation.
iam:ListRoles,IAM,READ,LOW,2,Primarily reads or inspects AWS state/data.
bedrock:StartAutomatedReasoningPolicyBuildWorkflow,Bedrock,PERMISSION_CHANGE,CRITICAL,10,Can change authorization or grant/restrict permissions.
glue:StartColumnStatisticsTaskRun,Glue,WRITE,MEDIUM,5,Creates or modifies AWS resources or service state.
ec2:DeleteSnapshot,EC2,DELETE,HIGH,8,"Can remove, terminate, or destroy AWS resources/data."
ec2:CreateCoipCidr,EC2,WRITE,MEDIUM,5,Creates or modifies AWS resources or service state.
glue:RegisterSchemaVersion,Glue,WRITE,MEDIUM,5,Creates or modifies AWS resources or service state.
iam:DetachRolePolicy,IAM,PERMISSION_CHANGE,CRITICAL,10,Can change authorization or grant/restrict permissions.
guardduty:UpdateOrganizationConfiguration,GuardDuty,WRITE,MEDIUM,5,Creates or modifies AWS resources or service state.
glue:StopMaterializedViewRefreshTaskRun,Glue,MODIFY,MEDIUM,5,Changes or disables an existing resource/service state.
glue:GetTriggers,Glue,READ,LOW,2,Primarily reads or inspects AWS state/data.
ec2:ModifySubnetAttribute,EC2,WRITE,MEDIUM,5,Creates or modifies AWS resources or service state.
athena:ListExecutors,Athena,READ,LOW,2,Primarily reads or inspects AWS state/data.
kinesis:TagResource,Kinesis,TAGGING,LOW,3,Changes resource tags or metadata.
sagemaker:DescribeClusterSchedulerConfig,SageMaker,READ,LOW,2,Primarily reads or inspects AWS state/data.
firehose:CreateDeliveryStream,Kinesis Firehose,WRITE,MEDIUM,5,Creates or modifies AWS resources or service state.
guardduty:ListInvitations,GuardDuty,READ,LOW,2,Primarily reads or inspects AWS state/data.
sagemaker:ListEndpointConfigs,SageMaker,READ,LOW,2,Primarily reads or inspects AWS state/data.
redshift:ListRecommendations,Redshift,READ,LOW,2,Primarily reads or inspects AWS state/data.
ec2:CancelSpotInstanceRequests,EC2,MODIFY,MEDIUM,5,Changes or disables an existing resource/service state.
lambda:CreateCapacityProvider,Lambda,WRITE,MEDIUM,5,Creates or modifies AWS resources or service state.
sagemaker:CreateAction,SageMaker,WRITE,MEDIUM,5,Creates or modifies AWS resources or service state.
guardduty:DeletePublishingDestination,GuardDuty,DELETE,HIGH,8,"Can remove, terminate, or destroy AWS resources/data."
glue:BatchUpdatePartition,Glue,OTHER,MEDIUM,5,Project-defined review required for this operation.
glue:UntagResource,Glue,TAGGING,LOW,3,Changes resource tags or metadata.
glue:CreateDataQualityRuleset,Glue,WRITE,MEDIUM,5,Creates or modifies AWS resources or service state.
cloudtrail:RemoveTags,CloudTrail,DELETE,HIGH,8,"Can remove, terminate, or destroy AWS resources/data."
ec2:DisableImageDeprecation,EC2,MODIFY,MEDIUM,5,Changes or disables an existing resource/service state.
sagemaker:CreateWorkforce,SageMaker,WRITE,MEDIUM,5,Creates or modifies AWS resources or service state.
apigateway:PutGatewayResponse,API Gateway,WRITE,MEDIUM,5,Creates or modifies AWS resources or service state.
ec2:ModifyInstanceMetadataDefaults,EC2,WRITE,MEDIUM,5,Creates or modifies AWS resources or service state.
route53:GetDNSSEC,Route 53,READ,LOW,2,Primarily reads or inspects AWS state/data.
ec2:ImportVolume,EC2,WRITE,MEDIUM,5,Creates or modifies AWS resources or service state.
logs:TagResource,CloudWatch Logs,TAGGING,LOW,3,Changes resource tags or metadata.
glue:UpdatePartition,Glue,WRITE,MEDIUM,5,Creates or modifies AWS resources or service state.
ec2:MoveAddressToVpc,EC2,WRITE,MEDIUM,5,Creates or modifies AWS resources or service state.
sns:GetSubscriptionAttributes,SNS,READ,LOW,2,Primarily reads or inspects AWS state/data.
iam:CreateServiceSpecificCredential,IAM,WRITE,MEDIUM,5,Creates or modifies AWS resources or service state.
glue:UpdateConnection,Glue,WRITE,MEDIUM,5,Creates or modifies AWS resources or service state.
cloudwatch:DescribeAlarmContributors,CloudWatch,READ,LOW,2,Primarily reads or inspects AWS state/data.
athena:GetResourceDashboard,Athena,READ,LOW,2,Primarily reads or inspects AWS state/data.
guardduty:AcceptAdministratorInvitation,GuardDuty,OTHER,MEDIUM,5,Project-defined review required for this operation.
glue:BatchCreatePartition,Glue,OTHER,MEDIUM,5,Project-defined review required for this operation.
athena:GetSessionStatus,Athena,READ,LOW,2,Primarily reads or inspects AWS state/data.
firehose:ListTagsForDeliveryStream,Kinesis Firehose,READ,LOW,2,Primarily reads or inspects AWS state/data.
bedrock:ListTagsForResource,Bedrock,READ,LOW,2,Primarily reads or inspects AWS state/data.
cloudtrail:EnableFederation,CloudTrail,WRITE,MEDIUM,5,Creates or modifies AWS resources or service state.
ec2:DescribeTransitGatewayMulticastDomains,EC2,READ,LOW,2,Primarily reads or inspects AWS state/data.
cognito-idp:DeleteUser,Cognito Identity,IDENTITY,HIGH,9,"Can create, modify, or remove an identity or credential."
autoscaling:DescribeTerminationPolicyTypes,Auto Scaling,PERMISSION_CHANGE,CRITICAL,10,Can change authorization or grant/restrict permissions.
cloudwatch:ListTagsForResource,CloudWatch,READ,LOW,2,Primarily reads or inspects AWS state/data.
ec2:ModifyTrafficMirrorSession,EC2,WRITE,MEDIUM,5,Creates or modifies AWS resources or service state.
s3:HeadObject,S3,READ,LOW,2,Primarily reads or inspects AWS state/data.
ec2:ResetNetworkInterfaceAttribute,EC2,OTHER,MEDIUM,5,Project-defined review required for this operation.
sagemaker:UpdatePipelineExecution,SageMaker,WRITE,MEDIUM,5,Creates or modifies AWS resources or service state.
ec2:DeleteEgressOnlyInternetGateway,EC2,DELETE,HIGH,8,"Can remove, terminate, or destroy AWS resources/data."
eks:UpdateEksAnywhereSubscription,EKS,WRITE,MEDIUM,5,Creates or modifies AWS resources or service state.
athena:UpdateDataCatalog,Athena,WRITE,MEDIUM,5,Creates or modifies AWS resources or service state.
comprehend:DetectDominantLanguage,Comprehend,OTHER,MEDIUM,5,Project-defined review required for this operation.
sagemaker:ListPipelineParametersForExecution,SageMaker,READ,LOW,2,Primarily reads or inspects AWS state/data.
athena:GetCapacityAssignmentConfiguration,Athena,READ,LOW,2,Primarily reads or inspects AWS state/data.
apigateway:GetStages,API Gateway,READ,LOW,2,Primarily reads or inspects AWS state/data.
cognito-idp:ListWebAuthnCredentials,Cognito Identity,READ,LOW,2,Primarily reads or inspects AWS state/data.
ssm:GetOpsMetadata,Systems Manager,READ,LOW,2,Primarily reads or inspects AWS state/data.
guardduty:GetRemainingFreeTrialDays,GuardDuty,READ,LOW,2,Primarily reads or inspects AWS state/data.
ssm:DescribeAssociation,Systems Manager,READ,LOW,2,Primarily reads or inspects AWS state/data.
rds:DeleteCustomDBEngineVersion,RDS,DELETE,HIGH,8,"Can remove, terminate, or destroy AWS resources/data."
ec2:CreateSnapshots,EC2,WRITE,MEDIUM,5,Creates or modifies AWS resources or service state.
rds:CopyOptionGroup,RDS,WRITE,MEDIUM,5,Creates or modifies AWS resources or service state.
sagemaker:DeleteTrialComponent,SageMaker,DELETE,HIGH,8,"Can remove, terminate, or destroy AWS resources/data."
comprehend:ListDocumentClassifierSummaries,Comprehend,READ,LOW,2,Primarily reads or inspects AWS state/data.
apigateway:PATCH,apigateway,WRITE,MEDIUM,5,Modifies API Gateway configuration/resources and can change API behavior.
ec2:ModifyFpgaImageAttribute,EC2,WRITE,MEDIUM,5,Creates or modifies AWS resources or service state.
comprehend:ImportModel,Comprehend,WRITE,MEDIUM,5,Creates or modifies AWS resources or service state.
events:RemoveTargets,EventBridge,DELETE,HIGH,8,"Can remove, terminate, or destroy AWS resources/data."
kinesis:UpdateAccountSettings,Kinesis,WRITE,MEDIUM,5,Creates or modifies AWS resources or service state.
bedrock:CreateMarketplaceModelEndpoint,Bedrock,WRITE,MEDIUM,5,Creates or modifies AWS resources or service state.
ec2:StartNetworkInsightsAnalysis,EC2,WRITE,MEDIUM,5,Creates or modifies AWS resources or service state.
sagemaker:ListModels,SageMaker,READ,LOW,2,Primarily reads or inspects AWS state/data.
apigateway:GetTags,API Gateway,READ,LOW,2,Primarily reads or inspects AWS state/data.
glue:CreatePartition,Glue,WRITE,MEDIUM,5,Creates or modifies AWS resources or service state.
autoscaling:DeleteScheduledAction,Auto Scaling,DELETE,HIGH,8,"Can remove, terminate, or destroy AWS resources/data."
glue:ListBlueprints,Glue,READ,LOW,2,Primarily reads or inspects AWS state/data.
apigateway:UpdateDeployment,API Gateway,WRITE,MEDIUM,5,Creates or modifies AWS resources or service state.
bedrock:GetPromptRouter,Bedrock,READ,LOW,2,Primarily reads or inspects AWS state/data.
ec2:EnableCapacityManager,EC2,WRITE,MEDIUM,5,Creates or modifies AWS resources or service state.
opensearch:CreatePackage,OpenSearch,WRITE,MEDIUM,5,Creates or modifies AWS resources or service state.
iam:ListAttachedUserPolicies,IAM,READ,LOW,2,Primarily reads or inspects AWS state/data.
s3:DeleteBucketMetadataConfiguration,S3,DELETE,HIGH,8,"Can remove, terminate, or destroy AWS resources/data."
logs:DescribeFieldIndexes,CloudWatch Logs,READ,LOW,2,Primarily reads or inspects AWS state/data.
iam:SetSecurityTokenServicePreferences,IAM,WRITE,MEDIUM,5,Creates or modifies AWS resources or service state.
apigatewayv2:GetIntegrationResponse,API Gateway V2,READ,LOW,2,Primarily reads or inspects AWS state/data.
ec2:DeleteSecurityGroup,EC2,DELETE,HIGH,8,"Can remove, terminate, or destroy AWS resources/data."
ec2:RequestSpotInstances,EC2,OTHER,MEDIUM,5,Project-defined review required for this operation.
cognito-idp:AdminListDevices,Cognito Identity,OTHER,MEDIUM,5,Project-defined review required for this operation.
glue:ListCrawlers,Glue,READ,LOW,2,Primarily reads or inspects AWS state/data.
iam:CreateAccountAlias,IAM,WRITE,MEDIUM,5,Creates or modifies AWS resources or service state.
glue:CreateRegistry,Glue,WRITE,MEDIUM,5,Creates or modifies AWS resources or service state.
ec2:DescribeReservedInstancesOfferings,EC2,READ,LOW,2,Primarily reads or inspects AWS state/data.
rds:DescribeValidDBInstanceModifications,RDS,READ,LOW,2,Primarily reads or inspects AWS state/data.
ec2:RestoreSnapshotTier,EC2,WRITE,MEDIUM,5,Creates or modifies AWS resources or service state.
lambda:ListFunctionsByCodeSigningConfig,Lambda,READ,LOW,2,Primarily reads or inspects AWS state/data.
dynamodb:UpdateGlobalTable,DynamoDB,WRITE,MEDIUM,5,Creates or modifies AWS resources or service state.
ec2:DescribeReservedInstancesModifications,EC2,READ,LOW,2,Primarily reads or inspects AWS state/data.
cloudtrail:StartDashboardRefresh,CloudTrail,WRITE,MEDIUM,5,Creates or modifies AWS resources or service state.
s3:DeleteBucketCors,S3,DELETE,HIGH,8,"Can remove, terminate, or destroy AWS resources/data."
ssm:DeleteInventory,Systems Manager,DELETE,HIGH,8,"Can remove, terminate, or destroy AWS resources/data."
sqs:DeleteQueue,SQS,DELETE,HIGH,8,"Can remove, terminate, or destroy AWS resources/data."
bedrock:GetGuardrail,Bedrock,READ,LOW,2,Primarily reads or inspects AWS state/data.
redshift:DescribeAccountAttributes,Redshift,READ,LOW,2,Primarily reads or inspects AWS state/data.
sagemaker:ListDataQualityJobDefinitions,SageMaker,READ,LOW,2,Primarily reads or inspects AWS state/data.
ec2:GetTransitGatewayRouteTablePropagations,EC2,READ,LOW,2,Primarily reads or inspects AWS state/data.
s3:PutBucketIntelligentTieringConfiguration,S3,WRITE,MEDIUM,5,Creates or modifies AWS resources or service state.
sagemaker:DeleteEndpoint,SageMaker,DELETE,HIGH,8,"Can remove, terminate, or destroy AWS resources/data."
autoscaling:LaunchInstances,Auto Scaling,WRITE,MEDIUM,5,Creates or modifies AWS resources or service state.
comprehend:StartTopicsDetectionJob,Comprehend,WRITE,MEDIUM,5,Creates or modifies AWS resources or service state.
athena:GetQueryResults,Athena,READ,LOW,2,Primarily reads or inspects AWS state/data.
ec2:DescribeLaunchTemplates,EC2,READ,LOW,2,Primarily reads or inspects AWS state/data.
sagemaker:DescribeHumanTaskUi,SageMaker,READ,LOW,2,Primarily reads or inspects AWS state/data.
ec2:DescribeTransitGatewayConnects,EC2,READ,LOW,2,Primarily reads or inspects AWS state/data.
eks:DescribePodIdentityAssociation,EKS,READ,LOW,2,Primarily reads or inspects AWS state/data.
sagemaker:ListSpaces,SageMaker,READ,LOW,2,Primarily reads or inspects AWS state/data.
ec2:DescribeConversionTasks,EC2,READ,LOW,2,Primarily reads or inspects AWS state/data.
s3:GetBucketCors,S3,READ,LOW,2,Primarily reads or inspects AWS state/data.
logs:DeleteAccountPolicy,CloudWatch Logs,PERMISSION_CHANGE,CRITICAL,10,Can change authorization or grant/restrict permissions.
s3:GetBucketNotification,S3,READ,LOW,2,Primarily reads or inspects AWS state/data.
ec2:ModifyInstanceConnectEndpoint,EC2,WRITE,MEDIUM,5,Creates or modifies AWS resources or service state.
sagemaker:DescribeArtifact,SageMaker,READ,LOW,2,Primarily reads or inspects AWS state/data.
events:DescribeEventSource,EventBridge,READ,LOW,2,Primarily reads or inspects AWS state/data.
ecr:GetRegistryPolicy,ECR,PERMISSION_CHANGE,CRITICAL,10,Can change authorization or grant/restrict permissions.
sagemaker:ListImageVersions,SageMaker,READ,LOW,2,Primarily reads or inspects AWS state/data.
redshift:AssociateDataShareConsumer,Redshift,WRITE,MEDIUM,5,Creates or modifies AWS resources or service state.
iam:UntagServerCertificate,IAM,TAGGING,LOW,3,Changes resource tags or metadata.
dynamodb:ListTables,DynamoDB,READ,LOW,2,Primarily reads or inspects AWS state/data.
rds:ModifyDBCluster,RDS,WRITE,MEDIUM,5,Creates or modifies AWS resources or service state.
ecs:DiscoverPollEndpoint,ECS,OTHER,MEDIUM,5,Project-defined review required for this operation.
ec2:CopyVolumes,EC2,WRITE,MEDIUM,5,Creates or modifies AWS resources or service state.
glue:GetBlueprintRuns,Glue,READ,LOW,2,Primarily reads or inspects AWS state/data.
ec2:DeleteVpnGateway,EC2,DELETE,HIGH,8,"Can remove, terminate, or destroy AWS resources/data."
rds:DescribeDBProxyTargets,RDS,READ,LOW,2,Primarily reads or inspects AWS state/data.
ec2:RunScheduledInstances,EC2,WRITE,MEDIUM,5,Creates or modifies AWS resources or service state.
s3:DeleteObject,S3,DELETE,HIGH,8,"Can remove, terminate, or destroy AWS resources/data."
sagemaker:CreateSpace,SageMaker,WRITE,MEDIUM,5,Creates or modifies AWS resources or service state.
autoscaling:DisableMetricsCollection,Auto Scaling,MODIFY,MEDIUM,5,Changes or disables an existing resource/service state.
ec2:DescribeByoipCidrs,EC2,READ,LOW,2,Primarily reads or inspects AWS state/data.
comprehend:StartTargetedSentimentDetectionJob,Comprehend,WRITE,MEDIUM,5,Creates or modifies AWS resources or service state.
ec2:DeleteTransitGatewayMeteringPolicy,EC2,PERMISSION_CHANGE,CRITICAL,10,Can change authorization or grant/restrict permissions.
kinesis:ListShards,Kinesis,READ,LOW,2,Primarily reads or inspects AWS state/data.
kms:PutKeyPolicy,KMS,PERMISSION_CHANGE,CRITICAL,10,Can change authorization or grant/restrict permissions.
ec2:DescribeIdentityIdFormat,EC2,READ,LOW,2,Primarily reads or inspects AWS state/data.
iam:UpdateUser,IAM,IDENTITY,HIGH,9,"Can create, modify, or remove an identity or credential."
sagemaker:DeleteComputeQuota,SageMaker,DELETE,HIGH,8,"Can remove, terminate, or destroy AWS resources/data."
logs:DescribeResourcePolicies,CloudWatch Logs,READ,LOW,2,Primarily reads or inspects AWS state/data.
sagemaker:DescribeLabelingJob,SageMaker,READ,LOW,2,Primarily reads or inspects AWS state/data.
comprehend:ListTopicsDetectionJobs,Comprehend,READ,LOW,2,Primarily reads or inspects AWS state/data.
cloudwatch:DeleteAlarms,CloudWatch,DELETE,HIGH,8,"Can remove, terminate, or destroy AWS resources/data."
ec2:DeleteCoipCidr,EC2,DELETE,HIGH,8,"Can remove, terminate, or destroy AWS resources/data."
sagemaker:ListDevices,SageMaker,READ,LOW,2,Primarily reads or inspects AWS state/data.
firehose:StopDeliveryStreamEncryption,Kinesis Firehose,MODIFY,MEDIUM,5,Changes or disables an existing resource/service state.
iam:ListPolicyVersions,IAM,PERMISSION_CHANGE,CRITICAL,10,Can change authorization or grant/restrict permissions.
autoscaling:DescribeScheduledActions,Auto Scaling,READ,LOW,2,Primarily reads or inspects AWS state/data.
kinesis:DescribeStreamConsumer,Kinesis,READ,LOW,2,Primarily reads or inspects AWS state/data.
events:DescribeArchive,EventBridge,READ,LOW,2,Primarily reads or inspects AWS state/data.
glue:GetDataQualityRuleset,Glue,READ,LOW,2,Primarily reads or inspects AWS state/data.
glue:CancelDataQualityRuleRecommendationRun,Glue,MODIFY,MEDIUM,5,Changes or disables an existing resource/service state.
sagemaker:ListModelCardExportJobs,SageMaker,READ,LOW,2,Primarily reads or inspects AWS state/data.
ssm:DescribeEffectiveInstanceAssociations,Systems Manager,READ,LOW,2,Primarily reads or inspects AWS state/data.
lambda:UpdateFunctionUrlConfig,Lambda,WRITE,MEDIUM,5,Creates or modifies AWS resources or service state.
s3:PutObjectAcl,S3,WRITE,MEDIUM,5,Creates or modifies AWS resources or service state.
ecs:ListTasks,ECS,READ,LOW,2,Primarily reads or inspects AWS state/data.
apigateway:GET,apigateway,READ,LOW,2,Read access to API Gateway configuration/resources.
ec2:DescribeCapacityManagerDataExports,EC2,READ,LOW,2,Primarily reads or inspects AWS state/data.
rds:DownloadDBLogFilePortion,RDS,OTHER,MEDIUM,5,Project-defined review required for this operation.
guardduty:UpdateThreatIntelSet,GuardDuty,WRITE,MEDIUM,5,Creates or modifies AWS resources or service state.
events:CreateApiDestination,EventBridge,WRITE,MEDIUM,5,Creates or modifies AWS resources or service state.
iam:CreateAccessKey,IAM,IDENTITY,HIGH,9,"Can create, modify, or remove an identity or credential."
glue:ListRegistries,Glue,READ,LOW,2,Primarily reads or inspects AWS state/data.
ssm:DeleteParameter,Systems Manager,DELETE,HIGH,8,"Can remove, terminate, or destroy AWS resources/data."
bedrock:CancelAutomatedReasoningPolicyBuildWorkflow,Bedrock,PERMISSION_CHANGE,CRITICAL,10,Can change authorization or grant/restrict permissions.
ec2:CreateTransitGatewayRoute,EC2,WRITE,MEDIUM,5,Creates or modifies AWS resources or service state.
redshift:CreateScheduledAction,Redshift,WRITE,MEDIUM,5,Creates or modifies AWS resources or service state.
apigateway:PutMethod,API Gateway,WRITE,MEDIUM,5,Creates or modifies AWS resources or service state.
ec2:AttachClassicLinkVpc,EC2,WRITE,MEDIUM,5,Creates or modifies AWS resources or service state.
apigatewayv2:UpdateProductPage,API Gateway V2,WRITE,MEDIUM,5,Creates or modifies AWS resources or service state.
sagemaker:CreateModelPackage,SageMaker,WRITE,MEDIUM,5,Creates or modifies AWS resources or service state.
redshift:CreateHsmConfiguration,Redshift,WRITE,MEDIUM,5,Creates or modifies AWS resources or service state.
cloudtrail:ListImportFailures,CloudTrail,READ,LOW,2,Primarily reads or inspects AWS state/data.
iam:CreateSAMLProvider,IAM,WRITE,MEDIUM,5,Creates or modifies AWS resources or service state.
apigateway:UpdateRestApi,API Gateway,WRITE,MEDIUM,5,Creates or modifies AWS resources or service state.
ecs:DescribeDaemonDeployments,ECS,READ,LOW,2,Primarily reads or inspects AWS state/data.
glue:GetPartitions,Glue,READ,LOW,2,Primarily reads or inspects AWS state/data.
dynamodb:DescribeGlobalTable,DynamoDB,READ,LOW,2,Primarily reads or inspects AWS state/data.
ec2:ReplaceVpnTunnel,EC2,OTHER,MEDIUM,5,Project-defined review required for this operation.
iam:DeleteVirtualMFADevice,IAM,DELETE,HIGH,8,"Can remove, terminate, or destroy AWS resources/data."
ssm:DescribeOpsItems,Systems Manager,READ,LOW,2,Primarily reads or inspects AWS state/data.
guardduty:CreateThreatIntelSet,GuardDuty,WRITE,MEDIUM,5,Creates or modifies AWS resources or service state.
glue:GetTableVersion,Glue,READ,LOW,2,Primarily reads or inspects AWS state/data.
sagemaker:ListAliases,SageMaker,READ,LOW,2,Primarily reads or inspects AWS state/data.
s3:CreateBucketMetadataConfiguration,S3,WRITE,MEDIUM,5,Creates or modifies AWS resources or service state.
iam:ListInstanceProfilesForRole,IAM,READ,LOW,2,Primarily reads or inspects AWS state/data.
guardduty:GetMalwareScanSettings,GuardDuty,READ,LOW,2,Primarily reads or inspects AWS state/data.
sagemaker:GetDeviceFleetReport,SageMaker,READ,LOW,2,Primarily reads or inspects AWS state/data.
glue:StartExportLabelsTaskRun,Glue,WRITE,MEDIUM,5,Creates or modifies AWS resources or service state.
redshift:ModifyRedshiftIdcApplication,Redshift,WRITE,MEDIUM,5,Creates or modifies AWS resources or service state.
sagemaker:CreateAlgorithm,SageMaker,WRITE,MEDIUM,5,Creates or modifies AWS resources or service state.
ssm:ResumeSession,Systems Manager,SECURITY_SENSITIVE,HIGH,8,Can expose or manipulate sensitive security material/access.
cognito-idp:DeleteGroup,Cognito Identity,DELETE,HIGH,8,"Can remove, terminate, or destroy AWS resources/data."
rds:ModifyDBClusterSnapshotAttribute,RDS,WRITE,MEDIUM,5,Creates or modifies AWS resources or service state.
comprehend:DetectEntities,Comprehend,OTHER,MEDIUM,5,Project-defined review required for this operation.
dynamodb:CreateTable,DynamoDB,WRITE,MEDIUM,5,Creates or modifies AWS resources or service state.
ec2:GetIpamDiscoveredAccounts,EC2,READ,LOW,2,Primarily reads or inspects AWS state/data.
cognito-idp:AdminUpdateUserAttributes,Cognito Identity,IDENTITY,HIGH,9,"Can create, modify, or remove an identity or credential."
sns:CreatePlatformApplication,SNS,WRITE,MEDIUM,5,Creates or modifies AWS resources or service state.
sns:CheckIfPhoneNumberIsOptedOut,SNS,READ,LOW,2,Primarily reads or inspects AWS state/data.
ssm:DescribeAssociationExecutionTargets,Systems Manager,READ,LOW,2,Primarily reads or inspects AWS state/data.
cloudwatch:ListMetricStreams,CloudWatch,READ,LOW,2,Primarily reads or inspects AWS state/data.
redshift:DeleteResourcePolicy,Redshift,PERMISSION_CHANGE,CRITICAL,10,Can change authorization or grant/restrict permissions.
ec2:CancelExportTask,EC2,MODIFY,MEDIUM,5,Changes or disables an existing resource/service state.
ec2:ReplaceRouteTableAssociation,EC2,OTHER,MEDIUM,5,Project-defined review required for this operation.
sagemaker:ListAssociations,SageMaker,READ,LOW,2,Primarily reads or inspects AWS state/data.
ecr:StartLifecyclePolicyPreview,ECR,PERMISSION_CHANGE,CRITICAL,10,Can change authorization or grant/restrict permissions.
lambda:ListVersionsByFunction,Lambda,READ,LOW,2,Primarily reads or inspects AWS state/data.
ssm:DescribeMaintenanceWindowTasks,Systems Manager,READ,LOW,2,Primarily reads or inspects AWS state/data.
apigatewayv2:DeleteStage,API Gateway V2,DELETE,HIGH,8,"Can remove, terminate, or destroy AWS resources/data."
ec2:CreateIpamExternalResourceVerificationToken,EC2,WRITE,MEDIUM,5,Creates or modifies AWS resources or service state.
apigateway:DeleteUsagePlan,API Gateway,DELETE,HIGH,8,"Can remove, terminate, or destroy AWS resources/data."
sagemaker:CreateModelCardExportJob,SageMaker,WRITE,MEDIUM,5,Creates or modifies AWS resources or service state.
ec2:DescribeSpotFleetRequests,EC2,READ,LOW,2,Primarily reads or inspects AWS state/data.
cloudwatch:PutMetricStream,CloudWatch,WRITE,MEDIUM,5,Creates or modifies AWS resources or service state.
apigatewayv2:ListPortalProducts,API Gateway V2,READ,LOW,2,Primarily reads or inspects AWS state/data.
eks:UntagResource,EKS,TAGGING,LOW,3,Changes resource tags or metadata.
logs:DisassociateSourceFromS3TableIntegration,CloudWatch Logs,MODIFY,MEDIUM,5,Changes or disables an existing resource/service state.
sagemaker:DeleteExperiment,SageMaker,DELETE,HIGH,8,"Can remove, terminate, or destroy AWS resources/data."
guardduty:GetCoverageStatistics,GuardDuty,READ,LOW,2,Primarily reads or inspects AWS state/data.
apigateway:CreateRestApi,API Gateway,WRITE,MEDIUM,5,Creates or modifies AWS resources or service state.
rds:DescribeEventSubscriptions,RDS,READ,LOW,2,Primarily reads or inspects AWS state/data.
sagemaker:UpdateTrial,SageMaker,WRITE,MEDIUM,5,Creates or modifies AWS resources or service state.
comprehend:ListTargetedSentimentDetectionJobs,Comprehend,READ,LOW,2,Primarily reads or inspects AWS state/data.
bedrock:GetCustomModel,Bedrock,READ,LOW,2,Primarily reads or inspects AWS state/data.
sagemaker:DeleteAppImageConfig,SageMaker,DELETE,HIGH,8,"Can remove, terminate, or destroy AWS resources/data."
cloudformation:ListTypeVersions,CloudFormation,READ,LOW,2,Primarily reads or inspects AWS state/data.
sagemaker:ListMonitoringExecutions,SageMaker,READ,LOW,2,Primarily reads or inspects AWS state/data.
kinesis:ListTagsForStream,Kinesis,READ,LOW,2,Primarily reads or inspects AWS state/data.
ec2:ModifyVolume,EC2,WRITE,MEDIUM,5,Creates or modifies AWS resources or service state.
eks:ListCapabilities,EKS,READ,LOW,2,Primarily reads or inspects AWS state/data.
sagemaker:PutModelPackageGroupPolicy,SageMaker,PERMISSION_CHANGE,CRITICAL,10,Can change authorization or grant/restrict permissions.
ecs:PutAccountSetting,ECS,WRITE,MEDIUM,5,Creates or modifies AWS resources or service state.
rds:StartDBInstance,RDS,WRITE,MEDIUM,5,Creates or modifies AWS resources or service state.
glue:BatchGetWorkflows,Glue,READ,LOW,2,Primarily reads or inspects AWS state/data.
sagemaker:CreatePartnerAppPresignedUrl,SageMaker,WRITE,MEDIUM,5,Creates or modifies AWS resources or service state.
cognito-idp:GetUICustomization,Cognito Identity,READ,LOW,2,Primarily reads or inspects AWS state/data.
dynamodb:DescribeBackup,DynamoDB,READ,LOW,2,Primarily reads or inspects AWS state/data.
ec2:DescribeCapacityReservationTopology,EC2,READ,LOW,2,Primarily reads or inspects AWS state/data.
bedrock:GetModelInvocationJob,Bedrock,READ,LOW,2,Primarily reads or inspects AWS state/data.
comprehend:ListEndpoints,Comprehend,READ,LOW,2,Primarily reads or inspects AWS state/data.
events:DeauthorizeConnection,EventBridge,PERMISSION_CHANGE,CRITICAL,10,Can change authorization or grant/restrict permissions.
s3:GetObjectRetention,S3,READ,LOW,2,Primarily reads or inspects AWS state/data.
sagemaker:StartMonitoringSchedule,SageMaker,WRITE,MEDIUM,5,Creates or modifies AWS resources or service state.
ec2:DescribeNetworkInsightsAnalyses,EC2,READ,LOW,2,Primarily reads or inspects AWS state/data.
route53:GetQueryLoggingConfig,Route 53,READ,LOW,2,Primarily reads or inspects AWS state/data.
bedrock:GetAutomatedReasoningPolicyBuildWorkflowResultAssets,Bedrock,PERMISSION_CHANGE,CRITICAL,10,Can change authorization or grant/restrict permissions.
route53:GetTrafficPolicy,Route 53,PERMISSION_CHANGE,CRITICAL,10,Can change authorization or grant/restrict permissions.
eks:DescribeNodegroup,EKS,READ,LOW,2,Primarily reads or inspects AWS state/data.
sagemaker:CreateHub,SageMaker,WRITE,MEDIUM,5,Creates or modifies AWS resources or service state.
cognito-idp:ChangePassword,Cognito Identity,WRITE,MEDIUM,5,Creates or modifies AWS resources or service state.
rds:DescribeAccountAttributes,RDS,READ,LOW,2,Primarily reads or inspects AWS state/data.
sagemaker:ListHumanTaskUis,SageMaker,READ,LOW,2,Primarily reads or inspects AWS state/data.
logs:DescribeMetricFilters,CloudWatch Logs,READ,LOW,2,Primarily reads or inspects AWS state/data.
sns:CreatePlatformEndpoint,SNS,WRITE,MEDIUM,5,Creates or modifies AWS resources or service state.
ecr:DescribeImageScanFindings,ECR,READ,LOW,2,Primarily reads or inspects AWS state/data.
autoscaling:DescribeLoadBalancers,Auto Scaling,READ,LOW,2,Primarily reads or inspects AWS state/data.
ec2:ModifyInstanceAttribute,EC2,WRITE,MEDIUM,5,Creates or modifies AWS resources or service state.
ec2:GetSecurityGroupsForVpc,EC2,READ,LOW,2,Primarily reads or inspects AWS state/data.
lambda:GetDurableExecution,Lambda,READ,LOW,2,Primarily reads or inspects AWS state/data.
cognito-idp:CreateIdentityProvider,Cognito Identity,WRITE,MEDIUM,5,Creates or modifies AWS resources or service state.
cognito-idp:VerifyUserAttribute,Cognito Identity,OTHER,MEDIUM,5,Project-defined review required for this operation.
sns:SetEndpointAttributes,SNS,WRITE,MEDIUM,5,Creates or modifies AWS resources or service state.
kms:GenerateMac,KMS,SECURITY_SENSITIVE,HIGH,8,Can expose or manipulate sensitive security material/access.
opensearch:CreateApplication,OpenSearch,WRITE,MEDIUM,5,Creates or modifies AWS resources or service state.
sagemaker:DeleteDataQualityJobDefinition,SageMaker,DELETE,HIGH,8,"Can remove, terminate, or destroy AWS resources/data."
cloudtrail:GetInsightSelectors,CloudTrail,READ,LOW,2,Primarily reads or inspects AWS state/data.
route53:ChangeTagsForResource,Route 53,WRITE,MEDIUM,5,Creates or modifies AWS resources or service state.
cognito-idp:DescribeManagedLoginBrandingByClient,Cognito Identity,READ,LOW,2,Primarily reads or inspects AWS state/data.
eks:UpdateAccessEntry,EKS,WRITE,MEDIUM,5,Creates or modifies AWS resources or service state.
logs:ListAnomalies,CloudWatch Logs,READ,LOW,2,Primarily reads or inspects AWS state/data.
ec2:ProvisionPublicIpv4PoolCidr,EC2,WRITE,MEDIUM,5,Creates or modifies AWS resources or service state.
sagemaker:DescribeImageVersion,SageMaker,READ,LOW,2,Primarily reads or inspects AWS state/data.
cognito-idp:AdminListUserAuthEvents,Cognito Identity,OTHER,MEDIUM,5,Project-defined review required for this operation.
ec2:ModifyClientVpnEndpoint,EC2,WRITE,MEDIUM,5,Creates or modifies AWS resources or service state.
redshift:CreateClusterParameterGroup,Redshift,WRITE,MEDIUM,5,Creates or modifies AWS resources or service state.
ssm:GetInventory,Systems Manager,READ,LOW,2,Primarily reads or inspects AWS state/data.
sagemaker:ListAIWorkloadConfigs,SageMaker,READ,LOW,2,Primarily reads or inspects AWS state/data.
cloudwatch:GetMetricWidgetImage,CloudWatch,READ,LOW,2,Primarily reads or inspects AWS state/data.
sagemaker:DescribeImage,SageMaker,READ,LOW,2,Primarily reads or inspects AWS state/data.
sagemaker:StartClusterHealthCheck,SageMaker,WRITE,MEDIUM,5,Creates or modifies AWS resources or service state.
sagemaker:BatchDeleteClusterNodes,SageMaker,OTHER,MEDIUM,5,Project-defined review required for this operation.
bedrock:GetAutomatedReasoningPolicyAnnotations,Bedrock,PERMISSION_CHANGE,CRITICAL,10,Can change authorization or grant/restrict permissions.
athena:ListEngineVersions,Athena,READ,LOW,2,Primarily reads or inspects AWS state/data.
sagemaker:ListCandidatesForAutoMLJob,SageMaker,READ,LOW,2,Primarily reads or inspects AWS state/data.
eks:ListEksAnywhereSubscriptions,EKS,READ,LOW,2,Primarily reads or inspects AWS state/data.
redshift:AuthorizeDataShare,Redshift,PERMISSION_CHANGE,CRITICAL,10,Can change authorization or grant/restrict permissions.
ec2:PurchaseCapacityBlockExtension,EC2,OTHER,MEDIUM,5,Project-defined review required for this operation.
ec2:DescribeSnapshotAttribute,EC2,READ,LOW,2,Primarily reads or inspects AWS state/data.
lambda:UpdateCodeSigningConfig,Lambda,WRITE,MEDIUM,5,Creates or modifies AWS resources or service state.
bedrock:CreateModelImportJob,Bedrock,WRITE,MEDIUM,5,Creates or modifies AWS resources or service state.
cloudtrail:PutResourcePolicy,CloudTrail,PERMISSION_CHANGE,CRITICAL,10,Can change authorization or grant/restrict permissions.
sts:AssumeRoleWithSAML,STS,PERMISSION_CHANGE,CRITICAL,10,Can change authorization or grant/restrict permissions.
sns:RemovePermission,SNS,PERMISSION_CHANGE,CRITICAL,10,Can change authorization or grant/restrict permissions.
sagemaker:StartInferenceExperiment,SageMaker,WRITE,MEDIUM,5,Creates or modifies AWS resources or service state.
dynamodb:DescribeTableReplicaAutoScaling,DynamoDB,READ,LOW,2,Primarily reads or inspects AWS state/data.
route53:DeleteHostedZone,Route 53,DELETE,HIGH,8,"Can remove, terminate, or destroy AWS resources/data."
iam:GetPolicy,IAM,PERMISSION_CHANGE,CRITICAL,10,Can change authorization or grant/restrict permissions.
cloudformation:UpdateTerminationProtection,CloudFormation,WRITE,MEDIUM,5,Creates or modifies AWS resources or service state.
sagemaker:CreateNotebookInstanceLifecycleConfig,SageMaker,WRITE,MEDIUM,5,Creates or modifies AWS resources or service state.
redshift:DescribeClusterSnapshots,Redshift,READ,LOW,2,Primarily reads or inspects AWS state/data.
ecr:UploadLayerPart,ECR,OTHER,MEDIUM,5,Project-defined review required for this operation.
opensearch:GetApplication,OpenSearch,READ,LOW,2,Primarily reads or inspects AWS state/data.
glue:ListSchemas,Glue,READ,LOW,2,Primarily reads or inspects AWS state/data.
ssm:CreateOpsItem,Systems Manager,WRITE,MEDIUM,5,Creates or modifies AWS resources or service state.
redshift:CopyClusterSnapshot,Redshift,WRITE,MEDIUM,5,Creates or modifies AWS resources or service state.
ec2:PurchaseScheduledInstances,EC2,OTHER,MEDIUM,5,Project-defined review required for this operation.
athena:ImportNotebook,Athena,WRITE,MEDIUM,5,Creates or modifies AWS resources or service state.
sagemaker:DescribeDomain,SageMaker,READ,LOW,2,Primarily reads or inspects AWS state/data.
lambda:DeleteFunctionConcurrency,Lambda,DELETE,HIGH,8,"Can remove, terminate, or destroy AWS resources/data."
s3:GetBucketPolicyStatus,S3,PERMISSION_CHANGE,CRITICAL,10,Can change authorization or grant/restrict permissions.
sagemaker:ListPipelineVersions,SageMaker,READ,LOW,2,Primarily reads or inspects AWS state/data.
apigatewayv2:GetIntegrationResponses,API Gateway V2,READ,LOW,2,Primarily reads or inspects AWS state/data.
ec2:ModifyIpamPolicyAllocationRules,EC2,PERMISSION_CHANGE,CRITICAL,10,Can change authorization or grant/restrict permissions.
sagemaker:ListTags,SageMaker,READ,LOW,2,Primarily reads or inspects AWS state/data.
sts:GetAccessKeyInfo,STS,READ,LOW,2,Primarily reads or inspects AWS state/data.
ecs:ListDaemons,ECS,READ,LOW,2,Primarily reads or inspects AWS state/data.
bedrock:DeleteGuardrail,Bedrock,DELETE,HIGH,8,"Can remove, terminate, or destroy AWS resources/data."
ec2:DeleteIpamPool,EC2,DELETE,HIGH,8,"Can remove, terminate, or destroy AWS resources/data."
apigatewayv2:DeleteProductRestEndpointPage,API Gateway V2,DELETE,HIGH,8,"Can remove, terminate, or destroy AWS resources/data."
ssm:StartAssociationsOnce,Systems Manager,WRITE,MEDIUM,5,Creates or modifies AWS resources or service state.
sagemaker:StopEdgePackagingJob,SageMaker,MODIFY,MEDIUM,5,Changes or disables an existing resource/service state.
iam:ListVirtualMFADevices,IAM,READ,LOW,2,Primarily reads or inspects AWS state/data.
athena:ListTableMetadata,Athena,READ,LOW,2,Primarily reads or inspects AWS state/data.
lambda:RemoveLayerVersionPermission,Lambda,PERMISSION_CHANGE,CRITICAL,10,Can change authorization or grant/restrict permissions.
ecs:StopServiceDeployment,ECS,MODIFY,MEDIUM,5,Changes or disables an existing resource/service state.
sqs:StartMessageMoveTask,SQS,WRITE,MEDIUM,5,Creates or modifies AWS resources or service state.
sagemaker:DeleteImage,SageMaker,DELETE,HIGH,8,"Can remove, terminate, or destroy AWS resources/data."
sagemaker:CreateModelCard,SageMaker,WRITE,MEDIUM,5,Creates or modifies AWS resources or service state.
cloudtrail:UpdateEventDataStore,CloudTrail,WRITE,MEDIUM,5,Creates or modifies AWS resources or service state.
sagemaker:DescribeTrial,SageMaker,READ,LOW,2,Primarily reads or inspects AWS state/data.
glue:GetColumnStatisticsTaskSettings,Glue,READ,LOW,2,Primarily reads or inspects AWS state/data.
ecs:DeleteCluster,ECS,DELETE,HIGH,8,"Can remove, terminate, or destroy AWS resources/data."
ec2:CancelCapacityReservationFleets,EC2,MODIFY,MEDIUM,5,Changes or disables an existing resource/service state.
guardduty:ListTrustedEntitySets,GuardDuty,READ,LOW,2,Primarily reads or inspects AWS state/data.
sagemaker:CreatePresignedMlflowTrackingServerUrl,SageMaker,WRITE,MEDIUM,5,Creates or modifies AWS resources or service state.
ec2:RegisterTransitGatewayMulticastGroupSources,EC2,WRITE,MEDIUM,5,Creates or modifies AWS resources or service state.
comprehend:ClassifyDocument,Comprehend,OTHER,MEDIUM,5,Project-defined review required for this operation.
redshift:ModifySnapshotSchedule,Redshift,WRITE,MEDIUM,5,Creates or modifies AWS resources or service state.
ec2:DisassociateEnclaveCertificateIamRole,EC2,MODIFY,MEDIUM,5,Changes or disables an existing resource/service state.
autoscaling:CreateLaunchConfiguration,Auto Scaling,WRITE,MEDIUM,5,Creates or modifies AWS resources or service state.
redshift:ModifyAquaConfiguration,Redshift,WRITE,MEDIUM,5,Creates or modifies AWS resources or service state.
cognito-idp:CreateGroup,Cognito Identity,WRITE,MEDIUM,5,Creates or modifies AWS resources or service state.
rds:RebootDBShardGroup,RDS,OTHER,MEDIUM,5,Project-defined review required for this operation.
iam:TagRole,IAM,TAGGING,LOW,3,Changes resource tags or metadata.
ec2:DeleteNetworkAclEntry,EC2,DELETE,HIGH,8,"Can remove, terminate, or destroy AWS resources/data."
rds:DescribeSourceRegions,RDS,READ,LOW,2,Primarily reads or inspects AWS state/data.
iam:DisableOrganizationsRootCredentialsManagement,IAM,MODIFY,MEDIUM,5,Changes or disables an existing resource/service state.
autoscaling:SuspendProcesses,Auto Scaling,OTHER,MEDIUM,5,Project-defined review required for this operation.
glue:DeleteSecurityConfiguration,Glue,DELETE,HIGH,8,"Can remove, terminate, or destroy AWS resources/data."
ec2:DeleteIpamScope,EC2,DELETE,HIGH,8,"Can remove, terminate, or destroy AWS resources/data."
sqs:PurgeQueue,SQS,DELETE,HIGH,8,"Can remove, terminate, or destroy AWS resources/data."
ec2:GetCoipPoolUsage,EC2,READ,LOW,2,Primarily reads or inspects AWS state/data.
eks:DescribeEksAnywhereSubscription,EKS,READ,LOW,2,Primarily reads or inspects AWS state/data.
sagemaker:DescribeContext,SageMaker,READ,LOW,2,Primarily reads or inspects AWS state/data.
ec2:DescribeAddresses,EC2,READ,LOW,2,Primarily reads or inspects AWS state/data.
ec2:AcceptTransitGatewayVpcAttachment,EC2,OTHER,MEDIUM,5,Project-defined review required for this operation.
glue:CreateWorkflow,Glue,WRITE,MEDIUM,5,Creates or modifies AWS resources or service state.
cognito-idp:AdminDisableUser,Cognito Identity,OTHER,MEDIUM,5,Project-defined review required for this operation.
apigateway:GetSdkTypes,API Gateway,READ,LOW,2,Primarily reads or inspects AWS state/data.
cloudformation:CancelUpdateStack,CloudFormation,MODIFY,MEDIUM,5,Changes or disables an existing resource/service state.
route53:GetHostedZoneCount,Route 53,READ,LOW,2,Primarily reads or inspects AWS state/data.
cloudtrail:ListQueries,CloudTrail,READ,LOW,2,Primarily reads or inspects AWS state/data.
ec2:DescribeNetworkInsightsAccessScopeAnalyses,EC2,READ,LOW,2,Primarily reads or inspects AWS state/data.
ec2:CreateIpam,EC2,WRITE,MEDIUM,5,Creates or modifies AWS resources or service state.
ec2:EnableFastSnapshotRestores,EC2,WRITE,MEDIUM,5,Creates or modifies AWS resources or service state.
kms:ScheduleKeyDeletion,KMS,SECURITY_SENSITIVE,HIGH,8,Can expose or manipulate sensitive security material/access.
ec2:CreateNetworkAcl,EC2,WRITE,MEDIUM,5,Creates or modifies AWS resources or service state.
iam:DisableOrganizationsRootSessions,IAM,MODIFY,MEDIUM,5,Changes or disables an existing resource/service state.
ssm:RegisterDefaultPatchBaseline,Systems Manager,WRITE,MEDIUM,5,Creates or modifies AWS resources or service state.
ec2:DisassociateIpamByoasn,EC2,MODIFY,MEDIUM,5,Changes or disables an existing resource/service state.
bedrock:GetAutomatedReasoningPolicyTestCase,Bedrock,PERMISSION_CHANGE,CRITICAL,10,Can change authorization or grant/restrict permissions.
iam:ListServerCertificates,IAM,READ,LOW,2,Primarily reads or inspects AWS state/data.
glue:ListConnectionTypes,Glue,READ,LOW,2,Primarily reads or inspects AWS state/data.
ec2:EnableImageBlockPublicAccess,EC2,WRITE,MEDIUM,5,Creates or modifies AWS resources or service state.
redshift:EnableSnapshotCopy,Redshift,WRITE,MEDIUM,5,Creates or modifies AWS resources or service state.
cloudformation:GetGeneratedTemplate,CloudFormation,READ,LOW,2,Primarily reads or inspects AWS state/data.
glue:DeleteUsageProfile,Glue,DELETE,HIGH,8,"Can remove, terminate, or destroy AWS resources/data."
ec2:DisassociateRouteTable,EC2,MODIFY,MEDIUM,5,Changes or disables an existing resource/service state.
ec2:CreateRoute,EC2,WRITE,MEDIUM,5,Creates or modifies AWS resources or service state.
cloudformation:ExecuteStackRefactor,CloudFormation,WRITE,MEDIUM,5,Creates or modifies AWS resources or service state.
sagemaker:UpdateDomain,SageMaker,WRITE,MEDIUM,5,Creates or modifies AWS resources or service state.
apigateway:GetSdkType,API Gateway,READ,LOW,2,Primarily reads or inspects AWS state/data.
secretsmanager:StopReplicationToReplica,Secrets Manager,MODIFY,MEDIUM,5,Changes or disables an existing resource/service state.
route53:ListHostedZonesByVPC,Route 53,READ,LOW,2,Primarily reads or inspects AWS state/data.
ec2:AttachNetworkInterface,EC2,WRITE,MEDIUM,5,Creates or modifies AWS resources or service state.
s3:GetBucketRequestPayment,S3,READ,LOW,2,Primarily reads or inspects AWS state/data.
comprehend:StartPiiEntitiesDetectionJob,Comprehend,WRITE,MEDIUM,5,Creates or modifies AWS resources or service state.
glue:ListDataQualityResults,Glue,READ,LOW,2,Primarily reads or inspects AWS state/data.
glue:GetBlueprintRun,Glue,READ,LOW,2,Primarily reads or inspects AWS state/data.
glue:BatchGetPartition,Glue,READ,LOW,2,Primarily reads or inspects AWS state/data.
ecr:ValidatePullThroughCacheRule,ECR,READ,LOW,2,Primarily reads or inspects AWS state/data.
ec2:GetSerialConsoleAccessStatus,EC2,READ,LOW,2,Primarily reads or inspects AWS state/data.
autoscaling:PutScalingPolicy,Auto Scaling,PERMISSION_CHANGE,CRITICAL,10,Can change authorization or grant/restrict permissions.
cloudtrail:StartEventDataStoreIngestion,CloudTrail,WRITE,MEDIUM,5,Creates or modifies AWS resources or service state.
athena:UpdateNotebook,Athena,WRITE,MEDIUM,5,Creates or modifies AWS resources or service state.
sagemaker:StartSession,SageMaker,WRITE,MEDIUM,5,Creates or modifies AWS resources or service state.
cloudwatch:ListAlarmMuteRules,CloudWatch,READ,LOW,2,Primarily reads or inspects AWS state/data.
ec2:DeleteNetworkInterface,EC2,DELETE,HIGH,8,"Can remove, terminate, or destroy AWS resources/data."
opensearch:CreateOutboundConnection,OpenSearch,WRITE,MEDIUM,5,Creates or modifies AWS resources or service state.
ecs:SubmitTaskStateChange,ECS,OTHER,MEDIUM,5,Project-defined review required for this operation.
ecr:ListImages,ECR,READ,LOW,2,Primarily reads or inspects AWS state/data.
glue:DeleteUserDefinedFunction,Glue,IDENTITY,HIGH,9,"Can create, modify, or remove an identity or credential."
s3:GetBucketLocation,S3,READ,LOW,2,Primarily reads or inspects AWS state/data.
sagemaker:CreateEndpoint,SageMaker,WRITE,MEDIUM,5,Creates or modifies AWS resources or service state.
athena:GetSessionEndpoint,Athena,READ,LOW,2,Primarily reads or inspects AWS state/data.
sagemaker:CreateProcessingJob,SageMaker,WRITE,MEDIUM,5,Creates or modifies AWS resources or service state.
eks:DescribeCluster,EKS,READ,LOW,2,Primarily reads or inspects AWS state/data.
guardduty:DescribeMalwareScans,GuardDuty,READ,LOW,2,Primarily reads or inspects AWS state/data.
route53:ListCidrBlocks,Route 53,READ,LOW,2,Primarily reads or inspects AWS state/data.
logs:ListTagsLogGroup,CloudWatch Logs,READ,LOW,2,Primarily reads or inspects AWS state/data.
ecs:StopTask,ECS,MODIFY,MEDIUM,5,Changes or disables an existing resource/service state.
glue:CancelStatement,Glue,MODIFY,MEDIUM,5,Changes or disables an existing resource/service state.
cognito-idp:TagResource,Cognito Identity,TAGGING,LOW,3,Changes resource tags or metadata.
cognito-idp:AdminGetUser,Cognito Identity,OTHER,MEDIUM,5,Project-defined review required for this operation.
ec2:DescribeCustomerGateways,EC2,READ,LOW,2,Primarily reads or inspects AWS state/data.
cognito-idp:GetSigningCertificate,Cognito Identity,READ,LOW,2,Primarily reads or inspects AWS state/data.
cloudwatch:DescribeAnomalyDetectors,CloudWatch,READ,LOW,2,Primarily reads or inspects AWS state/data.
bedrock:ListCustomModels,Bedrock,READ,LOW,2,Primarily reads or inspects AWS state/data.
glue:StopSession,Glue,MODIFY,MEDIUM,5,Changes or disables an existing resource/service state.
autoscaling:DescribeInstanceRefreshes,Auto Scaling,READ,LOW,2,Primarily reads or inspects AWS state/data.
ec2:EnableAddressTransfer,EC2,WRITE,MEDIUM,5,Creates or modifies AWS resources or service state.
autoscaling:DescribeAutoScalingGroups,Auto Scaling,READ,LOW,2,Primarily reads or inspects AWS state/data.
apigateway:GetDomainNames,API Gateway,READ,LOW,2,Primarily reads or inspects AWS state/data.
ssm:UpdateOpsMetadata,Systems Manager,WRITE,MEDIUM,5,Creates or modifies AWS resources or service state.
bedrock:CreateModelCustomizationJob,Bedrock,WRITE,MEDIUM,5,Creates or modifies AWS resources or service state.
sagemaker:RenderUiTemplate,SageMaker,OTHER,MEDIUM,5,Project-defined review required for this operation.
firehose:ListDeliveryStreams,Kinesis Firehose,READ,LOW,2,Primarily reads or inspects AWS state/data.
ec2:AllocateHosts,EC2,WRITE,MEDIUM,5,Creates or modifies AWS resources or service state.
ec2:ModifyImageAttribute,EC2,WRITE,MEDIUM,5,Creates or modifies AWS resources or service state.
ec2:DeleteKeyPair,EC2,DELETE,HIGH,8,"Can remove, terminate, or destroy AWS resources/data."
ec2:ModifyVpnConnectionOptions,EC2,WRITE,MEDIUM,5,Creates or modifies AWS resources or service state.
apigatewayv2:UpdateProductRestEndpointPage,API Gateway V2,WRITE,MEDIUM,5,Creates or modifies AWS resources or service state.
ec2:CreateFleet,EC2,WRITE,MEDIUM,5,Creates or modifies AWS resources or service state.
cognito-idp:AdminDisableProviderForUser,Cognito Identity,OTHER,MEDIUM,5,Project-defined review required for this operation.
comprehend:BatchDetectKeyPhrases,Comprehend,OTHER,MEDIUM,5,Project-defined review required for this operation.
glue:DeleteColumnStatisticsForTable,Glue,DELETE,HIGH,8,"Can remove, terminate, or destroy AWS resources/data."
ec2:ListSnapshotsInRecycleBin,EC2,READ,LOW,2,Primarily reads or inspects AWS state/data.
ec2:DisableEbsEncryptionByDefault,EC2,MODIFY,MEDIUM,5,Changes or disables an existing resource/service state.
sagemaker:DeleteDomain,SageMaker,DELETE,HIGH,8,"Can remove, terminate, or destroy AWS resources/data."
eks:ListNodegroups,EKS,READ,LOW,2,Primarily reads or inspects AWS state/data.
ec2:GetManagedResourceVisibility,EC2,READ,LOW,2,Primarily reads or inspects AWS state/data.
ssm:GetMaintenanceWindowExecutionTaskInvocation,Systems Manager,READ,LOW,2,Primarily reads or inspects AWS state/data.
dynamodb:PutItem,DynamoDB,WRITE,MEDIUM,5,Creates or modifies AWS resources or service state.
ssm:DeleteMaintenanceWindow,Systems Manager,DELETE,HIGH,8,"Can remove, terminate, or destroy AWS resources/data."
dynamodb:UpdateContributorInsights,DynamoDB,WRITE,MEDIUM,5,Creates or modifies AWS resources or service state.
comprehend:StopTrainingEntityRecognizer,Comprehend,MODIFY,MEDIUM,5,Changes or disables an existing resource/service state.
glue:GetMapping,Glue,READ,LOW,2,Primarily reads or inspects AWS state/data.
ssm:DescribeSessions,Systems Manager,READ,LOW,2,Primarily reads or inspects AWS state/data.
glue:StartDataQualityRulesetEvaluationRun,Glue,WRITE,MEDIUM,5,Creates or modifies AWS resources or service state.
comprehend:DescribeTopicsDetectionJob,Comprehend,READ,LOW,2,Primarily reads or inspects AWS state/data.
iam:DeleteInstanceProfile,IAM,DELETE,HIGH,8,"Can remove, terminate, or destroy AWS resources/data."
comprehend:DescribeTargetedSentimentDetectionJob,Comprehend,READ,LOW,2,Primarily reads or inspects AWS state/data.
ecs:DescribeCapacityProviders,ECS,READ,LOW,2,Primarily reads or inspects AWS state/data.
ssm:GetServiceSetting,Systems Manager,READ,LOW,2,Primarily reads or inspects AWS state/data.
ec2:AssociateInstanceEventWindow,EC2,WRITE,MEDIUM,5,Creates or modifies AWS resources or service state.
sagemaker:ListModelPackages,SageMaker,READ,LOW,2,Primarily reads or inspects AWS state/data.
glue:ListJobs,Glue,READ,LOW,2,Primarily reads or inspects AWS state/data.
eks:DescribeUpdate,EKS,READ,LOW,2,Primarily reads or inspects AWS state/data.
guardduty:DeclineInvitations,GuardDuty,OTHER,MEDIUM,5,Project-defined review required for this operation.
events:DescribeApiDestination,EventBridge,READ,LOW,2,Primarily reads or inspects AWS state/data.
cloudformation:DescribeStacks,CloudFormation,READ,LOW,2,Primarily reads or inspects AWS state/data.
sagemaker:CreateTrainingPlan,SageMaker,WRITE,MEDIUM,5,Creates or modifies AWS resources or service state.
ssm:GetParameterHistory,Systems Manager,SECURITY_SENSITIVE,HIGH,8,Can expose or manipulate sensitive security material/access.
ec2:AssociateTransitGatewayMulticastDomain,EC2,WRITE,MEDIUM,5,Creates or modifies AWS resources or service state.
iam:GetAccountAuthorizationDetails,IAM,PERMISSION_CHANGE,CRITICAL,10,Can change authorization or grant/restrict permissions.
glue:PutDataCatalogEncryptionSettings,Glue,WRITE,MEDIUM,5,Creates or modifies AWS resources or service state.
ec2:DescribeVpcs,EC2,READ,LOW,2,Primarily reads or inspects AWS state/data.
dynamodb:DescribeContributorInsights,DynamoDB,READ,LOW,2,Primarily reads or inspects AWS state/data.
rds:DeleteDBSnapshot,RDS,DELETE,HIGH,8,"Can remove, terminate, or destroy AWS resources/data."
ec2:ModifyIpamResourceCidr,EC2,WRITE,MEDIUM,5,Creates or modifies AWS resources or service state.
rds:SwitchoverReadReplica,RDS,OTHER,MEDIUM,5,Project-defined review required for this operation.
ec2:PurchaseCapacityBlock,EC2,OTHER,MEDIUM,5,Project-defined review required for this operation.
bedrock:CreateEvaluationJob,Bedrock,WRITE,MEDIUM,5,Creates or modifies AWS resources or service state.
bedrock:GetCustomModelDeployment,Bedrock,READ,LOW,2,Primarily reads or inspects AWS state/data.
glue:GetConnection,Glue,READ,LOW,2,Primarily reads or inspects AWS state/data.
cognito-idp:InitiateAuth,Cognito Identity,OTHER,MEDIUM,5,Project-defined review required for this operation.
dynamodb:ListImports,DynamoDB,READ,LOW,2,Primarily reads or inspects AWS state/data.
ec2:DescribeInstanceConnectEndpoints,EC2,READ,LOW,2,Primarily reads or inspects AWS state/data.
sagemaker:ListLabelingJobs,SageMaker,READ,LOW,2,Primarily reads or inspects AWS state/data.
ec2:ModifyInstanceMetadataOptions,EC2,WRITE,MEDIUM,5,Creates or modifies AWS resources or service state.
glue:DeleteIntegrationTableProperties,Glue,DELETE,HIGH,8,"Can remove, terminate, or destroy AWS resources/data."
s3:PutBucketReplication,S3,WRITE,MEDIUM,5,Creates or modifies AWS resources or service state.
iam:ListSigningCertificates,IAM,READ,LOW,2,Primarily reads or inspects AWS state/data.
bedrock:GetModelCustomizationJob,Bedrock,READ,LOW,2,Primarily reads or inspects AWS state/data.
route53:CreateTrafficPolicy,Route 53,PERMISSION_CHANGE,CRITICAL,10,Can change authorization or grant/restrict permissions.
glue:ListStatements,Glue,READ,LOW,2,Primarily reads or inspects AWS state/data.
rds:DescribeTenantDatabases,RDS,READ,LOW,2,Primarily reads or inspects AWS state/data.
ec2:CreateVpcEndpointServiceConfiguration,EC2,WRITE,MEDIUM,5,Creates or modifies AWS resources or service state.
sagemaker:UpdateMonitoringSchedule,SageMaker,WRITE,MEDIUM,5,Creates or modifies AWS resources or service state.
athena:StartQueryExecution,Athena,WRITE,MEDIUM,5,Creates or modifies AWS resources or service state.
ec2:DeleteVerifiedAccessGroup,EC2,DELETE,HIGH,8,"Can remove, terminate, or destroy AWS resources/data."
cloudformation:DescribeOrganizationsAccess,CloudFormation,READ,LOW,2,Primarily reads or inspects AWS state/data.
ec2:DescribeVpnConcentrators,EC2,READ,LOW,2,Primarily reads or inspects AWS state/data.
ssm:StopAutomationExecution,Systems Manager,MODIFY,MEDIUM,5,Changes or disables an existing resource/service state.
ssm:UpdateDocument,Systems Manager,WRITE,MEDIUM,5,Creates or modifies AWS resources or service state.
logs:DisassociateKmsKey,CloudWatch Logs,MODIFY,MEDIUM,5,Changes or disables an existing resource/service state.
ecs:DescribeServices,ECS,READ,LOW,2,Primarily reads or inspects AWS state/data.
rds:CreateOptionGroup,RDS,WRITE,MEDIUM,5,Creates or modifies AWS resources or service state.
sns:ListEndpointsByPlatformApplication,SNS,READ,LOW,2,Primarily reads or inspects AWS state/data.
apigatewayv2:GetStages,API Gateway V2,READ,LOW,2,Primarily reads or inspects AWS state/data.
rds:RebootDBCluster,RDS,OTHER,MEDIUM,5,Project-defined review required for this operation.
secretsmanager:RemoveRegionsFromReplication,Secrets Manager,DELETE,HIGH,8,"Can remove, terminate, or destroy AWS resources/data."
ec2:CopyFpgaImage,EC2,WRITE,MEDIUM,5,Creates or modifies AWS resources or service state.
bedrock:CreateAutomatedReasoningPolicyVersion,Bedrock,PERMISSION_CHANGE,CRITICAL,10,Can change authorization or grant/restrict permissions.
ec2:ModifyIpam,EC2,WRITE,MEDIUM,5,Creates or modifies AWS resources or service state.
iam:DeleteAccountPasswordPolicy,IAM,PERMISSION_CHANGE,CRITICAL,10,Can change authorization or grant/restrict permissions.
apigateway:CreateDomainName,API Gateway,WRITE,MEDIUM,5,Creates or modifies AWS resources or service state.
dynamodb:GetResourcePolicy,DynamoDB,PERMISSION_CHANGE,CRITICAL,10,Can change authorization or grant/restrict permissions.
ecr:DeleteLifecyclePolicy,ECR,PERMISSION_CHANGE,CRITICAL,10,Can change authorization or grant/restrict permissions.
comprehend:StopEventsDetectionJob,Comprehend,MODIFY,MEDIUM,5,Changes or disables an existing resource/service state.
redshift:ResetClusterParameterGroup,Redshift,OTHER,MEDIUM,5,Project-defined review required for this operation.
kms:GenerateDataKeyPairWithoutPlaintext,KMS,SECURITY_SENSITIVE,HIGH,8,Can expose or manipulate sensitive security material/access.
apigateway:GetGatewayResponses,API Gateway,READ,LOW,2,Primarily reads or inspects AWS state/data.
ssm:DescribeDocument,Systems Manager,READ,LOW,2,Primarily reads or inspects AWS state/data.
glue:ListDataQualityRuleRecommendationRuns,Glue,READ,LOW,2,Primarily reads or inspects AWS state/data.
iam:GetGroupPolicy,IAM,PERMISSION_CHANGE,CRITICAL,10,Can change authorization or grant/restrict permissions.
sagemaker:DeleteNotebookInstanceLifecycleConfig,SageMaker,DELETE,HIGH,8,"Can remove, terminate, or destroy AWS resources/data."
glue:RunStatement,Glue,WRITE,MEDIUM,5,Creates or modifies AWS resources or service state.
ssm:ListDocumentMetadataHistory,Systems Manager,READ,LOW,2,Primarily reads or inspects AWS state/data.
ecr:DeleteRepositoryCreationTemplate,ECR,DELETE,HIGH,8,"Can remove, terminate, or destroy AWS resources/data."
autoscaling:DetachLoadBalancers,Auto Scaling,MODIFY,MEDIUM,5,Changes or disables an existing resource/service state.
ecr:PutSigningConfiguration,ECR,WRITE,MEDIUM,5,Creates or modifies AWS resources or service state.
cognito-idp:ListUserPoolClients,Cognito Identity,READ,LOW,2,Primarily reads or inspects AWS state/data.
cloudformation:BatchDescribeTypeConfigurations,CloudFormation,OTHER,MEDIUM,5,Project-defined review required for this operation.
guardduty:GetTrustedEntitySet,GuardDuty,READ,LOW,2,Primarily reads or inspects AWS state/data.
logs:DescribeImportTasks,CloudWatch Logs,READ,LOW,2,Primarily reads or inspects AWS state/data.
sqs:GetQueueAttributes,SQS,READ,LOW,2,Primarily reads or inspects AWS state/data.
ec2:DeleteRoute,EC2,DELETE,HIGH,8,"Can remove, terminate, or destroy AWS resources/data."
secretsmanager:GetResourcePolicy,Secrets Manager,PERMISSION_CHANGE,CRITICAL,10,Can change authorization or grant/restrict permissions.
ec2:AssociateTransitGatewayPolicyTable,EC2,PERMISSION_CHANGE,CRITICAL,10,Can change authorization or grant/restrict permissions.
sagemaker:DeleteProject,SageMaker,DELETE,HIGH,8,"Can remove, terminate, or destroy AWS resources/data."
ec2:DisassociateSecurityGroupVpc,EC2,MODIFY,MEDIUM,5,Changes or disables an existing resource/service state.
apigatewayv2:GetVpcLinks,API Gateway V2,READ,LOW,2,Primarily reads or inspects AWS state/data.
logs:DeleteLogGroup,CloudWatch Logs,DELETE,HIGH,8,"Can remove, terminate, or destroy AWS resources/data."
lambda:ListDurableExecutionsByFunction,Lambda,READ,LOW,2,Primarily reads or inspects AWS state/data.
ssm:GetMaintenanceWindowTask,Systems Manager,READ,LOW,2,Primarily reads or inspects AWS state/data.
ec2:CreateVpcBlockPublicAccessExclusion,EC2,WRITE,MEDIUM,5,Creates or modifies AWS resources or service state.
athena:CreateDataCatalog,Athena,WRITE,MEDIUM,5,Creates or modifies AWS resources or service state.
logs:PutDestinationPolicy,CloudWatch Logs,PERMISSION_CHANGE,CRITICAL,10,Can change authorization or grant/restrict permissions.
cloudformation:CreateStackSet,CloudFormation,WRITE,MEDIUM,5,Creates or modifies AWS resources or service state.
ssm:DeleteDocument,Systems Manager,DELETE,HIGH,8,"Can remove, terminate, or destroy AWS resources/data."
sagemaker:DescribeApp,SageMaker,READ,LOW,2,Primarily reads or inspects AWS state/data.
redshift:DisableLogging,Redshift,MODIFY,MEDIUM,5,Changes or disables an existing resource/service state.
iam:UntagOpenIDConnectProvider,IAM,TAGGING,LOW,3,Changes resource tags or metadata.
ec2:GetInstanceMetadataDefaults,EC2,READ,LOW,2,Primarily reads or inspects AWS state/data.
ec2:ReleaseHosts,EC2,OTHER,MEDIUM,5,Project-defined review required for this operation.
bedrock:ListAutomatedReasoningPolicyTestCases,Bedrock,PERMISSION_CHANGE,CRITICAL,10,Can change authorization or grant/restrict permissions.
opensearch:ListPackagesForDomain,OpenSearch,READ,LOW,2,Primarily reads or inspects AWS state/data.
firehose:TagDeliveryStream,Kinesis Firehose,TAGGING,LOW,3,Changes resource tags or metadata.
rds:DescribePendingMaintenanceActions,RDS,READ,LOW,2,Primarily reads or inspects AWS state/data.
ec2:GetIpamPrefixListResolverVersionEntries,EC2,READ,LOW,2,Primarily reads or inspects AWS state/data.
logs:GetLogRecord,CloudWatch Logs,READ,LOW,2,Primarily reads or inspects AWS state/data.
glue:DescribeIntegrations,Glue,READ,LOW,2,Primarily reads or inspects AWS state/data.
ec2:DescribeVpcClassicLink,EC2,READ,LOW,2,Primarily reads or inspects AWS state/data.
logs:DeleteQueryDefinition,CloudWatch Logs,DELETE,HIGH,8,"Can remove, terminate, or destroy AWS resources/data."
ecr:BatchGetImage,ECR,READ,LOW,2,Primarily reads or inspects AWS state/data.
opensearch:AddDirectQueryDataSource,OpenSearch,WRITE,MEDIUM,5,Creates or modifies AWS resources or service state.
ssm:DescribeInstanceProperties,Systems Manager,READ,LOW,2,Primarily reads or inspects AWS state/data.
ec2:DescribeLaunchTemplateVersions,EC2,READ,LOW,2,Primarily reads or inspects AWS state/data.
ec2:DescribeImportSnapshotTasks,EC2,READ,LOW,2,Primarily reads or inspects AWS state/data.
glue:GetDatabase,Glue,READ,LOW,2,Primarily reads or inspects AWS state/data.
sagemaker:CreateInferenceRecommendationsJob,SageMaker,WRITE,MEDIUM,5,Creates or modifies AWS resources or service state.
apigateway:FlushStageCache,API Gateway,OTHER,MEDIUM,5,Project-defined review required for this operation.
apigatewayv2:DeleteCorsConfiguration,API Gateway V2,DELETE,HIGH,8,"Can remove, terminate, or destroy AWS resources/data."
rds:DescribeDBSnapshotAttributes,RDS,READ,LOW,2,Primarily reads or inspects AWS state/data.
ec2:DeleteDhcpOptions,EC2,DELETE,HIGH,8,"Can remove, terminate, or destroy AWS resources/data."
opensearch:CreateIndex,OpenSearch,WRITE,MEDIUM,5,Creates or modifies AWS resources or service state.
logs:PutDeliveryDestination,CloudWatch Logs,WRITE,MEDIUM,5,Creates or modifies AWS resources or service state.
sns:DeleteEndpoint,SNS,DELETE,HIGH,8,"Can remove, terminate, or destroy AWS resources/data."
cloudwatch:GetMetricStream,CloudWatch,READ,LOW,2,Primarily reads or inspects AWS state/data.
cognito-idp:SetRiskConfiguration,Cognito Identity,WRITE,MEDIUM,5,Creates or modifies AWS resources or service state.
redshift:RotateEncryptionKey,Redshift,OTHER,MEDIUM,5,Project-defined review required for this operation.
cognito-idp:ListUserPools,Cognito Identity,READ,LOW,2,Primarily reads or inspects AWS state/data.
ec2:DescribeTransitGatewayRouteTables,EC2,READ,LOW,2,Primarily reads or inspects AWS state/data.
athena:CreateNotebook,Athena,WRITE,MEDIUM,5,Creates or modifies AWS resources or service state.
iam:ListMFADeviceTags,IAM,READ,LOW,2,Primarily reads or inspects AWS state/data.
ssm:DeleteParameters,Systems Manager,DELETE,HIGH,8,"Can remove, terminate, or destroy AWS resources/data."
kinesis:CreateStream,Kinesis,WRITE,MEDIUM,5,Creates or modifies AWS resources or service state.
ec2:DeleteLocalGatewayRouteTableVpcAssociation,EC2,DELETE,HIGH,8,"Can remove, terminate, or destroy AWS resources/data."
logs:PutDeliverySource,CloudWatch Logs,WRITE,MEDIUM,5,Creates or modifies AWS resources or service state.
sagemaker:DisableSagemakerServicecatalogPortfolio,SageMaker,MODIFY,MEDIUM,5,Changes or disables an existing resource/service state.
glue:BatchGetDevEndpoints,Glue,READ,LOW,2,Primarily reads or inspects AWS state/data.
lambda:PublishLayerVersion,Lambda,WRITE,MEDIUM,5,Creates or modifies AWS resources or service state.
logs:StartLiveTail,CloudWatch Logs,WRITE,MEDIUM,5,Creates or modifies AWS resources or service state.
apigateway:PutIntegration,API Gateway,WRITE,MEDIUM,5,Creates or modifies AWS resources or service state.
logs:GetLogEvents,CloudWatch Logs,READ,LOW,2,Primarily reads or inspects AWS state/data.
ec2:GetRouteServerAssociations,EC2,READ,LOW,2,Primarily reads or inspects AWS state/data.
comprehend:DescribeEventsDetectionJob,Comprehend,READ,LOW,2,Primarily reads or inspects AWS state/data.
lambda:StopDurableExecution,Lambda,MODIFY,MEDIUM,5,Changes or disables an existing resource/service state.
comprehend:ListDocumentClassificationJobs,Comprehend,READ,LOW,2,Primarily reads or inspects AWS state/data.
ecr:UpdateImageStorageClass,ECR,WRITE,MEDIUM,5,Creates or modifies AWS resources or service state.
ec2:GetInstanceTpmEkPub,EC2,READ,LOW,2,Primarily reads or inspects AWS state/data.
iam:GetRole,IAM,READ,LOW,2,Primarily reads or inspects AWS state/data.
secretsmanager:GetSecretValue,Secrets Manager,SECURITY_SENSITIVE,HIGH,8,Can expose or manipulate sensitive security material/access.
sagemaker:StopMlflowTrackingServer,SageMaker,MODIFY,MEDIUM,5,Changes or disables an existing resource/service state.
cognito-idp:AdminInitiateAuth,Cognito Identity,OTHER,MEDIUM,5,Project-defined review required for this operation.
ec2:GetVpnConnectionDeviceSampleConfiguration,EC2,READ,LOW,2,Primarily reads or inspects AWS state/data.
apigateway:GetAuthorizers,API Gateway,PERMISSION_CHANGE,CRITICAL,10,Can change authorization or grant/restrict permissions.
glue:ListDataQualityStatisticAnnotations,Glue,READ,LOW,2,Primarily reads or inspects AWS state/data.
glue:DeleteBlueprint,Glue,DELETE,HIGH,8,"Can remove, terminate, or destroy AWS resources/data."
redshift:ModifyClusterSubnetGroup,Redshift,WRITE,MEDIUM,5,Creates or modifies AWS resources or service state.
redshift:DescribeLoggingStatus,Redshift,READ,LOW,2,Primarily reads or inspects AWS state/data.
sagemaker:DeregisterDevices,SageMaker,OTHER,MEDIUM,5,Project-defined review required for this operation.
ec2:DisableInstanceSqlHaStandbyDetections,EC2,MODIFY,MEDIUM,5,Changes or disables an existing resource/service state.
ec2:CreateReservedInstancesListing,EC2,WRITE,MEDIUM,5,Creates or modifies AWS resources or service state.
cognito-idp:VerifySoftwareToken,Cognito Identity,OTHER,MEDIUM,5,Project-defined review required for this operation.
rds:AuthorizeDBSecurityGroupIngress,RDS,PERMISSION_CHANGE,CRITICAL,10,Can change authorization or grant/restrict permissions.
sagemaker:DeleteAIBenchmarkJob,SageMaker,DELETE,HIGH,8,"Can remove, terminate, or destroy AWS resources/data."
bedrock:PutResourcePolicy,Bedrock,PERMISSION_CHANGE,CRITICAL,10,Can change authorization or grant/restrict permissions.
iam:AttachRolePolicy,IAM,PERMISSION_CHANGE,CRITICAL,10,Can change authorization or grant/restrict permissions.
ec2:DescribeAvailabilityZones,EC2,READ,LOW,2,Primarily reads or inspects AWS state/data.
ecr:TagResource,ECR,TAGGING,LOW,3,Changes resource tags or metadata.
sqs:GetQueueUrl,SQS,READ,LOW,2,Primarily reads or inspects AWS state/data.
ec2:DescribeVolumesModifications,EC2,READ,LOW,2,Primarily reads or inspects AWS state/data.
sagemaker:DescribeModelPackageGroup,SageMaker,READ,LOW,2,Primarily reads or inspects AWS state/data.
ec2:ModifyPublicIpDnsNameOptions,EC2,WRITE,MEDIUM,5,Creates or modifies AWS resources or service state.
glue:CreateTableOptimizer,Glue,WRITE,MEDIUM,5,Creates or modifies AWS resources or service state.
eks:DescribeCapability,EKS,READ,LOW,2,Primarily reads or inspects AWS state/data.
ec2:DescribeVpcEndpointServiceConfigurations,EC2,READ,LOW,2,Primarily reads or inspects AWS state/data.
logs:DescribeLogStreams,CloudWatch Logs,READ,LOW,2,Primarily reads or inspects AWS state/data.
ecs:PutClusterCapacityProviders,ECS,WRITE,MEDIUM,5,Creates or modifies AWS resources or service state.
cloudtrail:GetResourcePolicy,CloudTrail,PERMISSION_CHANGE,CRITICAL,10,Can change authorization or grant/restrict permissions.
opensearch:DeletePackage,OpenSearch,DELETE,HIGH,8,"Can remove, terminate, or destroy AWS resources/data."
ec2:ModifyTransitGatewayMeteringPolicy,EC2,PERMISSION_CHANGE,CRITICAL,10,Can change authorization or grant/restrict permissions.
ecs:DescribeExpressGatewayService,ECS,READ,LOW,2,Primarily reads or inspects AWS state/data.
ssm:GetConnectionStatus,Systems Manager,READ,LOW,2,Primarily reads or inspects AWS state/data.
logs:PutIndexPolicy,CloudWatch Logs,PERMISSION_CHANGE,CRITICAL,10,Can change authorization or grant/restrict permissions.
cloudformation:DeactivateOrganizationsAccess,CloudFormation,MODIFY,MEDIUM,5,Changes or disables an existing resource/service state.
redshift:ModifyClusterIamRoles,Redshift,WRITE,MEDIUM,5,Creates or modifies AWS resources or service state.
apigatewayv2:GetTags,API Gateway V2,READ,LOW,2,Primarily reads or inspects AWS state/data.
ec2:GetRouteServerPropagations,EC2,READ,LOW,2,Primarily reads or inspects AWS state/data.
bedrock:CreateGuardrail,Bedrock,WRITE,MEDIUM,5,Creates or modifies AWS resources or service state.
ec2:AssignPrivateIpAddresses,EC2,OTHER,MEDIUM,5,Project-defined review required for this operation.
opensearch:UpdateDomainConfig,OpenSearch,WRITE,MEDIUM,5,Creates or modifies AWS resources or service state.
opensearch:DescribeReservedInstanceOfferings,OpenSearch,READ,LOW,2,Primarily reads or inspects AWS state/data.
bedrock:DeleteAutomatedReasoningPolicy,Bedrock,PERMISSION_CHANGE,CRITICAL,10,Can change authorization or grant/restrict permissions.
rds:DescribeOptionGroups,RDS,READ,LOW,2,Primarily reads or inspects AWS state/data.
s3:GetObjectTagging,S3,READ,LOW,2,Primarily reads or inspects AWS state/data.
glue:GetClassifier,Glue,READ,LOW,2,Primarily reads or inspects AWS state/data.
sagemaker:DescribeHubContent,SageMaker,READ,LOW,2,Primarily reads or inspects AWS state/data.
s3:GetBucketWebsite,S3,READ,LOW,2,Primarily reads or inspects AWS state/data.
cloudformation:DescribeStackSetOperation,CloudFormation,READ,LOW,2,Primarily reads or inspects AWS state/data.
ssm:DescribeInstanceInformation,Systems Manager,READ,LOW,2,Primarily reads or inspects AWS state/data.
apigateway:DeleteDeployment,API Gateway,DELETE,HIGH,8,"Can remove, terminate, or destroy AWS resources/data."
sagemaker:DeleteEndpointConfig,SageMaker,DELETE,HIGH,8,"Can remove, terminate, or destroy AWS resources/data."
autoscaling:CancelInstanceRefresh,Auto Scaling,MODIFY,MEDIUM,5,Changes or disables an existing resource/service state.
logs:PutDataProtectionPolicy,CloudWatch Logs,PERMISSION_CHANGE,CRITICAL,10,Can change authorization or grant/restrict permissions.
sagemaker:StopInferenceExperiment,SageMaker,MODIFY,MEDIUM,5,Changes or disables an existing resource/service state.
ec2:AllocateIpamPoolCidr,EC2,WRITE,MEDIUM,5,Creates or modifies AWS resources or service state.
apigatewayv2:DeleteRouteSettings,API Gateway V2,DELETE,HIGH,8,"Can remove, terminate, or destroy AWS resources/data."
cognito-idp:UpdateUserPoolClient,Cognito Identity,IDENTITY,HIGH,9,"Can create, modify, or remove an identity or credential."
sagemaker:DescribeNotebookInstance,SageMaker,READ,LOW,2,Primarily reads or inspects AWS state/data.
ecs:RegisterTaskDefinition,ECS,WRITE,MEDIUM,5,Creates or modifies AWS resources or service state.
rds:CreateDBClusterEndpoint,RDS,WRITE,MEDIUM,5,Creates or modifies AWS resources or service state.
glue:GetUnfilteredPartitionsMetadata,Glue,READ,LOW,2,Primarily reads or inspects AWS state/data.
route53:CreateKeySigningKey,Route 53,WRITE,MEDIUM,5,Creates or modifies AWS resources or service state.
ec2:CreateVolume,EC2,WRITE,MEDIUM,5,Creates or modifies AWS resources or service state.
autoscaling:AttachLoadBalancers,Auto Scaling,WRITE,MEDIUM,5,Creates or modifies AWS resources or service state.
cloudformation:DescribeEvents,CloudFormation,READ,LOW,2,Primarily reads or inspects AWS state/data.
ssm:DescribeAssociationExecutions,Systems Manager,READ,LOW,2,Primarily reads or inspects AWS state/data.
route53:TestDNSAnswer,Route 53,OTHER,MEDIUM,5,Project-defined review required for this operation.
logs:DeleteSubscriptionFilter,CloudWatch Logs,DELETE,HIGH,8,"Can remove, terminate, or destroy AWS resources/data."
rds:RemoveTagsFromResource,RDS,DELETE,HIGH,8,"Can remove, terminate, or destroy AWS resources/data."
ecr:DescribeImageReplicationStatus,ECR,READ,LOW,2,Primarily reads or inspects AWS state/data.
cloudtrail:PutEventConfiguration,CloudTrail,WRITE,MEDIUM,5,Creates or modifies AWS resources or service state.
ec2:CreateSubnet,EC2,WRITE,MEDIUM,5,Creates or modifies AWS resources or service state.
redshift:DescribeReservedNodes,Redshift,READ,LOW,2,Primarily reads or inspects AWS state/data.
cloudformation:ListResourceScans,CloudFormation,READ,LOW,2,Primarily reads or inspects AWS state/data.
ec2:ModifyPrivateDnsNameOptions,EC2,WRITE,MEDIUM,5,Creates or modifies AWS resources or service state.
cognito-idp:AddCustomAttributes,Cognito Identity,WRITE,MEDIUM,5,Creates or modifies AWS resources or service state.
glue:ListTriggers,Glue,READ,LOW,2,Primarily reads or inspects AWS state/data.
ecs:CreateDaemon,ECS,WRITE,MEDIUM,5,Creates or modifies AWS resources or service state.
cloudformation:DescribeStackDriftDetectionStatus,CloudFormation,READ,LOW,2,Primarily reads or inspects AWS state/data.
ec2:ModifyVerifiedAccessEndpoint,EC2,WRITE,MEDIUM,5,Creates or modifies AWS resources or service state.
lambda:DeleteProvisionedConcurrencyConfig,Lambda,DELETE,HIGH,8,"Can remove, terminate, or destroy AWS resources/data."
opensearch:UpdateDirectQueryDataSource,OpenSearch,WRITE,MEDIUM,5,Creates or modifies AWS resources or service state.
kms:ReEncrypt,KMS,SECURITY_SENSITIVE,HIGH,8,Can expose or manipulate sensitive security material/access.
lambda:PublishVersion,Lambda,WRITE,MEDIUM,5,Creates or modifies AWS resources or service state.
sagemaker:DeleteCluster,SageMaker,DELETE,HIGH,8,"Can remove, terminate, or destroy AWS resources/data."
opensearch:DescribeDomainAutoTunes,OpenSearch,READ,LOW,2,Primarily reads or inspects AWS state/data.
iam:ListSAMLProviderTags,IAM,READ,LOW,2,Primarily reads or inspects AWS state/data.
ecr:DescribeImageSigningStatus,ECR,READ,LOW,2,Primarily reads or inspects AWS state/data.
ec2:DeleteTrafficMirrorTarget,EC2,DELETE,HIGH,8,"Can remove, terminate, or destroy AWS resources/data."
ec2:CreateTrafficMirrorSession,EC2,WRITE,MEDIUM,5,Creates or modifies AWS resources or service state.
cloudtrail:CreateEventDataStore,CloudTrail,WRITE,MEDIUM,5,Creates or modifies AWS resources or service state.
logs:DescribeSubscriptionFilters,CloudWatch Logs,READ,LOW,2,Primarily reads or inspects AWS state/data.
s3:GetBucketLifecycle,S3,READ,LOW,2,Primarily reads or inspects AWS state/data.
glue:UpdateDatabase,Glue,WRITE,MEDIUM,5,Creates or modifies AWS resources or service state.
logs:CreateLogAnomalyDetector,CloudWatch Logs,WRITE,MEDIUM,5,Creates or modifies AWS resources or service state.
cognito-idp:SetUICustomization,Cognito Identity,WRITE,MEDIUM,5,Creates or modifies AWS resources or service state.
s3:GetObjectLegalHold,S3,READ,LOW,2,Primarily reads or inspects AWS state/data.
iam:GetInstanceProfile,IAM,READ,LOW,2,Primarily reads or inspects AWS state/data.
ec2:ModifyReservedInstances,EC2,WRITE,MEDIUM,5,Creates or modifies AWS resources or service state.
glue:PutDataQualityProfileAnnotation,Glue,WRITE,MEDIUM,5,Creates or modifies AWS resources or service state.
sagemaker:StopAIRecommendationJob,SageMaker,MODIFY,MEDIUM,5,Changes or disables an existing resource/service state.
lambda:GetCodeSigningConfig,Lambda,READ,LOW,2,Primarily reads or inspects AWS state/data.
rds:CreateDBProxyEndpoint,RDS,WRITE,MEDIUM,5,Creates or modifies AWS resources or service state.
s3:PutBucketAnalyticsConfiguration,S3,WRITE,MEDIUM,5,Creates or modifies AWS resources or service state.
cloudformation:DescribeStackInstance,CloudFormation,READ,LOW,2,Primarily reads or inspects AWS state/data.
lambda:ListTags,Lambda,READ,LOW,2,Primarily reads or inspects AWS state/data.
ec2:ModifySnapshotAttribute,EC2,WRITE,MEDIUM,5,Creates or modifies AWS resources or service state.
athena:UpdateNotebookMetadata,Athena,WRITE,MEDIUM,5,Creates or modifies AWS resources or service state.
dynamodb:Scan,DynamoDB,READ,LOW,2,Primarily reads or inspects AWS state/data.
s3:UploadPartCopy,S3,OTHER,MEDIUM,5,Project-defined review required for this operation.
glue:RegisterConnectionType,Glue,WRITE,MEDIUM,5,Creates or modifies AWS resources or service state.
cloudtrail:GetChannel,CloudTrail,READ,LOW,2,Primarily reads or inspects AWS state/data.
ssm:DisassociateOpsItemRelatedItem,Systems Manager,MODIFY,MEDIUM,5,Changes or disables an existing resource/service state.
bedrock:ListMarketplaceModelEndpoints,Bedrock,READ,LOW,2,Primarily reads or inspects AWS state/data.
sqs:CreateQueue,SQS,WRITE,MEDIUM,5,Creates or modifies AWS resources or service state.
kinesis:GetResourcePolicy,Kinesis,PERMISSION_CHANGE,CRITICAL,10,Can change authorization or grant/restrict permissions.
autoscaling:DeletePolicy,Auto Scaling,PERMISSION_CHANGE,CRITICAL,10,Can change authorization or grant/restrict permissions.
redshift:DescribeRedshiftIdcApplications,Redshift,READ,LOW,2,Primarily reads or inspects AWS state/data.
ec2:ModifyInstanceNetworkPerformanceOptions,EC2,WRITE,MEDIUM,5,Creates or modifies AWS resources or service state.
logs:PutDeliveryDestinationPolicy,CloudWatch Logs,PERMISSION_CHANGE,CRITICAL,10,Can change authorization or grant/restrict permissions.
comprehend:DescribeFlywheelIteration,Comprehend,READ,LOW,2,Primarily reads or inspects AWS state/data.
apigatewayv2:UpdateRoute,API Gateway V2,WRITE,MEDIUM,5,Creates or modifies AWS resources or service state.
apigateway:DeleteIntegration,API Gateway,DELETE,HIGH,8,"Can remove, terminate, or destroy AWS resources/data."
apigateway:CreateUsagePlanKey,API Gateway,WRITE,MEDIUM,5,Creates or modifies AWS resources or service state.
ec2:DescribeCapacityReservationBillingRequests,EC2,READ,LOW,2,Primarily reads or inspects AWS state/data.
apigateway:UpdateUsage,API Gateway,WRITE,MEDIUM,5,Creates or modifies AWS resources or service state.
apigateway:GetDocumentationVersions,API Gateway,READ,LOW,2,Primarily reads or inspects AWS state/data.
ssm:CreateAssociationBatch,Systems Manager,WRITE,MEDIUM,5,Creates or modifies AWS resources or service state.
rds:DescribeDBClusterBacktracks,RDS,READ,LOW,2,Primarily reads or inspects AWS state/data.
glue:PutWorkflowRunProperties,Glue,WRITE,MEDIUM,5,Creates or modifies AWS resources or service state.
events:UpdateEndpoint,EventBridge,WRITE,MEDIUM,5,Creates or modifies AWS resources or service state.
cognito-idp:StopUserImportJob,Cognito Identity,MODIFY,MEDIUM,5,Changes or disables an existing resource/service state.
opensearch:GetUpgradeHistory,OpenSearch,READ,LOW,2,Primarily reads or inspects AWS state/data.
iam:ListAccessKeys,IAM,READ,LOW,2,Primarily reads or inspects AWS state/data.
ec2:DeleteQueuedReservedInstances,EC2,DELETE,HIGH,8,"Can remove, terminate, or destroy AWS resources/data."
apigatewayv2:DeleteDeployment,API Gateway V2,DELETE,HIGH,8,"Can remove, terminate, or destroy AWS resources/data."
redshift:PurchaseReservedNodeOffering,Redshift,OTHER,MEDIUM,5,Project-defined review required for this operation.
glue:GetColumnStatisticsTaskRuns,Glue,READ,LOW,2,Primarily reads or inspects AWS state/data.
sagemaker:RegisterDevices,SageMaker,WRITE,MEDIUM,5,Creates or modifies AWS resources or service state.
rds:RegisterDBProxyTargets,RDS,WRITE,MEDIUM,5,Creates or modifies AWS resources or service state.
cognito-idp:ForgetDevice,Cognito Identity,OTHER,MEDIUM,5,Project-defined review required for this operation.
logs:DescribeDeliverySources,CloudWatch Logs,READ,LOW,2,Primarily reads or inspects AWS state/data.
redshift:FailoverPrimaryCompute,Redshift,OTHER,MEDIUM,5,Project-defined review required for this operation.
opensearch:AcceptInboundConnection,OpenSearch,OTHER,MEDIUM,5,Project-defined review required for this operation.
cognito-idp:UpdateDeviceStatus,Cognito Identity,WRITE,MEDIUM,5,Creates or modifies AWS resources or service state.
autoscaling:AttachLoadBalancerTargetGroups,Auto Scaling,WRITE,MEDIUM,5,Creates or modifies AWS resources or service state.
sagemaker:DescribeWorkteam,SageMaker,READ,LOW,2,Primarily reads or inspects AWS state/data.
sagemaker:StopLabelingJob,SageMaker,MODIFY,MEDIUM,5,Changes or disables an existing resource/service state.
kms:ListKeyRotations,KMS,READ,LOW,2,Primarily reads or inspects AWS state/data.
opensearch:ListInsights,OpenSearch,READ,LOW,2,Primarily reads or inspects AWS state/data.
apigateway:CreateDomainNameAccessAssociation,API Gateway,WRITE,MEDIUM,5,Creates or modifies AWS resources or service state.
ec2:CreateLocalGatewayRoute,EC2,WRITE,MEDIUM,5,Creates or modifies AWS resources or service state.
rds:DeleteDBProxyEndpoint,RDS,DELETE,HIGH,8,"Can remove, terminate, or destroy AWS resources/data."
ecs:ListDaemonTaskDefinitions,ECS,READ,LOW,2,Primarily reads or inspects AWS state/data.
sagemaker:CreatePipeline,SageMaker,WRITE,MEDIUM,5,Creates or modifies AWS resources or service state.
ec2:DescribeIpamByoasn,EC2,READ,LOW,2,Primarily reads or inspects AWS state/data.
ec2:CreateCapacityReservationBySplitting,EC2,WRITE,MEDIUM,5,Creates or modifies AWS resources or service state.
sagemaker:DescribeHub,SageMaker,READ,LOW,2,Primarily reads or inspects AWS state/data.
iam:SimulatePrincipalPolicy,IAM,PERMISSION_CHANGE,CRITICAL,10,Can change authorization or grant/restrict permissions.
ec2:DescribeNetworkAcls,EC2,READ,LOW,2,Primarily reads or inspects AWS state/data.
sagemaker:ListUserProfiles,SageMaker,READ,LOW,2,Primarily reads or inspects AWS state/data.
logs:AssociateSourceToS3TableIntegration,CloudWatch Logs,WRITE,MEDIUM,5,Creates or modifies AWS resources or service state.
comprehend:ListPiiEntitiesDetectionJobs,Comprehend,READ,LOW,2,Primarily reads or inspects AWS state/data.
route53:ListTrafficPolicyInstancesByHostedZone,Route 53,PERMISSION_CHANGE,CRITICAL,10,Can change authorization or grant/restrict permissions.
sagemaker:DescribeModel,SageMaker,READ,LOW,2,Primarily reads or inspects AWS state/data.
sagemaker:DeleteModel,SageMaker,DELETE,HIGH,8,"Can remove, terminate, or destroy AWS resources/data."
ec2:DescribeRouteServers,EC2,READ,LOW,2,Primarily reads or inspects AWS state/data.
glue:GetDataQualityModel,Glue,READ,LOW,2,Primarily reads or inspects AWS state/data.
redshift:DescribeClusterTracks,Redshift,READ,LOW,2,Primarily reads or inspects AWS state/data.
ec2:CreateStoreImageTask,EC2,WRITE,MEDIUM,5,Creates or modifies AWS resources or service state.
sagemaker:ListClusters,SageMaker,READ,LOW,2,Primarily reads or inspects AWS state/data.
apigatewayv2:CreateProductPage,API Gateway V2,WRITE,MEDIUM,5,Creates or modifies AWS resources or service state.
ecs:ListClusters,ECS,READ,LOW,2,Primarily reads or inspects AWS state/data.
ec2:DeleteInstanceEventWindow,EC2,DELETE,HIGH,8,"Can remove, terminate, or destroy AWS resources/data."
ec2:DeleteImageUsageReport,EC2,DELETE,HIGH,8,"Can remove, terminate, or destroy AWS resources/data."
ec2:CreateInstanceEventWindow,EC2,WRITE,MEDIUM,5,Creates or modifies AWS resources or service state.
rds:CreateDBParameterGroup,RDS,WRITE,MEDIUM,5,Creates or modifies AWS resources or service state.
cloudformation:StartResourceScan,CloudFormation,WRITE,MEDIUM,5,Creates or modifies AWS resources or service state.
iam:ListGroups,IAM,READ,LOW,2,Primarily reads or inspects AWS state/data.
sagemaker:UpdateProject,SageMaker,WRITE,MEDIUM,5,Creates or modifies AWS resources or service state.
bedrock:UpdateCustomModelDeployment,Bedrock,WRITE,MEDIUM,5,Creates or modifies AWS resources or service state.
ec2:DescribeReplaceRootVolumeTasks,EC2,READ,LOW,2,Primarily reads or inspects AWS state/data.
ec2:DisassociateInstanceEventWindow,EC2,MODIFY,MEDIUM,5,Changes or disables an existing resource/service state.
redshift:DescribeStorage,Redshift,READ,LOW,2,Primarily reads or inspects AWS state/data.
logs:DeleteDeliverySource,CloudWatch Logs,DELETE,HIGH,8,"Can remove, terminate, or destroy AWS resources/data."
lambda:CreateAlias,Lambda,WRITE,MEDIUM,5,Creates or modifies AWS resources or service state.
glue:ListSessions,Glue,READ,LOW,2,Primarily reads or inspects AWS state/data.
iam:UpdateRole,IAM,IDENTITY,HIGH,9,"Can create, modify, or remove an identity or credential."
redshift:DescribePartners,Redshift,READ,LOW,2,Primarily reads or inspects AWS state/data.
lambda:ListFunctionUrlConfigs,Lambda,READ,LOW,2,Primarily reads or inspects AWS state/data.
ec2:DescribeOutpostLags,EC2,READ,LOW,2,Primarily reads or inspects AWS state/data.
ec2:ModifyVpcEndpoint,EC2,WRITE,MEDIUM,5,Creates or modifies AWS resources or service state.
ec2:DeleteIpamExternalResourceVerificationToken,EC2,DELETE,HIGH,8,"Can remove, terminate, or destroy AWS resources/data."
apigateway:GetExport,API Gateway,READ,LOW,2,Primarily reads or inspects AWS state/data.
cloudtrail:CreateChannel,CloudTrail,WRITE,MEDIUM,5,Creates or modifies AWS resources or service state.
cloudformation:DeleteStackSet,CloudFormation,DELETE,HIGH,8,"Can remove, terminate, or destroy AWS resources/data."
apigateway:GetDocumentationParts,API Gateway,READ,LOW,2,Primarily reads or inspects AWS state/data.
kms:DescribeKey,KMS,READ,LOW,2,Primarily reads or inspects AWS state/data.
logs:AssociateKmsKey,CloudWatch Logs,WRITE,MEDIUM,5,Creates or modifies AWS resources or service state.
glue:GetDataQualityRuleRecommendationRun,Glue,READ,LOW,2,Primarily reads or inspects AWS state/data.
ec2:ResetInstanceAttribute,EC2,OTHER,MEDIUM,5,Project-defined review required for this operation.
guardduty:ListPublishingDestinations,GuardDuty,READ,LOW,2,Primarily reads or inspects AWS state/data.
athena:ListDataCatalogs,Athena,READ,LOW,2,Primarily reads or inspects AWS state/data.
dynamodb:BatchWriteItem,DynamoDB,OTHER,MEDIUM,5,Project-defined review required for this operation.
cloudformation:ListStackSets,CloudFormation,READ,LOW,2,Primarily reads or inspects AWS state/data.
apigateway:RejectDomainNameAccessAssociation,API Gateway,OTHER,MEDIUM,5,Project-defined review required for this operation.
apigatewayv2:GetRoute,API Gateway V2,READ,LOW,2,Primarily reads or inspects AWS state/data.
lambda:GetFunction,Lambda,READ,LOW,2,Primarily reads or inspects AWS state/data.
ec2:DescribeRegions,EC2,READ,LOW,2,Primarily reads or inspects AWS state/data.
apigatewayv2:UpdateApiMapping,API Gateway V2,WRITE,MEDIUM,5,Creates or modifies AWS resources or service state.
ec2:ExportTransitGatewayRoutes,EC2,WRITE,MEDIUM,5,Creates or modifies AWS resources or service state.
ec2:CreateRouteServer,EC2,WRITE,MEDIUM,5,Creates or modifies AWS resources or service state.
iam:ListEntitiesForPolicy,IAM,PERMISSION_CHANGE,CRITICAL,10,Can change authorization or grant/restrict permissions.
ec2:GetEbsEncryptionByDefault,EC2,READ,LOW,2,Primarily reads or inspects AWS state/data.
redshift:CreateTags,Redshift,WRITE,MEDIUM,5,Creates or modifies AWS resources or service state.
redshift:CreateClusterSubnetGroup,Redshift,WRITE,MEDIUM,5,Creates or modifies AWS resources or service state.
cloudwatch:StopOTelEnrichment,CloudWatch,MODIFY,MEDIUM,5,Changes or disables an existing resource/service state.
s3:WriteGetObjectResponse,S3,OTHER,MEDIUM,5,Project-defined review required for this operation.
kms:Sign,KMS,SECURITY_SENSITIVE,HIGH,8,Can expose or manipulate sensitive security material/access.
iam:RemoveClientIDFromOpenIDConnectProvider,IAM,DELETE,HIGH,8,"Can remove, terminate, or destroy AWS resources/data."
sagemaker:ListClusterSchedulerConfigs,SageMaker,READ,LOW,2,Primarily reads or inspects AWS state/data.
opensearch:GetPackageVersionHistory,OpenSearch,READ,LOW,2,Primarily reads or inspects AWS state/data.
ec2:AttachVerifiedAccessTrustProvider,EC2,WRITE,MEDIUM,5,Creates or modifies AWS resources or service state.
rds:PromoteReadReplica,RDS,OTHER,MEDIUM,5,Project-defined review required for this operation.
ec2:DescribeFpgaImageAttribute,EC2,READ,LOW,2,Primarily reads or inspects AWS state/data.
ssm:CreateMaintenanceWindow,Systems Manager,WRITE,MEDIUM,5,Creates or modifies AWS resources or service state.
glue:GetIntegrationTableProperties,Glue,READ,LOW,2,Primarily reads or inspects AWS state/data.
ec2:GetVpnConnectionDeviceTypes,EC2,READ,LOW,2,Primarily reads or inspects AWS state/data.
opensearch:DeregisterCapability,OpenSearch,OTHER,MEDIUM,5,Project-defined review required for this operation.
ec2:ModifyIpamPoolAllocation,EC2,WRITE,MEDIUM,5,Creates or modifies AWS resources or service state.
kms:GetKeyPolicy,KMS,PERMISSION_CHANGE,CRITICAL,10,Can change authorization or grant/restrict permissions.
opensearch:ListTags,OpenSearch,READ,LOW,2,Primarily reads or inspects AWS state/data.
iam:UploadSSHPublicKey,IAM,OTHER,MEDIUM,5,Project-defined review required for this operation.
iam:DeleteSigningCertificate,IAM,DELETE,HIGH,8,"Can remove, terminate, or destroy AWS resources/data."
ecr:DeleteRepository,ECR,DELETE,HIGH,8,"Can remove, terminate, or destroy AWS resources/data."
sns:ListSubscriptionsByTopic,SNS,READ,LOW,2,Primarily reads or inspects AWS state/data.
route53:CreateHostedZone,Route 53,WRITE,MEDIUM,5,Creates or modifies AWS resources or service state.
events:ListReplays,EventBridge,READ,LOW,2,Primarily reads or inspects AWS state/data.
sagemaker:DeleteCompilationJob,SageMaker,DELETE,HIGH,8,"Can remove, terminate, or destroy AWS resources/data."
ec2:DescribeTransitGatewayAttachments,EC2,READ,LOW,2,Primarily reads or inspects AWS state/data.
kms:TagResource,KMS,TAGGING,LOW,3,Changes resource tags or metadata.
sagemaker:ListLineageGroups,SageMaker,READ,LOW,2,Primarily reads or inspects AWS state/data.
sagemaker:GetModelPackageGroupPolicy,SageMaker,PERMISSION_CHANGE,CRITICAL,10,Can change authorization or grant/restrict permissions.
opensearch:GetCapability,OpenSearch,READ,LOW,2,Primarily reads or inspects AWS state/data.
apigateway:GetMethodResponse,API Gateway,READ,LOW,2,Primarily reads or inspects AWS state/data.
sagemaker:ListActions,SageMaker,READ,LOW,2,Primarily reads or inspects AWS state/data.
ec2:DeleteVpcEndpointServiceConfigurations,EC2,DELETE,HIGH,8,"Can remove, terminate, or destroy AWS resources/data."
glue:GetColumnStatisticsTaskRun,Glue,READ,LOW,2,Primarily reads or inspects AWS state/data.
athena:ListSessions,Athena,READ,LOW,2,Primarily reads or inspects AWS state/data.
events:ActivateEventSource,EventBridge,WRITE,MEDIUM,5,Creates or modifies AWS resources or service state.
iam:ListUsers,IAM,READ,LOW,2,Primarily reads or inspects AWS state/data.
guardduty:DeleteIPSet,GuardDuty,DELETE,HIGH,8,"Can remove, terminate, or destroy AWS resources/data."
athena:BatchGetNamedQuery,Athena,READ,LOW,2,Primarily reads or inspects AWS state/data.
s3:DeleteBucketMetadataTableConfiguration,S3,DELETE,HIGH,8,"Can remove, terminate, or destroy AWS resources/data."
s3:ListBucketAnalyticsConfigurations,S3,READ,LOW,2,Primarily reads or inspects AWS state/data.
ec2:DeleteTransitGatewayClientVpnAttachment,EC2,DELETE,HIGH,8,"Can remove, terminate, or destroy AWS resources/data."
ec2:DescribeInternetGateways,EC2,READ,LOW,2,Primarily reads or inspects AWS state/data.
kinesis:DisableEnhancedMonitoring,Kinesis,MODIFY,MEDIUM,5,Changes or disables an existing resource/service state.
s3:GetBucketAnalyticsConfiguration,S3,READ,LOW,2,Primarily reads or inspects AWS state/data.
ec2:ListImagesInRecycleBin,EC2,READ,LOW,2,Primarily reads or inspects AWS state/data.
sagemaker:UpdateInferenceExperiment,SageMaker,WRITE,MEDIUM,5,Creates or modifies AWS resources or service state.
sagemaker:DeleteMlflowApp,SageMaker,DELETE,HIGH,8,"Can remove, terminate, or destroy AWS resources/data."
iam:DetachUserPolicy,IAM,PERMISSION_CHANGE,CRITICAL,10,Can change authorization or grant/restrict permissions.
s3:DeleteBucketLifecycle,S3,DELETE,HIGH,8,"Can remove, terminate, or destroy AWS resources/data."
bedrock:GetProvisionedModelThroughput,Bedrock,READ,LOW,2,Primarily reads or inspects AWS state/data.
sagemaker:DescribeTransformJob,SageMaker,READ,LOW,2,Primarily reads or inspects AWS state/data.
cloudtrail:StopLogging,CloudTrail,MODIFY,MEDIUM,5,Changes or disables an existing resource/service state.
ec2:DescribeVpnGateways,EC2,READ,LOW,2,Primarily reads or inspects AWS state/data.
dynamodb:ListBackups,DynamoDB,READ,LOW,2,Primarily reads or inspects AWS state/data.
lambda:CreateCodeSigningConfig,Lambda,WRITE,MEDIUM,5,Creates or modifies AWS resources or service state.
glue:SearchTables,Glue,READ,LOW,2,Primarily reads or inspects AWS state/data.
glue:GetCrawlers,Glue,READ,LOW,2,Primarily reads or inspects AWS state/data.
guardduty:CreateDetector,GuardDuty,WRITE,MEDIUM,5,Creates or modifies AWS resources or service state.
sagemaker:DescribeEndpoint,SageMaker,READ,LOW,2,Primarily reads or inspects AWS state/data.
glue:DeleteTableOptimizer,Glue,DELETE,HIGH,8,"Can remove, terminate, or destroy AWS resources/data."
cognito-idp:ListUserImportJobs,Cognito Identity,READ,LOW,2,Primarily reads or inspects AWS state/data.
sagemaker:DescribeWorkforce,SageMaker,READ,LOW,2,Primarily reads or inspects AWS state/data.
ec2:ReleaseIpamPoolAllocation,EC2,OTHER,MEDIUM,5,Project-defined review required for this operation.
dynamodb:ListTagsOfResource,DynamoDB,READ,LOW,2,Primarily reads or inspects AWS state/data.
eks:CreatePodIdentityAssociation,EKS,WRITE,MEDIUM,5,Creates or modifies AWS resources or service state.
glue:StartJobRun,Glue,WRITE,MEDIUM,5,Creates or modifies AWS resources or service state.
opensearch:ListDomainNames,OpenSearch,READ,LOW,2,Primarily reads or inspects AWS state/data.
dynamodb:ExecuteStatement,DynamoDB,WRITE,MEDIUM,5,Creates or modifies AWS resources or service state.
sagemaker:CreateModelQualityJobDefinition,SageMaker,WRITE,MEDIUM,5,Creates or modifies AWS resources or service state.
ec2:DescribePrefixLists,EC2,READ,LOW,2,Primarily reads or inspects AWS state/data.
sagemaker:StopMonitoringSchedule,SageMaker,MODIFY,MEDIUM,5,Changes or disables an existing resource/service state.
sagemaker:StopHyperParameterTuningJob,SageMaker,MODIFY,MEDIUM,5,Changes or disables an existing resource/service state.
sagemaker:DeleteModelPackageGroupPolicy,SageMaker,PERMISSION_CHANGE,CRITICAL,10,Can change authorization or grant/restrict permissions.
redshift:RegisterNamespace,Redshift,WRITE,MEDIUM,5,Creates or modifies AWS resources or service state.
cloudformation:DetectStackDrift,CloudFormation,OTHER,MEDIUM,5,Project-defined review required for this operation.
sagemaker:DescribeAppImageConfig,SageMaker,READ,LOW,2,Primarily reads or inspects AWS state/data.
sagemaker:CreateFlowDefinition,SageMaker,WRITE,MEDIUM,5,Creates or modifies AWS resources or service state.
glue:GetSecurityConfigurations,Glue,READ,LOW,2,Primarily reads or inspects AWS state/data.
apigateway:GetVpcLinks,API Gateway,READ,LOW,2,Primarily reads or inspects AWS state/data.
ec2:CreateVpnConnectionRoute,EC2,WRITE,MEDIUM,5,Creates or modifies AWS resources or service state.
athena:CreateWorkGroup,Athena,WRITE,MEDIUM,5,Creates or modifies AWS resources or service state.
ec2:DescribeTags,EC2,READ,LOW,2,Primarily reads or inspects AWS state/data.
ec2:EnableVgwRoutePropagation,EC2,WRITE,MEDIUM,5,Creates or modifies AWS resources or service state.
ec2:UpdateSecurityGroupRuleDescriptionsEgress,EC2,WRITE,MEDIUM,5,Creates or modifies AWS resources or service state.
cloudformation:DescribeStackSet,CloudFormation,READ,LOW,2,Primarily reads or inspects AWS state/data.
route53:CreateVPCAssociationAuthorization,Route 53,PERMISSION_CHANGE,CRITICAL,10,Can change authorization or grant/restrict permissions.
lambda:GetDurableExecutionState,Lambda,READ,LOW,2,Primarily reads or inspects AWS state/data.
comprehend:DescribeEntitiesDetectionJob,Comprehend,READ,LOW,2,Primarily reads or inspects AWS state/data.
ec2:ProvisionIpamPoolCidr,EC2,WRITE,MEDIUM,5,Creates or modifies AWS resources or service state.
ec2:DescribeInstances,EC2,READ,LOW,2,Primarily reads or inspects AWS state/data.
sns:Subscribe,SNS,OTHER,MEDIUM,5,Project-defined review required for this operation.
ecr:GetDownloadUrlForLayer,ECR,READ,LOW,2,Primarily reads or inspects AWS state/data.
ec2:AssociateIpamByoasn,EC2,WRITE,MEDIUM,5,Creates or modifies AWS resources or service state.
rds:CreateDBInstanceReadReplica,RDS,WRITE,MEDIUM,5,Creates or modifies AWS resources or service state.
lambda:GetCapacityProvider,Lambda,READ,LOW,2,Primarily reads or inspects AWS state/data.
autoscaling:PutWarmPool,Auto Scaling,WRITE,MEDIUM,5,Creates or modifies AWS resources or service state.
glue:GetSchemaVersion,Glue,READ,LOW,2,Primarily reads or inspects AWS state/data.
ec2:ExportClientVpnClientConfiguration,EC2,WRITE,MEDIUM,5,Creates or modifies AWS resources or service state.
opensearch:RollbackServiceSoftwareUpdate,OpenSearch,OTHER,MEDIUM,5,Project-defined review required for this operation.
cloudwatch:PutCompositeAlarm,CloudWatch,WRITE,MEDIUM,5,Creates or modifies AWS resources or service state.
ssm:DescribeMaintenanceWindowSchedule,Systems Manager,READ,LOW,2,Primarily reads or inspects AWS state/data.
s3:CompleteMultipartUpload,S3,OTHER,MEDIUM,5,Project-defined review required for this operation.
route53:ListHostedZones,Route 53,READ,LOW,2,Primarily reads or inspects AWS state/data.
ec2:CreateIpamScope,EC2,WRITE,MEDIUM,5,Creates or modifies AWS resources or service state.
guardduty:UpdateFilter,GuardDuty,WRITE,MEDIUM,5,Creates or modifies AWS resources or service state.
ec2:DescribeVpcEndpointConnectionNotifications,EC2,READ,LOW,2,Primarily reads or inspects AWS state/data.
ec2:DescribeFlowLogs,EC2,READ,LOW,2,Primarily reads or inspects AWS state/data.
apigateway:UpdateMethod,API Gateway,WRITE,MEDIUM,5,Creates or modifies AWS resources or service state.
sagemaker:CreateEdgeDeploymentPlan,SageMaker,WRITE,MEDIUM,5,Creates or modifies AWS resources or service state.
rds:DeleteDBClusterParameterGroup,RDS,DELETE,HIGH,8,"Can remove, terminate, or destroy AWS resources/data."
ecs:DescribeServiceRevisions,ECS,READ,LOW,2,Primarily reads or inspects AWS state/data.
sns:VerifySMSSandboxPhoneNumber,SNS,OTHER,MEDIUM,5,Project-defined review required for this operation.
ec2:ReplaceRoute,EC2,OTHER,MEDIUM,5,Project-defined review required for this operation.
sagemaker:ListTrainingPlans,SageMaker,READ,LOW,2,Primarily reads or inspects AWS state/data.
ec2:DeleteTransitGatewayPrefixListReference,EC2,DELETE,HIGH,8,"Can remove, terminate, or destroy AWS resources/data."
sagemaker:SendPipelineExecutionStepFailure,SageMaker,WRITE,MEDIUM,5,Creates or modifies AWS resources or service state.
bedrock:UntagResource,Bedrock,TAGGING,LOW,3,Changes resource tags or metadata.
iam:SimulateCustomPolicy,IAM,PERMISSION_CHANGE,CRITICAL,10,Can change authorization or grant/restrict permissions.
rds:DeleteOptionGroup,RDS,DELETE,HIGH,8,"Can remove, terminate, or destroy AWS resources/data."
s3:PutBucketPolicy,S3,PERMISSION_CHANGE,CRITICAL,10,Can change authorization or grant/restrict permissions.
cloudwatch:StopMetricStreams,CloudWatch,MODIFY,MEDIUM,5,Changes or disables an existing resource/service state.
ec2:DescribeTrunkInterfaceAssociations,EC2,READ,LOW,2,Primarily reads or inspects AWS state/data.
bedrock:ListEvaluationJobs,Bedrock,READ,LOW,2,Primarily reads or inspects AWS state/data.
rds:ModifyDBSnapshotAttribute,RDS,WRITE,MEDIUM,5,Creates or modifies AWS resources or service state.
glue:DeleteSession,Glue,DELETE,HIGH,8,"Can remove, terminate, or destroy AWS resources/data."
ec2:CreateNetworkInterfacePermission,EC2,PERMISSION_CHANGE,CRITICAL,10,Can change authorization or grant/restrict permissions.
apigatewayv2:CreatePortalProduct,API Gateway V2,WRITE,MEDIUM,5,Creates or modifies AWS resources or service state.
ec2:CreateTransitGatewayPrefixListReference,EC2,WRITE,MEDIUM,5,Creates or modifies AWS resources or service state.
events:DeleteConnection,EventBridge,DELETE,HIGH,8,"Can remove, terminate, or destroy AWS resources/data."
apigateway:UpdateAuthorizer,API Gateway,PERMISSION_CHANGE,CRITICAL,10,Can change authorization or grant/restrict permissions.
ec2:ReportInstanceStatus,EC2,OTHER,MEDIUM,5,Project-defined review required for this operation.
events:ListPartnerEventSources,EventBridge,READ,LOW,2,Primarily reads or inspects AWS state/data.
redshift:DescribeDefaultClusterParameters,Redshift,READ,LOW,2,Primarily reads or inspects AWS state/data.
athena:TerminateSession,Athena,DELETE,HIGH,8,"Can remove, terminate, or destroy AWS resources/data."
logs:UpdateLogAnomalyDetector,CloudWatch Logs,WRITE,MEDIUM,5,Creates or modifies AWS resources or service state.
iam:DeleteUser,IAM,IDENTITY,HIGH,9,"Can create, modify, or remove an identity or credential."
events:DescribeEventBus,EventBridge,READ,LOW,2,Primarily reads or inspects AWS state/data.
eks:DeleteCapability,EKS,DELETE,HIGH,8,"Can remove, terminate, or destroy AWS resources/data."
s3:GetBucketEncryption,S3,READ,LOW,2,Primarily reads or inspects AWS state/data.
apigatewayv2:CreateVpcLink,API Gateway V2,WRITE,MEDIUM,5,Creates or modifies AWS resources or service state.
apigateway:DeleteDocumentationPart,API Gateway,DELETE,HIGH,8,"Can remove, terminate, or destroy AWS resources/data."
dynamodb:TransactGetItems,DynamoDB,OTHER,MEDIUM,5,Project-defined review required for this operation.
glue:UpdateColumnStatisticsTaskSettings,Glue,WRITE,MEDIUM,5,Creates or modifies AWS resources or service state.
ec2:RevokeSecurityGroupEgress,EC2,PERMISSION_CHANGE,CRITICAL,10,Can change authorization or grant/restrict permissions.
ec2:DescribeCapacityReservations,EC2,READ,LOW,2,Primarily reads or inspects AWS state/data.
secretsmanager:BatchGetSecretValue,Secrets Manager,SECURITY_SENSITIVE,HIGH,8,Can expose or manipulate sensitive security material/access.
comprehend:StartSentimentDetectionJob,Comprehend,WRITE,MEDIUM,5,Creates or modifies AWS resources or service state.
sagemaker:DeleteAction,SageMaker,DELETE,HIGH,8,"Can remove, terminate, or destroy AWS resources/data."
ec2:DisassociateRouteServer,EC2,MODIFY,MEDIUM,5,Changes or disables an existing resource/service state.
ec2:AssociateIamInstanceProfile,EC2,WRITE,MEDIUM,5,Creates or modifies AWS resources or service state.
lambda:DeleteFunctionEventInvokeConfig,Lambda,DELETE,HIGH,8,"Can remove, terminate, or destroy AWS resources/data."
rds:ModifyDBProxyTargetGroup,RDS,WRITE,MEDIUM,5,Creates or modifies AWS resources or service state.
ec2:UnassignIpv6Addresses,EC2,OTHER,MEDIUM,5,Project-defined review required for this operation.
sagemaker:UpdateHub,SageMaker,WRITE,MEDIUM,5,Creates or modifies AWS resources or service state.
ecs:DeleteDaemonTaskDefinition,ECS,DELETE,HIGH,8,"Can remove, terminate, or destroy AWS resources/data."
route53:CreateQueryLoggingConfig,Route 53,WRITE,MEDIUM,5,Creates or modifies AWS resources or service state.
athena:StartSession,Athena,WRITE,MEDIUM,5,Creates or modifies AWS resources or service state.
ec2:DescribeSpotFleetInstances,EC2,READ,LOW,2,Primarily reads or inspects AWS state/data.
sagemaker:DescribeEdgePackagingJob,SageMaker,READ,LOW,2,Primarily reads or inspects AWS state/data.
dynamodb:UpdateGlobalTableSettings,DynamoDB,WRITE,MEDIUM,5,Creates or modifies AWS resources or service state.
bedrock:CreateModelInvocationJob,Bedrock,WRITE,MEDIUM,5,Creates or modifies AWS resources or service state.
eks:DescribeInsight,EKS,READ,LOW,2,Primarily reads or inspects AWS state/data.
comprehend:DescribeDataset,Comprehend,READ,LOW,2,Primarily reads or inspects AWS state/data.
ec2:DisableRouteServerPropagation,EC2,MODIFY,MEDIUM,5,Changes or disables an existing resource/service state.
ec2:DeleteTransitGatewayConnect,EC2,DELETE,HIGH,8,"Can remove, terminate, or destroy AWS resources/data."
athena:PutCapacityAssignmentConfiguration,Athena,WRITE,MEDIUM,5,Creates or modifies AWS resources or service state.
ec2:DescribeDhcpOptions,EC2,READ,LOW,2,Primarily reads or inspects AWS state/data.
ec2:MonitorInstances,EC2,OTHER,MEDIUM,5,Project-defined review required for this operation.
ec2:ModifyEbsDefaultKmsKeyId,EC2,WRITE,MEDIUM,5,Creates or modifies AWS resources or service state.
rds:ModifyCurrentDBClusterCapacity,RDS,WRITE,MEDIUM,5,Creates or modifies AWS resources or service state.
events:DescribeRule,EventBridge,READ,LOW,2,Primarily reads or inspects AWS state/data.
cognito-idp:GlobalSignOut,Cognito Identity,OTHER,MEDIUM,5,Project-defined review required for this operation.
ec2:DisableAllowedImagesSettings,EC2,MODIFY,MEDIUM,5,Changes or disables an existing resource/service state.
iam:ResetServiceSpecificCredential,IAM,OTHER,MEDIUM,5,Project-defined review required for this operation.
apigatewayv2:CreateStage,API Gateway V2,WRITE,MEDIUM,5,Creates or modifies AWS resources or service state.
sagemaker:CreateHyperParameterTuningJob,SageMaker,WRITE,MEDIUM,5,Creates or modifies AWS resources or service state.
ec2:DescribeIpamResourceDiscoveries,EC2,READ,LOW,2,Primarily reads or inspects AWS state/data.
glue:StartColumnStatisticsTaskRunSchedule,Glue,WRITE,MEDIUM,5,Creates or modifies AWS resources or service state.
cognito-idp:AdminSetUserPassword,Cognito Identity,OTHER,MEDIUM,5,Project-defined review required for this operation.
redshift:AcceptReservedNodeExchange,Redshift,OTHER,MEDIUM,5,Project-defined review required for this operation.
ec2:DescribeVpcEndpointConnections,EC2,READ,LOW,2,Primarily reads or inspects AWS state/data.
sagemaker:DescribeProject,SageMaker,READ,LOW,2,Primarily reads or inspects AWS state/data.
athena:GetSession,Athena,READ,LOW,2,Primarily reads or inspects AWS state/data.
sagemaker:ListClusterNodes,SageMaker,READ,LOW,2,Primarily reads or inspects AWS state/data.
ec2:PurchaseHostReservation,EC2,OTHER,MEDIUM,5,Project-defined review required for this operation.
iam:CreatePolicyVersion,IAM,PERMISSION_CHANGE,CRITICAL,10,Can change authorization or grant/restrict permissions.
sagemaker:DeleteTrainingJob,SageMaker,DELETE,HIGH,8,"Can remove, terminate, or destroy AWS resources/data."
cloudwatch:DeleteMetricStream,CloudWatch,DELETE,HIGH,8,"Can remove, terminate, or destroy AWS resources/data."
sagemaker:CreateAppImageConfig,SageMaker,WRITE,MEDIUM,5,Creates or modifies AWS resources or service state.
iam:DeleteServerCertificate,IAM,DELETE,HIGH,8,"Can remove, terminate, or destroy AWS resources/data."
cognito-idp:RevokeToken,Cognito Identity,PERMISSION_CHANGE,CRITICAL,10,Can change authorization or grant/restrict permissions.
eks:CreateFargateProfile,EKS,WRITE,MEDIUM,5,Creates or modifies AWS resources or service state.
ssm:DeregisterTargetFromMaintenanceWindow,Systems Manager,OTHER,MEDIUM,5,Project-defined review required for this operation.
ec2:UpdateCapacityManagerMonitoredTagKeys,EC2,WRITE,MEDIUM,5,Creates or modifies AWS resources or service state.
cognito-idp:AdminDeleteUserAttributes,Cognito Identity,IDENTITY,HIGH,9,"Can create, modify, or remove an identity or credential."
sagemaker:ListPipelines,SageMaker,READ,LOW,2,Primarily reads or inspects AWS state/data.
cognito-idp:UpdateUserPool,Cognito Identity,IDENTITY,HIGH,9,"Can create, modify, or remove an identity or credential."
apigateway:GetUsagePlanKey,API Gateway,READ,LOW,2,Primarily reads or inspects AWS state/data.
ssm:StartChangeRequestExecution,Systems Manager,WRITE,MEDIUM,5,Creates or modifies AWS resources or service state.
ec2:DisableIpamPolicy,EC2,PERMISSION_CHANGE,CRITICAL,10,Can change authorization or grant/restrict permissions.
s3:PutBucketAbac,S3,WRITE,MEDIUM,5,Creates or modifies AWS resources or service state.
route53:GetAccountLimit,Route 53,READ,LOW,2,Primarily reads or inspects AWS state/data.
cognito-idp:AdminCreateUser,Cognito Identity,IDENTITY,HIGH,9,"Can create, modify, or remove an identity or credential."
glue:StartBlueprintRun,Glue,WRITE,MEDIUM,5,Creates or modifies AWS resources or service state.
glue:CreateClassifier,Glue,WRITE,MEDIUM,5,Creates or modifies AWS resources or service state.
sts:AssumeRoot,STS,OTHER,MEDIUM,5,Project-defined review required for this operation.
redshift:CreateHsmClientCertificate,Redshift,WRITE,MEDIUM,5,Creates or modifies AWS resources or service state.
apigatewayv2:PreviewPortal,API Gateway V2,OTHER,MEDIUM,5,Project-defined review required for this operation.
athena:GetCalculationExecutionStatus,Athena,READ,LOW,2,Primarily reads or inspects AWS state/data.
ec2:ResetImageAttribute,EC2,OTHER,MEDIUM,5,Project-defined review required for this operation.
events:UpdateEventBus,EventBridge,WRITE,MEDIUM,5,Creates or modifies AWS resources or service state.
rds:RestoreDBInstanceFromS3,RDS,WRITE,MEDIUM,5,Creates or modifies AWS resources or service state.
cloudtrail:PutInsightSelectors,CloudTrail,WRITE,MEDIUM,5,Creates or modifies AWS resources or service state.
cloudtrail:DescribeQuery,CloudTrail,READ,LOW,2,Primarily reads or inspects AWS state/data.
ec2:CreateVerifiedAccessInstance,EC2,WRITE,MEDIUM,5,Creates or modifies AWS resources or service state.
logs:CancelExportTask,CloudWatch Logs,MODIFY,MEDIUM,5,Changes or disables an existing resource/service state.
ec2:CreateKeyPair,EC2,WRITE,MEDIUM,5,Creates or modifies AWS resources or service state.
apigateway:GetDomainNameAccessAssociations,API Gateway,READ,LOW,2,Primarily reads or inspects AWS state/data.
opensearch:CancelDomainConfigChange,OpenSearch,MODIFY,MEDIUM,5,Changes or disables an existing resource/service state.
ec2:ReplaceIamInstanceProfileAssociation,EC2,OTHER,MEDIUM,5,Project-defined review required for this operation.
ec2:ReplaceNetworkAclAssociation,EC2,OTHER,MEDIUM,5,Project-defined review required for this operation.
ssm:DeregisterManagedInstance,Systems Manager,OTHER,MEDIUM,5,Project-defined review required for this operation.
ec2:DescribeCapacityBlocks,EC2,READ,LOW,2,Primarily reads or inspects AWS state/data.
ssm:ListOpsMetadata,Systems Manager,READ,LOW,2,Primarily reads or inspects AWS state/data.
ssm:PutParameter,Systems Manager,WRITE,MEDIUM,5,Creates or modifies AWS resources or service state.
glue:ListMaterializedViewRefreshTaskRuns,Glue,READ,LOW,2,Primarily reads or inspects AWS state/data.
cloudtrail:LookupEvents,CloudTrail,READ,LOW,2,Primarily reads or inspects AWS state/data.
sns:PutDataProtectionPolicy,SNS,PERMISSION_CHANGE,CRITICAL,10,Can change authorization or grant/restrict permissions.
sagemaker:CreateHumanTaskUi,SageMaker,WRITE,MEDIUM,5,Creates or modifies AWS resources or service state.
ec2:CreateIpamPolicy,EC2,PERMISSION_CHANGE,CRITICAL,10,Can change authorization or grant/restrict permissions.
apigateway:PutRestApi,API Gateway,WRITE,MEDIUM,5,Creates or modifies AWS resources or service state.
iam:DeleteUserPolicy,IAM,PERMISSION_CHANGE,CRITICAL,10,Can change authorization or grant/restrict permissions.
rds:CreateDBClusterParameterGroup,RDS,WRITE,MEDIUM,5,Creates or modifies AWS resources or service state.
apigatewayv2:GetApiMapping,API Gateway V2,READ,LOW,2,Primarily reads or inspects AWS state/data.
redshift:DescribeUsageLimits,Redshift,READ,LOW,2,Primarily reads or inspects AWS state/data.
rds:DescribeEvents,RDS,READ,LOW,2,Primarily reads or inspects AWS state/data.
cognito-idp:UpdateUserPoolDomain,Cognito Identity,IDENTITY,HIGH,9,"Can create, modify, or remove an identity or credential."
ec2:AuthorizeSecurityGroupIngress,EC2,PERMISSION_CHANGE,CRITICAL,10,Can change authorization or grant/restrict permissions.
ec2:DeleteSubnet,EC2,DELETE,HIGH,8,"Can remove, terminate, or destroy AWS resources/data."
ec2:GetEnabledIpamPolicy,EC2,PERMISSION_CHANGE,CRITICAL,10,Can change authorization or grant/restrict permissions.
ec2:DescribeCapacityBlockOfferings,EC2,READ,LOW,2,Primarily reads or inspects AWS state/data.
apigatewayv2:UpdateDeployment,API Gateway V2,WRITE,MEDIUM,5,Creates or modifies AWS resources or service state.
bedrock:ListImportedModels,Bedrock,READ,LOW,2,Primarily reads or inspects AWS state/data.
glue:GetWorkflowRun,Glue,READ,LOW,2,Primarily reads or inspects AWS state/data.
ec2:DescribeClientVpnAuthorizationRules,EC2,PERMISSION_CHANGE,CRITICAL,10,Can change authorization or grant/restrict permissions.
cloudformation:ListStackInstances,CloudFormation,READ,LOW,2,Primarily reads or inspects AWS state/data.
glue:UpdateClassifier,Glue,WRITE,MEDIUM,5,Creates or modifies AWS resources or service state.
comprehend:DeleteFlywheel,Comprehend,DELETE,HIGH,8,"Can remove, terminate, or destroy AWS resources/data."
s3:PutBucketAccelerateConfiguration,S3,WRITE,MEDIUM,5,Creates or modifies AWS resources or service state.
ec2:GetSpotPlacementScores,EC2,READ,LOW,2,Primarily reads or inspects AWS state/data.
ec2:DeletePlacementGroup,EC2,DELETE,HIGH,8,"Can remove, terminate, or destroy AWS resources/data."
sagemaker:ListContexts,SageMaker,READ,LOW,2,Primarily reads or inspects AWS state/data.
ecr:PutAccountSetting,ECR,WRITE,MEDIUM,5,Creates or modifies AWS resources or service state.
iam:DeleteLoginProfile,IAM,DELETE,HIGH,8,"Can remove, terminate, or destroy AWS resources/data."
kms:UpdateKeyDescription,KMS,SECURITY_SENSITIVE,HIGH,8,Can expose or manipulate sensitive security material/access.
cloudtrail:UpdateTrail,CloudTrail,WRITE,MEDIUM,5,Creates or modifies AWS resources or service state.
ec2:AssociateRouteServer,EC2,WRITE,MEDIUM,5,Creates or modifies AWS resources or service state.
ecs:ListAccountSettings,ECS,READ,LOW,2,Primarily reads or inspects AWS state/data.
ecs:ListDaemonDeployments,ECS,READ,LOW,2,Primarily reads or inspects AWS state/data.
ecr:CreatePullThroughCacheRule,ECR,WRITE,MEDIUM,5,Creates or modifies AWS resources or service state.
rds:RebootDBInstance,RDS,OTHER,MEDIUM,5,Project-defined review required for this operation.
ec2:ExportVerifiedAccessInstanceClientConfiguration,EC2,WRITE,MEDIUM,5,Creates or modifies AWS resources or service state.
bedrock:ExportAutomatedReasoningPolicyVersion,Bedrock,PERMISSION_CHANGE,CRITICAL,10,Can change authorization or grant/restrict permissions.
cognito-idp:GetUserAuthFactors,Cognito Identity,READ,LOW,2,Primarily reads or inspects AWS state/data.
logs:PutDestination,CloudWatch Logs,WRITE,MEDIUM,5,Creates or modifies AWS resources or service state.
iam:GetUser,IAM,READ,LOW,2,Primarily reads or inspects AWS state/data.
iam:UntagUser,IAM,TAGGING,LOW,3,Changes resource tags or metadata.
apigateway:CreateModel,API Gateway,WRITE,MEDIUM,5,Creates or modifies AWS resources or service state.
logs:DeleteDestination,CloudWatch Logs,DELETE,HIGH,8,"Can remove, terminate, or destroy AWS resources/data."
ec2:AuthorizeSecurityGroupEgress,EC2,PERMISSION_CHANGE,CRITICAL,10,Can change authorization or grant/restrict permissions.
sagemaker:ListModelBiasJobDefinitions,SageMaker,READ,LOW,2,Primarily reads or inspects AWS state/data.
lambda:ListEventSourceMappings,Lambda,READ,LOW,2,Primarily reads or inspects AWS state/data.
apigatewayv2:GetApis,API Gateway V2,READ,LOW,2,Primarily reads or inspects AWS state/data.
iam:DeleteServiceSpecificCredential,IAM,DELETE,HIGH,8,"Can remove, terminate, or destroy AWS resources/data."
route53:CreateCidrCollection,Route 53,WRITE,MEDIUM,5,Creates or modifies AWS resources or service state.
ec2:DescribeReservedInstances,EC2,READ,LOW,2,Primarily reads or inspects AWS state/data.
glue:ModifyIntegration,Glue,WRITE,MEDIUM,5,Creates or modifies AWS resources or service state.
ssm:DescribeMaintenanceWindowTargets,Systems Manager,READ,LOW,2,Primarily reads or inspects AWS state/data.
sagemaker:DescribeInferenceRecommendationsJob,SageMaker,READ,LOW,2,Primarily reads or inspects AWS state/data.
cognito-idp:AdminConfirmSignUp,Cognito Identity,OTHER,MEDIUM,5,Project-defined review required for this operation.
ec2:CreateVerifiedAccessTrustProvider,EC2,WRITE,MEDIUM,5,Creates or modifies AWS resources or service state.
secretsmanager:DeleteResourcePolicy,Secrets Manager,PERMISSION_CHANGE,CRITICAL,10,Can change authorization or grant/restrict permissions.
ssm:ListOpsItemRelatedItems,Systems Manager,READ,LOW,2,Primarily reads or inspects AWS state/data.
cloudformation:ActivateType,CloudFormation,WRITE,MEDIUM,5,Creates or modifies AWS resources or service state.
comprehend:BatchDetectSentiment,Comprehend,OTHER,MEDIUM,5,Project-defined review required for this operation.
eks:DisassociateAccessPolicy,EKS,PERMISSION_CHANGE,CRITICAL,10,Can change authorization or grant/restrict permissions.
ec2:DeleteLocalGatewayRouteTable,EC2,DELETE,HIGH,8,"Can remove, terminate, or destroy AWS resources/data."
redshift:DescribeAuthenticationProfiles,Redshift,READ,LOW,2,Primarily reads or inspects AWS state/data.
ec2:DescribeKeyPairs,EC2,READ,LOW,2,Primarily reads or inspects AWS state/data.
rds:EnableHttpEndpoint,RDS,WRITE,MEDIUM,5,Creates or modifies AWS resources or service state.
rds:DescribeDBClusterSnapshotAttributes,RDS,READ,LOW,2,Primarily reads or inspects AWS state/data.
ec2:DeleteVpc,EC2,DELETE,HIGH,8,"Can remove, terminate, or destroy AWS resources/data."
events:DeactivateEventSource,EventBridge,MODIFY,MEDIUM,5,Changes or disables an existing resource/service state.
guardduty:GetDetector,GuardDuty,READ,LOW,2,Primarily reads or inspects AWS state/data.
sagemaker:ListImages,SageMaker,READ,LOW,2,Primarily reads or inspects AWS state/data.
sagemaker:DescribeTrialComponent,SageMaker,READ,LOW,2,Primarily reads or inspects AWS state/data.
rds:AddRoleToDBInstance,RDS,WRITE,MEDIUM,5,Creates or modifies AWS resources or service state.
ec2:ResetAddressAttribute,EC2,OTHER,MEDIUM,5,Project-defined review required for this operation.
route53:ListCidrCollections,Route 53,READ,LOW,2,Primarily reads or inspects AWS state/data.
ec2:DescribeVpcEndpointServices,EC2,READ,LOW,2,Primarily reads or inspects AWS state/data.
redshift:CreateClusterSecurityGroup,Redshift,WRITE,MEDIUM,5,Creates or modifies AWS resources or service state.
ec2:GetConsoleOutput,EC2,READ,LOW,2,Primarily reads or inspects AWS state/data.
ec2:CreateDhcpOptions,EC2,WRITE,MEDIUM,5,Creates or modifies AWS resources or service state.
ec2:GetInstanceTypesFromInstanceRequirements,EC2,READ,LOW,2,Primarily reads or inspects AWS state/data.
bedrock:ListInferenceProfiles,Bedrock,READ,LOW,2,Primarily reads or inspects AWS state/data.
cognito-idp:AdminListGroupsForUser,Cognito Identity,OTHER,MEDIUM,5,Project-defined review required for this operation.
iam:PutRolePolicy,IAM,PERMISSION_CHANGE,CRITICAL,10,Can change authorization or grant/restrict permissions.
logs:PutTransformer,CloudWatch Logs,WRITE,MEDIUM,5,Creates or modifies AWS resources or service state.
ec2:DescribeStoreImageTasks,EC2,READ,LOW,2,Primarily reads or inspects AWS state/data.
glue:ListDataQualityRulesetEvaluationRuns,Glue,READ,LOW,2,Primarily reads or inspects AWS state/data.
ec2:GetImageBlockPublicAccessState,EC2,READ,LOW,2,Primarily reads or inspects AWS state/data.
lambda:InvokeWithResponseStream,Lambda,WRITE,MEDIUM,5,Creates or modifies AWS resources or service state.
glue:RemoveSchemaVersionMetadata,Glue,DELETE,HIGH,8,"Can remove, terminate, or destroy AWS resources/data."
sns:DeleteTopic,SNS,DELETE,HIGH,8,"Can remove, terminate, or destroy AWS resources/data."
ec2:DeleteTransitGateway,EC2,DELETE,HIGH,8,"Can remove, terminate, or destroy AWS resources/data."
bedrock:DeleteMarketplaceModelEndpoint,Bedrock,DELETE,HIGH,8,"Can remove, terminate, or destroy AWS resources/data."
s3:UpdateObjectEncryption,S3,WRITE,MEDIUM,5,Creates or modifies AWS resources or service state.
s3:GetBucketMetadataConfiguration,S3,READ,LOW,2,Primarily reads or inspects AWS state/data.
sagemaker:UpdateFeatureGroup,SageMaker,WRITE,MEDIUM,5,Creates or modifies AWS resources or service state.
opensearch:DeleteInboundConnection,OpenSearch,DELETE,HIGH,8,"Can remove, terminate, or destroy AWS resources/data."
autoscaling:AttachInstances,Auto Scaling,WRITE,MEDIUM,5,Creates or modifies AWS resources or service state.
ec2:DescribeSnapshots,EC2,READ,LOW,2,Primarily reads or inspects AWS state/data.
ssm:GetAutomationExecution,Systems Manager,READ,LOW,2,Primarily reads or inspects AWS state/data.
ec2:DetachVpnGateway,EC2,MODIFY,MEDIUM,5,Changes or disables an existing resource/service state.
apigatewayv2:UpdateVpcLink,API Gateway V2,WRITE,MEDIUM,5,Creates or modifies AWS resources or service state.
apigateway:UpdateDocumentationVersion,API Gateway,WRITE,MEDIUM,5,Creates or modifies AWS resources or service state.
sagemaker:UpdateExperiment,SageMaker,WRITE,MEDIUM,5,Creates or modifies AWS resources or service state.
eks:UpdateAddon,EKS,WRITE,MEDIUM,5,Creates or modifies AWS resources or service state.
ec2:ModifyCapacityReservation,EC2,WRITE,MEDIUM,5,Creates or modifies AWS resources or service state.
kms:DeleteCustomKeyStore,KMS,DELETE,HIGH,8,"Can remove, terminate, or destroy AWS resources/data."
rds:CreateTenantDatabase,RDS,WRITE,MEDIUM,5,Creates or modifies AWS resources or service state.
ec2:ModifyVpcEndpointServicePermissions,EC2,PERMISSION_CHANGE,CRITICAL,10,Can change authorization or grant/restrict permissions.
route53:DeleteTrafficPolicyInstance,Route 53,PERMISSION_CHANGE,CRITICAL,10,Can change authorization or grant/restrict permissions.
kms:CreateKey,KMS,WRITE,MEDIUM,5,Creates or modifies AWS resources or service state.
sagemaker:StopAIBenchmarkJob,SageMaker,MODIFY,MEDIUM,5,Changes or disables an existing resource/service state.
sqs:UntagQueue,SQS,TAGGING,LOW,3,Changes resource tags or metadata.
ec2:DetachNetworkInterface,EC2,MODIFY,MEDIUM,5,Changes or disables an existing resource/service state.
ec2:DescribeImageAttribute,EC2,READ,LOW,2,Primarily reads or inspects AWS state/data.
glue:GetJobRun,Glue,READ,LOW,2,Primarily reads or inspects AWS state/data.
opensearch:DeleteDomain,OpenSearch,DELETE,HIGH,8,"Can remove, terminate, or destroy AWS resources/data."
ec2:DeleteInstanceConnectEndpoint,EC2,DELETE,HIGH,8,"Can remove, terminate, or destroy AWS resources/data."
ec2:DescribeIdFormat,EC2,READ,LOW,2,Primarily reads or inspects AWS state/data.
kms:GenerateDataKeyWithoutPlaintext,KMS,SECURITY_SENSITIVE,HIGH,8,Can expose or manipulate sensitive security material/access.
apigateway:UpdateMethodResponse,API Gateway,WRITE,MEDIUM,5,Creates or modifies AWS resources or service state.
lambda:GetFunctionConfiguration,Lambda,READ,LOW,2,Primarily reads or inspects AWS state/data.
apigatewayv2:DeleteApiMapping,API Gateway V2,DELETE,HIGH,8,"Can remove, terminate, or destroy AWS resources/data."
ec2:DeleteCoipPool,EC2,DELETE,HIGH,8,"Can remove, terminate, or destroy AWS resources/data."
s3:GetBucketIntelligentTieringConfiguration,S3,READ,LOW,2,Primarily reads or inspects AWS state/data.
events:PutEvents,EventBridge,WRITE,MEDIUM,5,Creates or modifies AWS resources or service state.
cognito-idp:UpdateResourceServer,Cognito Identity,WRITE,MEDIUM,5,Creates or modifies AWS resources or service state.
glue:UpdateTable,Glue,WRITE,MEDIUM,5,Creates or modifies AWS resources or service state.
sagemaker:UpdatePipelineVersion,SageMaker,WRITE,MEDIUM,5,Creates or modifies AWS resources or service state.
s3:PutObjectTagging,S3,WRITE,MEDIUM,5,Creates or modifies AWS resources or service state.
athena:UntagResource,Athena,TAGGING,LOW,3,Changes resource tags or metadata.
opensearch:UpdateScheduledAction,OpenSearch,WRITE,MEDIUM,5,Creates or modifies AWS resources or service state.
rds:DescribeEngineDefaultParameters,RDS,READ,LOW,2,Primarily reads or inspects AWS state/data.
opensearch:AddDataSource,OpenSearch,WRITE,MEDIUM,5,Creates or modifies AWS resources or service state.
sagemaker:DeleteAlgorithm,SageMaker,DELETE,HIGH,8,"Can remove, terminate, or destroy AWS resources/data."
sagemaker:UpdateImageVersion,SageMaker,WRITE,MEDIUM,5,Creates or modifies AWS resources or service state.
sagemaker:DescribeClusterEvent,SageMaker,READ,LOW,2,Primarily reads or inspects AWS state/data.
sagemaker:ListMonitoringAlerts,SageMaker,READ,LOW,2,Primarily reads or inspects AWS state/data.
sagemaker:ExtendTrainingPlan,SageMaker,OTHER,MEDIUM,5,Project-defined review required for this operation.
kinesis:DescribeLimits,Kinesis,READ,LOW,2,Primarily reads or inspects AWS state/data.
lambda:ListFunctions,Lambda,READ,LOW,2,Primarily reads or inspects AWS state/data.
sagemaker:DeleteInferenceExperiment,SageMaker,DELETE,HIGH,8,"Can remove, terminate, or destroy AWS resources/data."
ssm:ResetServiceSetting,Systems Manager,OTHER,MEDIUM,5,Project-defined review required for this operation.
ssm:SendCommand,Systems Manager,SECURITY_SENSITIVE,HIGH,8,Can expose or manipulate sensitive security material/access.
ssm:GetPatchBaseline,Systems Manager,READ,LOW,2,Primarily reads or inspects AWS state/data.
glue:UpdateDevEndpoint,Glue,WRITE,MEDIUM,5,Creates or modifies AWS resources or service state.
ec2:DeregisterImage,EC2,OTHER,MEDIUM,5,Project-defined review required for this operation.
cloudformation:ValidateTemplate,CloudFormation,READ,LOW,2,Primarily reads or inspects AWS state/data.
ec2:CancelImageLaunchPermission,EC2,PERMISSION_CHANGE,CRITICAL,10,Can change authorization or grant/restrict permissions.
sns:SetPlatformApplicationAttributes,SNS,WRITE,MEDIUM,5,Creates or modifies AWS resources or service state.
bedrock:UpdateAutomatedReasoningPolicy,Bedrock,PERMISSION_CHANGE,CRITICAL,10,Can change authorization or grant/restrict permissions.
kms:ConnectCustomKeyStore,KMS,OTHER,MEDIUM,5,Project-defined review required for this operation.
opensearch:GetDefaultApplicationSetting,OpenSearch,READ,LOW,2,Primarily reads or inspects AWS state/data.
ec2:DescribeSpotFleetRequestHistory,EC2,READ,LOW,2,Primarily reads or inspects AWS state/data.
ssm:GetPatchBaselineForPatchGroup,Systems Manager,READ,LOW,2,Primarily reads or inspects AWS state/data.
apigatewayv2:GetPortal,API Gateway V2,READ,LOW,2,Primarily reads or inspects AWS state/data.
sagemaker:StartNotebookInstance,SageMaker,WRITE,MEDIUM,5,Creates or modifies AWS resources or service state.
apigatewayv2:CreateProductRestEndpointPage,API Gateway V2,WRITE,MEDIUM,5,Creates or modifies AWS resources or service state.
ec2:DescribeExportTasks,EC2,READ,LOW,2,Primarily reads or inspects AWS state/data.
iam:RejectDelegationRequest,IAM,OTHER,MEDIUM,5,Project-defined review required for this operation.
secretsmanager:ReplicateSecretToRegions,Secrets Manager,OTHER,MEDIUM,5,Project-defined review required for this operation.
ec2:CreateVerifiedAccessEndpoint,EC2,WRITE,MEDIUM,5,Creates or modifies AWS resources or service state.
cognito-idp:AdminLinkProviderForUser,Cognito Identity,OTHER,MEDIUM,5,Project-defined review required for this operation.
sagemaker:StopTrainingJob,SageMaker,MODIFY,MEDIUM,5,Changes or disables an existing resource/service state.
ecs:ListAttributes,ECS,READ,LOW,2,Primarily reads or inspects AWS state/data.
redshift:DescribeEndpointAuthorization,Redshift,PERMISSION_CHANGE,CRITICAL,10,Can change authorization or grant/restrict permissions.
s3:GetBucketInventoryConfiguration,S3,READ,LOW,2,Primarily reads or inspects AWS state/data.
route53:GetGeoLocation,Route 53,READ,LOW,2,Primarily reads or inspects AWS state/data.
ec2:CreateNetworkInterface,EC2,WRITE,MEDIUM,5,Creates or modifies AWS resources or service state.
comprehend:StopDominantLanguageDetectionJob,Comprehend,MODIFY,MEDIUM,5,Changes or disables an existing resource/service state.
ec2:DescribeSecurityGroupVpcAssociations,EC2,READ,LOW,2,Primarily reads or inspects AWS state/data.
ecs:DeleteDaemon,ECS,DELETE,HIGH,8,"Can remove, terminate, or destroy AWS resources/data."
eks:UpdatePodIdentityAssociation,EKS,WRITE,MEDIUM,5,Creates or modifies AWS resources or service state.
ec2:CreatePlacementGroup,EC2,WRITE,MEDIUM,5,Creates or modifies AWS resources or service state.
events:DeleteArchive,EventBridge,DELETE,HIGH,8,"Can remove, terminate, or destroy AWS resources/data."
sns:CreateTopic,SNS,WRITE,MEDIUM,5,Creates or modifies AWS resources or service state.
iam:DeleteAccountAlias,IAM,DELETE,HIGH,8,"Can remove, terminate, or destroy AWS resources/data."
ec2:GetFlowLogsIntegrationTemplate,EC2,READ,LOW,2,Primarily reads or inspects AWS state/data.
ssm:DeleteOpsMetadata,Systems Manager,DELETE,HIGH,8,"Can remove, terminate, or destroy AWS resources/data."
apigatewayv2:DeletePortalProduct,API Gateway V2,DELETE,HIGH,8,"Can remove, terminate, or destroy AWS resources/data."
cloudwatch:DisableInsightRules,CloudWatch,MODIFY,MEDIUM,5,Changes or disables an existing resource/service state.
ec2:DeleteVpnConnectionRoute,EC2,DELETE,HIGH,8,"Can remove, terminate, or destroy AWS resources/data."
sagemaker:DescribeExperiment,SageMaker,READ,LOW,2,Primarily reads or inspects AWS state/data.
dynamodb:DescribeTimeToLive,DynamoDB,READ,LOW,2,Primarily reads or inspects AWS state/data.
ec2:ProvisionIpamByoasn,EC2,WRITE,MEDIUM,5,Creates or modifies AWS resources or service state.
sqs:AddPermission,SQS,PERMISSION_CHANGE,CRITICAL,10,Can change authorization or grant/restrict permissions.
glue:GetPartitionIndexes,Glue,READ,LOW,2,Primarily reads or inspects AWS state/data.
ec2:DescribeVpcBlockPublicAccessExclusions,EC2,READ,LOW,2,Primarily reads or inspects AWS state/data.
ec2:ModifyTrafficMirrorFilterNetworkServices,EC2,WRITE,MEDIUM,5,Creates or modifies AWS resources or service state.
rds:DescribeDBMajorEngineVersions,RDS,READ,LOW,2,Primarily reads or inspects AWS state/data.
ecs:CreateTaskSet,ECS,WRITE,MEDIUM,5,Creates or modifies AWS resources or service state.
guardduty:StartMalwareScan,GuardDuty,WRITE,MEDIUM,5,Creates or modifies AWS resources or service state.
ec2:RevokeClientVpnIngress,EC2,PERMISSION_CHANGE,CRITICAL,10,Can change authorization or grant/restrict permissions.
ec2:RegisterInstanceEventNotificationAttributes,EC2,WRITE,MEDIUM,5,Creates or modifies AWS resources or service state.
sqs:DeleteMessage,SQS,DELETE,HIGH,8,"Can remove, terminate, or destroy AWS resources/data."
apigateway:GetClientCertificate,API Gateway,READ,LOW,2,Primarily reads or inspects AWS state/data.
sts:GetCallerIdentity,STS,READ,LOW,2,Primarily reads or inspects AWS state/data.
ec2:RestoreManagedPrefixListVersion,EC2,WRITE,MEDIUM,5,Creates or modifies AWS resources or service state.
route53:ListHostedZonesByName,Route 53,READ,LOW,2,Primarily reads or inspects AWS state/data.
ec2:DeleteTransitGatewayMeteringPolicyEntry,EC2,PERMISSION_CHANGE,CRITICAL,10,Can change authorization or grant/restrict permissions.
ec2:SendDiagnosticInterrupt,EC2,WRITE,MEDIUM,5,Creates or modifies AWS resources or service state.
eks:TagResource,EKS,TAGGING,LOW,3,Changes resource tags or metadata.
ecr:DescribeImages,ECR,READ,LOW,2,Primarily reads or inspects AWS state/data.
opensearch:ListVersions,OpenSearch,READ,LOW,2,Primarily reads or inspects AWS state/data.
bedrock:GetModelImportJob,Bedrock,READ,LOW,2,Primarily reads or inspects AWS state/data.
lambda:DeleteCapacityProvider,Lambda,DELETE,HIGH,8,"Can remove, terminate, or destroy AWS resources/data."
sagemaker:DeleteHyperParameterTuningJob,SageMaker,DELETE,HIGH,8,"Can remove, terminate, or destroy AWS resources/data."
ec2:DescribeVolumes,EC2,READ,LOW,2,Primarily reads or inspects AWS state/data.
ec2:DescribeAwsNetworkPerformanceMetricSubscriptions,EC2,READ,LOW,2,Primarily reads or inspects AWS state/data.
cloudformation:DescribeType,CloudFormation,READ,LOW,2,Primarily reads or inspects AWS state/data.
sns:ListTopics,SNS,READ,LOW,2,Primarily reads or inspects AWS state/data.
ssm:RemoveTagsFromResource,Systems Manager,DELETE,HIGH,8,"Can remove, terminate, or destroy AWS resources/data."
glue:DescribeEntity,Glue,READ,LOW,2,Primarily reads or inspects AWS state/data.
ec2:DisassociateClientVpnTargetNetwork,EC2,MODIFY,MEDIUM,5,Changes or disables an existing resource/service state.
opensearch:GetIndex,OpenSearch,READ,LOW,2,Primarily reads or inspects AWS state/data.
apigateway:CreateRequestValidator,API Gateway,WRITE,MEDIUM,5,Creates or modifies AWS resources or service state.
cognito-idp:DescribeResourceServer,Cognito Identity,READ,LOW,2,Primarily reads or inspects AWS state/data.
apigateway:GetRestApi,API Gateway,READ,LOW,2,Primarily reads or inspects AWS state/data.
ec2:EnableInstanceSqlHaStandbyDetections,EC2,WRITE,MEDIUM,5,Creates or modifies AWS resources or service state.
apigateway:UpdateResource,API Gateway,WRITE,MEDIUM,5,Creates or modifies AWS resources or service state.
ec2:RejectTransitGatewayVpcAttachment,EC2,OTHER,MEDIUM,5,Project-defined review required for this operation.
cloudwatch:PutAlarmMuteRule,CloudWatch,WRITE,MEDIUM,5,Creates or modifies AWS resources or service state.
lambda:UpdateFunctionEventInvokeConfig,Lambda,WRITE,MEDIUM,5,Creates or modifies AWS resources or service state.
ec2:DescribeRouteTables,EC2,READ,LOW,2,Primarily reads or inspects AWS state/data.
apigateway:GetSdk,API Gateway,READ,LOW,2,Primarily reads or inspects AWS state/data.
dynamodb:CreateGlobalTable,DynamoDB,WRITE,MEDIUM,5,Creates or modifies AWS resources or service state.
logs:PutRetentionPolicy,CloudWatch Logs,PERMISSION_CHANGE,CRITICAL,10,Can change authorization or grant/restrict permissions.
ec2:DescribeInstanceImageMetadata,EC2,READ,LOW,2,Primarily reads or inspects AWS state/data.
cloudtrail:PutEventSelectors,CloudTrail,WRITE,MEDIUM,5,Creates or modifies AWS resources or service state.
rds:DescribeOrderableDBInstanceOptions,RDS,READ,LOW,2,Primarily reads or inspects AWS state/data.
cloudtrail:ListTrails,CloudTrail,READ,LOW,2,Primarily reads or inspects AWS state/data.
ec2:RebootInstances,EC2,OTHER,MEDIUM,5,Project-defined review required for this operation.
ec2:CreateIpamPrefixListResolverTarget,EC2,WRITE,MEDIUM,5,Creates or modifies AWS resources or service state.
iam:ListAccountAliases,IAM,READ,LOW,2,Primarily reads or inspects AWS state/data.
rds:AddSourceIdentifierToSubscription,RDS,WRITE,MEDIUM,5,Creates or modifies AWS resources or service state.
sagemaker:DescribeTrainingPlanExtensionHistory,SageMaker,READ,LOW,2,Primarily reads or inspects AWS state/data.
ec2:ConfirmProductInstance,EC2,OTHER,MEDIUM,5,Project-defined review required for this operation.
ec2:GetTransitGatewayPolicyTableAssociations,EC2,PERMISSION_CHANGE,CRITICAL,10,Can change authorization or grant/restrict permissions.
ec2:DeregisterInstanceEventNotificationAttributes,EC2,OTHER,MEDIUM,5,Project-defined review required for this operation.
ec2:GetTransitGatewayRouteTableAssociations,EC2,READ,LOW,2,Primarily reads or inspects AWS state/data.
comprehend:DescribeFlywheel,Comprehend,READ,LOW,2,Primarily reads or inspects AWS state/data.
comprehend:CreateEntityRecognizer,Comprehend,WRITE,MEDIUM,5,Creates or modifies AWS resources or service state.
glue:BatchDeleteTable,Glue,OTHER,MEDIUM,5,Project-defined review required for this operation.
ecs:ExecuteCommand,ECS,WRITE,MEDIUM,5,Creates or modifies AWS resources or service state.
sagemaker:CreateProject,SageMaker,WRITE,MEDIUM,5,Creates or modifies AWS resources or service state.
ec2:DescribeNetworkInterfacePermissions,EC2,PERMISSION_CHANGE,CRITICAL,10,Can change authorization or grant/restrict permissions.
ssm:DescribePatchProperties,Systems Manager,READ,LOW,2,Primarily reads or inspects AWS state/data.
apigateway:TestInvokeMethod,API Gateway,OTHER,MEDIUM,5,Project-defined review required for this operation.
sns:OptInPhoneNumber,SNS,OTHER,MEDIUM,5,Project-defined review required for this operation.
logs:GetLogFields,CloudWatch Logs,READ,LOW,2,Primarily reads or inspects AWS state/data.
sagemaker:DescribeModelExplainabilityJobDefinition,SageMaker,READ,LOW,2,Primarily reads or inspects AWS state/data.
guardduty:GetInvitationsCount,GuardDuty,READ,LOW,2,Primarily reads or inspects AWS state/data.
ecr:DeleteRegistryPolicy,ECR,PERMISSION_CHANGE,CRITICAL,10,Can change authorization or grant/restrict permissions.
s3:DeleteBucketOwnershipControls,S3,DELETE,HIGH,8,"Can remove, terminate, or destroy AWS resources/data."
apigatewayv2:UpdateRouteResponse,API Gateway V2,WRITE,MEDIUM,5,Creates or modifies AWS resources or service state.
iam:CreateUser,IAM,IDENTITY,HIGH,9,"Can create, modify, or remove an identity or credential."
ssm:StartAutomationExecution,Systems Manager,WRITE,MEDIUM,5,Creates or modifies AWS resources or service state.
athena:UpdateCapacityReservation,Athena,WRITE,MEDIUM,5,Creates or modifies AWS resources or service state.
ec2:DisableImage,EC2,MODIFY,MEDIUM,5,Changes or disables an existing resource/service state.
lambda:UpdateAlias,Lambda,WRITE,MEDIUM,5,Creates or modifies AWS resources or service state.
ec2:DeprovisionIpamPoolCidr,EC2,OTHER,MEDIUM,5,Project-defined review required for this operation.
glue:TagResource,Glue,TAGGING,LOW,3,Changes resource tags or metadata.
ec2:GetSnapshotBlockPublicAccessState,EC2,READ,LOW,2,Primarily reads or inspects AWS state/data.
apigatewayv2:CreateRoutingRule,API Gateway V2,WRITE,MEDIUM,5,Creates or modifies AWS resources or service state.
logs:GetQueryResults,CloudWatch Logs,READ,LOW,2,Primarily reads or inspects AWS state/data.
ec2:ModifyVpnTunnelOptions,EC2,WRITE,MEDIUM,5,Creates or modifies AWS resources or service state.
ecs:SubmitAttachmentStateChanges,ECS,OTHER,MEDIUM,5,Project-defined review required for this operation.
ec2:ModifyVpcPeeringConnectionOptions,EC2,WRITE,MEDIUM,5,Creates or modifies AWS resources or service state.
bedrock:StartAutomatedReasoningPolicyTestWorkflow,Bedrock,PERMISSION_CHANGE,CRITICAL,10,Can change authorization or grant/restrict permissions.
sagemaker:DeletePipeline,SageMaker,DELETE,HIGH,8,"Can remove, terminate, or destroy AWS resources/data."
apigateway:UpdateIntegration,API Gateway,WRITE,MEDIUM,5,Creates or modifies AWS resources or service state.
ec2:DescribeVolumeStatus,EC2,READ,LOW,2,Primarily reads or inspects AWS state/data.
sagemaker:DeleteModelExplainabilityJobDefinition,SageMaker,DELETE,HIGH,8,"Can remove, terminate, or destroy AWS resources/data."
secretsmanager:PutResourcePolicy,Secrets Manager,PERMISSION_CHANGE,CRITICAL,10,Can change authorization or grant/restrict permissions.
athena:CreateNamedQuery,Athena,WRITE,MEDIUM,5,Creates or modifies AWS resources or service state.
guardduty:StopMonitoringMembers,GuardDuty,MODIFY,MEDIUM,5,Changes or disables an existing resource/service state.
sagemaker:DeleteMonitoringSchedule,SageMaker,DELETE,HIGH,8,"Can remove, terminate, or destroy AWS resources/data."
cognito-idp:DescribeUserPool,Cognito Identity,READ,LOW,2,Primarily reads or inspects AWS state/data.
ec2:DeleteNetworkInterfacePermission,EC2,PERMISSION_CHANGE,CRITICAL,10,Can change authorization or grant/restrict permissions.
guardduty:DeleteThreatEntitySet,GuardDuty,DELETE,HIGH,8,"Can remove, terminate, or destroy AWS resources/data."
ssm:DescribeAutomationStepExecutions,Systems Manager,READ,LOW,2,Primarily reads or inspects AWS state/data.
cloudformation:DescribeStackRefactor,CloudFormation,READ,LOW,2,Primarily reads or inspects AWS state/data.
bedrock:CreateAutomatedReasoningPolicy,Bedrock,PERMISSION_CHANGE,CRITICAL,10,Can change authorization or grant/restrict permissions.
athena:ListNotebookSessions,Athena,READ,LOW,2,Primarily reads or inspects AWS state/data.
sagemaker:GetLineageGroupPolicy,SageMaker,PERMISSION_CHANGE,CRITICAL,10,Can change authorization or grant/restrict permissions.
glue:CreateTable,Glue,WRITE,MEDIUM,5,Creates or modifies AWS resources or service state.
opensearch:DescribeReservedInstances,OpenSearch,READ,LOW,2,Primarily reads or inspects AWS state/data.
apigateway:GetRestApis,API Gateway,READ,LOW,2,Primarily reads or inspects AWS state/data.
ec2:DescribeIpamPrefixListResolvers,EC2,READ,LOW,2,Primarily reads or inspects AWS state/data.
dynamodb:DescribeExport,DynamoDB,READ,LOW,2,Primarily reads or inspects AWS state/data.
rds:ModifyGlobalCluster,RDS,WRITE,MEDIUM,5,Creates or modifies AWS resources or service state.
route53:GetHealthCheck,Route 53,READ,LOW,2,Primarily reads or inspects AWS state/data.
logs:TagLogGroup,CloudWatch Logs,TAGGING,LOW,3,Changes resource tags or metadata.
comprehend:ListEntityRecognizerSummaries,Comprehend,READ,LOW,2,Primarily reads or inspects AWS state/data.
glue:GetConnections,Glue,READ,LOW,2,Primarily reads or inspects AWS state/data.
ec2:DescribeVerifiedAccessTrustProviders,EC2,READ,LOW,2,Primarily reads or inspects AWS state/data.
iam:CreateDelegationRequest,IAM,WRITE,MEDIUM,5,Creates or modifies AWS resources or service state.
ecr:CompleteLayerUpload,ECR,OTHER,MEDIUM,5,Project-defined review required for this operation.
sns:SetSMSAttributes,SNS,WRITE,MEDIUM,5,Creates or modifies AWS resources or service state.
apigatewayv2:TagResource,API Gateway V2,TAGGING,LOW,3,Changes resource tags or metadata.
rds:DescribeDBClusterEndpoints,RDS,READ,LOW,2,Primarily reads or inspects AWS state/data.
sagemaker:UpdateInferenceComponent,SageMaker,WRITE,MEDIUM,5,Creates or modifies AWS resources or service state.
ec2:DescribeFleetHistory,EC2,READ,LOW,2,Primarily reads or inspects AWS state/data.
events:DescribeConnection,EventBridge,READ,LOW,2,Primarily reads or inspects AWS state/data.
ec2:DescribeInstanceSqlHaStates,EC2,READ,LOW,2,Primarily reads or inspects AWS state/data.
s3:ListParts,S3,READ,LOW,2,Primarily reads or inspects AWS state/data.
ec2:CreateLocalGatewayRouteTableVpcAssociation,EC2,WRITE,MEDIUM,5,Creates or modifies AWS resources or service state.
kinesis:DeregisterStreamConsumer,Kinesis,OTHER,MEDIUM,5,Project-defined review required for this operation.
glue:GetResourcePolicies,Glue,READ,LOW,2,Primarily reads or inspects AWS state/data.
apigateway:DeleteIntegrationResponse,API Gateway,DELETE,HIGH,8,"Can remove, terminate, or destroy AWS resources/data."
route53:DeleteQueryLoggingConfig,Route 53,DELETE,HIGH,8,"Can remove, terminate, or destroy AWS resources/data."
iam:GetContextKeysForCustomPolicy,IAM,PERMISSION_CHANGE,CRITICAL,10,Can change authorization or grant/restrict permissions.
sagemaker:DeleteUserProfile,SageMaker,IDENTITY,HIGH,9,"Can create, modify, or remove an identity or credential."
glue:GetTable,Glue,READ,LOW,2,Primarily reads or inspects AWS state/data.
glue:CreateCrawler,Glue,WRITE,MEDIUM,5,Creates or modifies AWS resources or service state.
guardduty:CreateMalwareProtectionPlan,GuardDuty,WRITE,MEDIUM,5,Creates or modifies AWS resources or service state.
apigateway:DeleteDomainNameAccessAssociation,API Gateway,DELETE,HIGH,8,"Can remove, terminate, or destroy AWS resources/data."
ec2:DescribeIpamPolicies,EC2,READ,LOW,2,Primarily reads or inspects AWS state/data.
iam:TagOpenIDConnectProvider,IAM,TAGGING,LOW,3,Changes resource tags or metadata.
ssm:ListDocumentVersions,Systems Manager,READ,LOW,2,Primarily reads or inspects AWS state/data.
apigateway:GetClientCertificates,API Gateway,READ,LOW,2,Primarily reads or inspects AWS state/data.
ecs:UpdateContainerAgent,ECS,WRITE,MEDIUM,5,Creates or modifies AWS resources or service state.
dynamodb:DeleteItem,DynamoDB,DELETE,HIGH,8,"Can remove, terminate, or destroy AWS resources/data."
cloudformation:DescribeStackResourceDrifts,CloudFormation,READ,LOW,2,Primarily reads or inspects AWS state/data.
guardduty:ListMalwareScans,GuardDuty,READ,LOW,2,Primarily reads or inspects AWS state/data.
iam:ListServiceSpecificCredentials,IAM,READ,LOW,2,Primarily reads or inspects AWS state/data.
rds:CreateIntegration,RDS,WRITE,MEDIUM,5,Creates or modifies AWS resources or service state.
cloudtrail:GetTrailStatus,CloudTrail,READ,LOW,2,Primarily reads or inspects AWS state/data.
comprehend:ListFlywheels,Comprehend,READ,LOW,2,Primarily reads or inspects AWS state/data.
glue:UpdateSourceControlFromJob,Glue,WRITE,MEDIUM,5,Creates or modifies AWS resources or service state.
glue:DeleteCrawler,Glue,DELETE,HIGH,8,"Can remove, terminate, or destroy AWS resources/data."
events:StartReplay,EventBridge,WRITE,MEDIUM,5,Creates or modifies AWS resources or service state.
sagemaker:CreateImageVersion,SageMaker,WRITE,MEDIUM,5,Creates or modifies AWS resources or service state.
ssm:DescribeInstancePatchStatesForPatchGroup,Systems Manager,READ,LOW,2,Primarily reads or inspects AWS state/data.
glue:CreateIntegration,Glue,WRITE,MEDIUM,5,Creates or modifies AWS resources or service state.
comprehend:StartDocumentClassificationJob,Comprehend,WRITE,MEDIUM,5,Creates or modifies AWS resources or service state.
iam:UpdateAssumeRolePolicy,IAM,PERMISSION_CHANGE,CRITICAL,10,Can change authorization or grant/restrict permissions.
ec2:DescribeIpamPools,EC2,READ,LOW,2,Primarily reads or inspects AWS state/data.
autoscaling:PutLifecycleHook,Auto Scaling,WRITE,MEDIUM,5,Creates or modifies AWS resources or service state.
ec2:CreateTransitGateway,EC2,WRITE,MEDIUM,5,Creates or modifies AWS resources or service state.
iam:GetAccountSummary,IAM,READ,LOW,2,Primarily reads or inspects AWS state/data.
apigatewayv2:DeleteDomainName,API Gateway V2,DELETE,HIGH,8,"Can remove, terminate, or destroy AWS resources/data."
sagemaker:DeleteInferenceComponent,SageMaker,DELETE,HIGH,8,"Can remove, terminate, or destroy AWS resources/data."
events:TestEventPattern,EventBridge,OTHER,MEDIUM,5,Project-defined review required for this operation.
apigateway:PutMethodResponse,API Gateway,WRITE,MEDIUM,5,Creates or modifies AWS resources or service state.
ec2:AttachVolume,EC2,WRITE,MEDIUM,5,Creates or modifies AWS resources or service state.
ec2:DisassociateTransitGatewayMulticastDomain,EC2,MODIFY,MEDIUM,5,Changes or disables an existing resource/service state.
ec2:DeleteIpamPrefixListResolverTarget,EC2,DELETE,HIGH,8,"Can remove, terminate, or destroy AWS resources/data."
iam:GenerateCredentialReport,IAM,OTHER,MEDIUM,5,Project-defined review required for this operation.
cloudwatch:DescribeInsightRules,CloudWatch,READ,LOW,2,Primarily reads or inspects AWS state/data.
redshift:ModifyClusterDbRevision,Redshift,WRITE,MEDIUM,5,Creates or modifies AWS resources or service state.
ec2:DeleteIpam,EC2,DELETE,HIGH,8,"Can remove, terminate, or destroy AWS resources/data."
ec2:GetCapacityManagerAttributes,EC2,READ,LOW,2,Primarily reads or inspects AWS state/data.
eks:StartInsightsRefresh,EKS,WRITE,MEDIUM,5,Creates or modifies AWS resources or service state.
ec2:DeleteManagedPrefixList,EC2,DELETE,HIGH,8,"Can remove, terminate, or destroy AWS resources/data."
iam:ListDelegationRequests,IAM,READ,LOW,2,Primarily reads or inspects AWS state/data.
glue:UpdateCrawlerSchedule,Glue,WRITE,MEDIUM,5,Creates or modifies AWS resources or service state.
redshift:CreateUsageLimit,Redshift,WRITE,MEDIUM,5,Creates or modifies AWS resources or service state.
rds:CreateDBInstance,RDS,WRITE,MEDIUM,5,Creates or modifies AWS resources or service state.
s3:PutBucketRequestPayment,S3,WRITE,MEDIUM,5,Creates or modifies AWS resources or service state.
rds:FailoverGlobalCluster,RDS,OTHER,MEDIUM,5,Project-defined review required for this operation.
guardduty:CreateThreatEntitySet,GuardDuty,WRITE,MEDIUM,5,Creates or modifies AWS resources or service state.
glue:GetTableVersions,Glue,READ,LOW,2,Primarily reads or inspects AWS state/data.
apigateway:CreateDocumentationPart,API Gateway,WRITE,MEDIUM,5,Creates or modifies AWS resources or service state.
iam:UploadServerCertificate,IAM,OTHER,MEDIUM,5,Project-defined review required for this operation.
sagemaker:UpdateContext,SageMaker,WRITE,MEDIUM,5,Creates or modifies AWS resources or service state.
glue:CheckSchemaVersionValidity,Glue,READ,LOW,2,Primarily reads or inspects AWS state/data.
sagemaker:CreateLabelingJob,SageMaker,WRITE,MEDIUM,5,Creates or modifies AWS resources or service state.
sagemaker:DescribeAIWorkloadConfig,SageMaker,READ,LOW,2,Primarily reads or inspects AWS state/data.
cognito-idp:UntagResource,Cognito Identity,TAGGING,LOW,3,Changes resource tags or metadata.
apigateway:GetApiKey,API Gateway,READ,LOW,2,Primarily reads or inspects AWS state/data.
cloudformation:SetTypeConfiguration,CloudFormation,WRITE,MEDIUM,5,Creates or modifies AWS resources or service state.
ec2:AssociateRouteTable,EC2,WRITE,MEDIUM,5,Creates or modifies AWS resources or service state.
cloudformation:CreateStackInstances,CloudFormation,WRITE,MEDIUM,5,Creates or modifies AWS resources or service state.
cloudtrail:DeleteResourcePolicy,CloudTrail,PERMISSION_CHANGE,CRITICAL,10,Can change authorization or grant/restrict permissions.
glue:BatchDeletePartition,Glue,OTHER,MEDIUM,5,Project-defined review required for this operation.
sagemaker:CreateMlflowTrackingServer,SageMaker,WRITE,MEDIUM,5,Creates or modifies AWS resources or service state.
glue:GetCustomEntityType,Glue,READ,LOW,2,Primarily reads or inspects AWS state/data.
autoscaling:CompleteLifecycleAction,Auto Scaling,OTHER,MEDIUM,5,Project-defined review required for this operation.
athena:CreatePresignedNotebookUrl,Athena,WRITE,MEDIUM,5,Creates or modifies AWS resources or service state.
cloudtrail:DeleteEventDataStore,CloudTrail,DELETE,HIGH,8,"Can remove, terminate, or destroy AWS resources/data."
guardduty:ArchiveFindings,GuardDuty,OTHER,MEDIUM,5,Project-defined review required for this operation.
ssm:DescribeInstanceAssociationsStatus,Systems Manager,READ,LOW,2,Primarily reads or inspects AWS state/data.
kms:ReplicateKey,KMS,OTHER,MEDIUM,5,Project-defined review required for this operation.
apigatewayv2:UpdateModel,API Gateway V2,WRITE,MEDIUM,5,Creates or modifies AWS resources or service state.
logs:DeleteRetentionPolicy,CloudWatch Logs,PERMISSION_CHANGE,CRITICAL,10,Can change authorization or grant/restrict permissions.
kms:GetKeyLastUsage,KMS,READ,LOW,2,Primarily reads or inspects AWS state/data.
glue:StopCrawler,Glue,MODIFY,MEDIUM,5,Changes or disables an existing resource/service state.
ec2:DescribeSpotDatafeedSubscription,EC2,READ,LOW,2,Primarily reads or inspects AWS state/data.
route53:ListTagsForResources,Route 53,READ,LOW,2,Primarily reads or inspects AWS state/data.
s3:GetBucketTagging,S3,READ,LOW,2,Primarily reads or inspects AWS state/data.
dynamodb:RestoreTableToPointInTime,DynamoDB,WRITE,MEDIUM,5,Creates or modifies AWS resources or service state.
bedrock:CreateProvisionedModelThroughput,Bedrock,WRITE,MEDIUM,5,Creates or modifies AWS resources or service state.
sagemaker:DescribeAIRecommendationJob,SageMaker,READ,LOW,2,Primarily reads or inspects AWS state/data.
redshift:DeleteSnapshotSchedule,Redshift,DELETE,HIGH,8,"Can remove, terminate, or destroy AWS resources/data."
s3:GetBucketOwnershipControls,S3,READ,LOW,2,Primarily reads or inspects AWS state/data.
opensearch:RevokeVpcEndpointAccess,OpenSearch,PERMISSION_CHANGE,CRITICAL,10,Can change authorization or grant/restrict permissions.
ec2:TerminateInstances,EC2,DELETE,HIGH,8,"Can remove, terminate, or destroy AWS resources/data."
opensearch:RejectInboundConnection,OpenSearch,OTHER,MEDIUM,5,Project-defined review required for this operation.
ssm:RegisterTaskWithMaintenanceWindow,Systems Manager,WRITE,MEDIUM,5,Creates or modifies AWS resources or service state.
athena:UpdateNamedQuery,Athena,WRITE,MEDIUM,5,Creates or modifies AWS resources or service state.
ec2:ModifyVpnConnection,EC2,WRITE,MEDIUM,5,Creates or modifies AWS resources or service state.
opensearch:GetDataSource,OpenSearch,READ,LOW,2,Primarily reads or inspects AWS state/data.
ec2:RestoreVolumeFromRecycleBin,EC2,WRITE,MEDIUM,5,Creates or modifies AWS resources or service state.
sagemaker:UpdateTrialComponent,SageMaker,WRITE,MEDIUM,5,Creates or modifies AWS resources or service state.
ec2:DescribeImages,EC2,READ,LOW,2,Primarily reads or inspects AWS state/data.
redshift:RevokeClusterSecurityGroupIngress,Redshift,PERMISSION_CHANGE,CRITICAL,10,Can change authorization or grant/restrict permissions.
kinesis:SubscribeToShard,Kinesis,OTHER,MEDIUM,5,Project-defined review required for this operation.
ec2:DeleteLaunchTemplate,EC2,DELETE,HIGH,8,"Can remove, terminate, or destroy AWS resources/data."
lambda:GetAlias,Lambda,READ,LOW,2,Primarily reads or inspects AWS state/data.
sagemaker:ListMonitoringAlertHistory,SageMaker,READ,LOW,2,Primarily reads or inspects AWS state/data.
sagemaker:ListStudioLifecycleConfigs,SageMaker,READ,LOW,2,Primarily reads or inspects AWS state/data.
ec2:CreateSecondaryNetwork,EC2,WRITE,MEDIUM,5,Creates or modifies AWS resources or service state.
kms:ListKeys,KMS,READ,LOW,2,Primarily reads or inspects AWS state/data.
athena:ListApplicationDPUSizes,Athena,READ,LOW,2,Primarily reads or inspects AWS state/data.
ec2:DescribeExportImageTasks,EC2,READ,LOW,2,Primarily reads or inspects AWS state/data.
sagemaker:UpdateDevices,SageMaker,WRITE,MEDIUM,5,Creates or modifies AWS resources or service state.
sagemaker:UpdateImage,SageMaker,WRITE,MEDIUM,5,Creates or modifies AWS resources or service state.
iam:ResyncMFADevice,IAM,OTHER,MEDIUM,5,Project-defined review required for this operation.
cloudtrail:GetImport,CloudTrail,READ,LOW,2,Primarily reads or inspects AWS state/data.
rds:DescribeDBSubnetGroups,RDS,READ,LOW,2,Primarily reads or inspects AWS state/data.
iam:TagSAMLProvider,IAM,TAGGING,LOW,3,Changes resource tags or metadata.
s3:PutObject,S3,WRITE,MEDIUM,5,Creates or modifies AWS resources or service state.
sagemaker:CreateTrainingJob,SageMaker,WRITE,MEDIUM,5,Creates or modifies AWS resources or service state.
rds:DeleteDBCluster,RDS,DELETE,HIGH,8,"Can remove, terminate, or destroy AWS resources/data."
ecr:GetLifecyclePolicy,ECR,PERMISSION_CHANGE,CRITICAL,10,Can change authorization or grant/restrict permissions.
sagemaker:GetSearchSuggestions,SageMaker,READ,LOW,2,Primarily reads or inspects AWS state/data.
lambda:ListCodeSigningConfigs,Lambda,READ,LOW,2,Primarily reads or inspects AWS state/data.
apigatewayv2:UpdateIntegration,API Gateway V2,WRITE,MEDIUM,5,Creates or modifies AWS resources or service state.
ec2:GetIpamDiscoveredResourceCidrs,EC2,READ,LOW,2,Primarily reads or inspects AWS state/data.
ec2:DeleteLocalGatewayVirtualInterfaceGroup,EC2,DELETE,HIGH,8,"Can remove, terminate, or destroy AWS resources/data."
lambda:SendDurableExecutionCallbackFailure,Lambda,WRITE,MEDIUM,5,Creates or modifies AWS resources or service state.
ec2:EnableImage,EC2,WRITE,MEDIUM,5,Creates or modifies AWS resources or service state.
ec2:DeleteTrafficMirrorFilterRule,EC2,DELETE,HIGH,8,"Can remove, terminate, or destroy AWS resources/data."
ecs:UpdateTaskProtection,ECS,WRITE,MEDIUM,5,Creates or modifies AWS resources or service state.
s3:PutBucketInventoryConfiguration,S3,WRITE,MEDIUM,5,Creates or modifies AWS resources or service state.
iam:GetGroup,IAM,READ,LOW,2,Primarily reads or inspects AWS state/data.
bedrock:DeleteModelInvocationLoggingConfiguration,Bedrock,DELETE,HIGH,8,"Can remove, terminate, or destroy AWS resources/data."
ec2:DescribeNatGateways,EC2,READ,LOW,2,Primarily reads or inspects AWS state/data.
ec2:CreateLocalGatewayRouteTableVirtualInterfaceGroupAssociation,EC2,WRITE,MEDIUM,5,Creates or modifies AWS resources or service state.
sagemaker:EnableSagemakerServicecatalogPortfolio,SageMaker,WRITE,MEDIUM,5,Creates or modifies AWS resources or service state.
iam:DeactivateMFADevice,IAM,MODIFY,MEDIUM,5,Changes or disables an existing resource/service state.
cognito-idp:ListIdentityProviders,Cognito Identity,READ,LOW,2,Primarily reads or inspects AWS state/data.
ssm:GetParameter,Systems Manager,SECURITY_SENSITIVE,HIGH,8,Can expose or manipulate sensitive security material/access.
ec2:DescribeLocalGatewayRouteTableVirtualInterfaceGroupAssociations,EC2,READ,LOW,2,Primarily reads or inspects AWS state/data.
sagemaker:DeleteModelBiasJobDefinition,SageMaker,DELETE,HIGH,8,"Can remove, terminate, or destroy AWS resources/data."
athena:DeleteWorkGroup,Athena,DELETE,HIGH,8,"Can remove, terminate, or destroy AWS resources/data."
comprehend:ListSentimentDetectionJobs,Comprehend,READ,LOW,2,Primarily reads or inspects AWS state/data.
comprehend:DescribeEndpoint,Comprehend,READ,LOW,2,Primarily reads or inspects AWS state/data.
apigateway:DeleteClientCertificate,API Gateway,DELETE,HIGH,8,"Can remove, terminate, or destroy AWS resources/data."
sagemaker:DescribeStudioLifecycleConfig,SageMaker,READ,LOW,2,Primarily reads or inspects AWS state/data.
athena:CreatePreparedStatement,Athena,WRITE,MEDIUM,5,Creates or modifies AWS resources or service state.
iam:CreateGroup,IAM,WRITE,MEDIUM,5,Creates or modifies AWS resources or service state.
apigateway:CreateVpcLink,API Gateway,WRITE,MEDIUM,5,Creates or modifies AWS resources or service state.
glue:GetTableOptimizer,Glue,READ,LOW,2,Primarily reads or inspects AWS state/data.
sagemaker:DeleteTrial,SageMaker,DELETE,HIGH,8,"Can remove, terminate, or destroy AWS resources/data."
glue:DeleteCustomEntityType,Glue,DELETE,HIGH,8,"Can remove, terminate, or destroy AWS resources/data."
lambda:GetFunctionScalingConfig,Lambda,READ,LOW,2,Primarily reads or inspects AWS state/data.
s3:DeleteBucket,S3,DELETE,HIGH,8,"Can remove, terminate, or destroy AWS resources/data."
lambda:DeleteFunctionUrlConfig,Lambda,DELETE,HIGH,8,"Can remove, terminate, or destroy AWS resources/data."
kinesis:SplitShard,Kinesis,OTHER,MEDIUM,5,Project-defined review required for this operation.
ecs:ListServices,ECS,READ,LOW,2,Primarily reads or inspects AWS state/data.
sagemaker:CreateNotebookInstance,SageMaker,WRITE,MEDIUM,5,Creates or modifies AWS resources or service state.
ec2:SearchLocalGatewayRoutes,EC2,READ,LOW,2,Primarily reads or inspects AWS state/data.
lambda:PutFunctionEventInvokeConfig,Lambda,WRITE,MEDIUM,5,Creates or modifies AWS resources or service state.
opensearch:DescribeDomainChangeProgress,OpenSearch,READ,LOW,2,Primarily reads or inspects AWS state/data.
sagemaker:ListCodeRepositories,SageMaker,READ,LOW,2,Primarily reads or inspects AWS state/data.
ec2:ModifyVerifiedAccessInstanceLoggingConfiguration,EC2,WRITE,MEDIUM,5,Creates or modifies AWS resources or service state.
bedrock:ListAutomatedReasoningPolicyTestResults,Bedrock,PERMISSION_CHANGE,CRITICAL,10,Can change authorization or grant/restrict permissions.
sagemaker:CreateCompilationJob,SageMaker,WRITE,MEDIUM,5,Creates or modifies AWS resources or service state.
bedrock:UpdateMarketplaceModelEndpoint,Bedrock,WRITE,MEDIUM,5,Creates or modifies AWS resources or service state.
glue:ListWorkflows,Glue,READ,LOW,2,Primarily reads or inspects AWS state/data.
logs:ListAggregateLogGroupSummaries,CloudWatch Logs,READ,LOW,2,Primarily reads or inspects AWS state/data.
glue:GetDataQualityRulesetEvaluationRun,Glue,READ,LOW,2,Primarily reads or inspects AWS state/data.
ec2:CreateTransitGatewayMeteringPolicy,EC2,PERMISSION_CHANGE,CRITICAL,10,Can change authorization or grant/restrict permissions.
glue:CreateIntegrationResourceProperty,Glue,WRITE,MEDIUM,5,Creates or modifies AWS resources or service state.
iam:GetUserPolicy,IAM,PERMISSION_CHANGE,CRITICAL,10,Can change authorization or grant/restrict permissions.
route53:ListGeoLocations,Route 53,READ,LOW,2,Primarily reads or inspects AWS state/data.
eks:DescribeAddonVersions,EKS,READ,LOW,2,Primarily reads or inspects AWS state/data.
ec2:EnableVpcClassicLink,EC2,WRITE,MEDIUM,5,Creates or modifies AWS resources or service state.
ecr:BatchGetRepositoryScanningConfiguration,ECR,READ,LOW,2,Primarily reads or inspects AWS state/data.
cloudtrail:GetTrail,CloudTrail,READ,LOW,2,Primarily reads or inspects AWS state/data.
rds:CreateBlueGreenDeployment,RDS,WRITE,MEDIUM,5,Creates or modifies AWS resources or service state.
ec2:DeleteCapacityManagerDataExport,EC2,DELETE,HIGH,8,"Can remove, terminate, or destroy AWS resources/data."
ec2:CreateMacSystemIntegrityProtectionModificationTask,EC2,WRITE,MEDIUM,5,Creates or modifies AWS resources or service state.
cognito-idp:DescribeIdentityProvider,Cognito Identity,READ,LOW,2,Primarily reads or inspects AWS state/data.
comprehend:ListFlywheelIterationHistory,Comprehend,READ,LOW,2,Primarily reads or inspects AWS state/data.
ec2:DeleteRouteTable,EC2,DELETE,HIGH,8,"Can remove, terminate, or destroy AWS resources/data."
guardduty:DisassociateFromAdministratorAccount,GuardDuty,MODIFY,MEDIUM,5,Changes or disables an existing resource/service state.
ec2:DescribeImageUsageReports,EC2,READ,LOW,2,Primarily reads or inspects AWS state/data.
ec2:CreateSpotDatafeedSubscription,EC2,WRITE,MEDIUM,5,Creates or modifies AWS resources or service state.
route53:GetHealthCheckStatus,Route 53,READ,LOW,2,Primarily reads or inspects AWS state/data.
logs:DeleteDelivery,CloudWatch Logs,DELETE,HIGH,8,"Can remove, terminate, or destroy AWS resources/data."
ec2:RejectCapacityReservationBillingOwnership,EC2,OTHER,MEDIUM,5,Project-defined review required for this operation.
kinesis:UntagResource,Kinesis,TAGGING,LOW,3,Changes resource tags or metadata.
apigatewayv2:DeleteRouteRequestParameter,API Gateway V2,DELETE,HIGH,8,"Can remove, terminate, or destroy AWS resources/data."
sagemaker:UpdateTrainingJob,SageMaker,WRITE,MEDIUM,5,Creates or modifies AWS resources or service state.
cloudformation:DeleteStackInstances,CloudFormation,DELETE,HIGH,8,"Can remove, terminate, or destroy AWS resources/data."
sagemaker:StartPipelineExecution,SageMaker,WRITE,MEDIUM,5,Creates or modifies AWS resources or service state.
kinesis:DecreaseStreamRetentionPeriod,Kinesis,OTHER,MEDIUM,5,Project-defined review required for this operation.
ssm:AssociateOpsItemRelatedItem,Systems Manager,WRITE,MEDIUM,5,Creates or modifies AWS resources or service state.
cloudwatch:GetInsightRuleReport,CloudWatch,READ,LOW,2,Primarily reads or inspects AWS state/data.
guardduty:ListOrganizationAdminAccounts,GuardDuty,READ,LOW,2,Primarily reads or inspects AWS state/data.
ec2:DescribeAccountAttributes,EC2,READ,LOW,2,Primarily reads or inspects AWS state/data.
sagemaker:ListResourceCatalogs,SageMaker,READ,LOW,2,Primarily reads or inspects AWS state/data.
redshift:DescribeOrderableClusterOptions,Redshift,READ,LOW,2,Primarily reads or inspects AWS state/data.
ssm:RegisterTargetWithMaintenanceWindow,Systems Manager,WRITE,MEDIUM,5,Creates or modifies AWS resources or service state.
opensearch:ListDirectQueryDataSources,OpenSearch,READ,LOW,2,Primarily reads or inspects AWS state/data.
ecr:PutRegistryScanningConfiguration,ECR,WRITE,MEDIUM,5,Creates or modifies AWS resources or service state.
ec2:DeprovisionByoipCidr,EC2,OTHER,MEDIUM,5,Project-defined review required for this operation.
rds:CreateDBCluster,RDS,WRITE,MEDIUM,5,Creates or modifies AWS resources or service state.
opensearch:DeleteDataSource,OpenSearch,DELETE,HIGH,8,"Can remove, terminate, or destroy AWS resources/data."
redshift:ModifyClusterSnapshot,Redshift,WRITE,MEDIUM,5,Creates or modifies AWS resources or service state.
sagemaker:BatchReplaceClusterNodes,SageMaker,OTHER,MEDIUM,5,Project-defined review required for this operation.
events:ListConnections,EventBridge,READ,LOW,2,Primarily reads or inspects AWS state/data.
rds:RemoveRoleFromDBCluster,RDS,DELETE,HIGH,8,"Can remove, terminate, or destroy AWS resources/data."
secretsmanager:UpdateSecret,Secrets Manager,WRITE,MEDIUM,5,Creates or modifies AWS resources or service state.
cognito-idp:SetUserPoolMfaConfig,Cognito Identity,WRITE,MEDIUM,5,Creates or modifies AWS resources or service state.
ec2:CancelImportTask,EC2,MODIFY,MEDIUM,5,Changes or disables an existing resource/service state.
ecs:UpdateClusterSettings,ECS,WRITE,MEDIUM,5,Creates or modifies AWS resources or service state.
ec2:DeleteTransitGatewayPolicyTable,EC2,PERMISSION_CHANGE,CRITICAL,10,Can change authorization or grant/restrict permissions.
ec2:ModifyRouteServer,EC2,WRITE,MEDIUM,5,Creates or modifies AWS resources or service state.
sagemaker:ListEdgeDeploymentPlans,SageMaker,READ,LOW,2,Primarily reads or inspects AWS state/data.
sagemaker:UpdateDeviceFleet,SageMaker,WRITE,MEDIUM,5,Creates or modifies AWS resources or service state.
apigateway:UpdateUsagePlan,API Gateway,WRITE,MEDIUM,5,Creates or modifies AWS resources or service state.
glue:ListDevEndpoints,Glue,READ,LOW,2,Primarily reads or inspects AWS state/data.
opensearch:GetCompatibleVersions,OpenSearch,READ,LOW,2,Primarily reads or inspects AWS state/data.
ec2:CreateTransitGatewayPeeringAttachment,EC2,WRITE,MEDIUM,5,Creates or modifies AWS resources or service state.
ssm:ListNodes,Systems Manager,READ,LOW,2,Primarily reads or inspects AWS state/data.
ec2:GetVpnTunnelReplacementStatus,EC2,READ,LOW,2,Primarily reads or inspects AWS state/data.
comprehend:DescribeResourcePolicy,Comprehend,PERMISSION_CHANGE,CRITICAL,10,Can change authorization or grant/restrict permissions.
ec2:CreateTransitGatewayVpcAttachment,EC2,WRITE,MEDIUM,5,Creates or modifies AWS resources or service state.
eks:DescribeIdentityProviderConfig,EKS,READ,LOW,2,Primarily reads or inspects AWS state/data.
apigateway:DeleteBasePathMapping,API Gateway,DELETE,HIGH,8,"Can remove, terminate, or destroy AWS resources/data."
apigateway:UpdateApiKey,API Gateway,WRITE,MEDIUM,5,Creates or modifies AWS resources or service state.
apigateway:UpdateAccount,API Gateway,WRITE,MEDIUM,5,Creates or modifies AWS resources or service state.
sagemaker:CreateModelBiasJobDefinition,SageMaker,WRITE,MEDIUM,5,Creates or modifies AWS resources or service state.
route53:ListReusableDelegationSets,Route 53,READ,LOW,2,Primarily reads or inspects AWS state/data.
ssm:ListResourceComplianceSummaries,Systems Manager,READ,LOW,2,Primarily reads or inspects AWS state/data.
sagemaker:DeleteAssociation,SageMaker,DELETE,HIGH,8,"Can remove, terminate, or destroy AWS resources/data."
ec2:DescribeHostReservations,EC2,READ,LOW,2,Primarily reads or inspects AWS state/data.
s3:PutBucketLogging,S3,WRITE,MEDIUM,5,Creates or modifies AWS resources or service state.
redshift:DescribeReservedNodeExchangeStatus,Redshift,READ,LOW,2,Primarily reads or inspects AWS state/data.
ecs:UpdateExpressGatewayService,ECS,WRITE,MEDIUM,5,Creates or modifies AWS resources or service state.
ec2:GetConsoleScreenshot,EC2,READ,LOW,2,Primarily reads or inspects AWS state/data.
secretsmanager:DeleteSecret,Secrets Manager,DELETE,HIGH,8,"Can remove, terminate, or destroy AWS resources/data."
logs:PutQueryDefinition,CloudWatch Logs,WRITE,MEDIUM,5,Creates or modifies AWS resources or service state.
glue:ListDataQualityStatistics,Glue,READ,LOW,2,Primarily reads or inspects AWS state/data.
ec2:ModifyVerifiedAccessGroup,EC2,WRITE,MEDIUM,5,Creates or modifies AWS resources or service state.
glue:GetRegistry,Glue,READ,LOW,2,Primarily reads or inspects AWS state/data.
guardduty:DescribePublishingDestination,GuardDuty,READ,LOW,2,Primarily reads or inspects AWS state/data.
sagemaker:DescribeFeatureMetadata,SageMaker,READ,LOW,2,Primarily reads or inspects AWS state/data.
events:ListTargetsByRule,EventBridge,READ,LOW,2,Primarily reads or inspects AWS state/data.
apigatewayv2:GetIntegrations,API Gateway V2,READ,LOW,2,Primarily reads or inspects AWS state/data.
ec2:DeleteNetworkInsightsPath,EC2,DELETE,HIGH,8,"Can remove, terminate, or destroy AWS resources/data."
cognito-idp:UpdateIdentityProvider,Cognito Identity,WRITE,MEDIUM,5,Creates or modifies AWS resources or service state.
logs:UpdateAnomaly,CloudWatch Logs,WRITE,MEDIUM,5,Creates or modifies AWS resources or service state.
rds:DeleteIntegration,RDS,DELETE,HIGH,8,"Can remove, terminate, or destroy AWS resources/data."
ecr:ListImageReferrers,ECR,READ,LOW,2,Primarily reads or inspects AWS state/data.
bedrock:ListProvisionedModelThroughputs,Bedrock,READ,LOW,2,Primarily reads or inspects AWS state/data.
ec2:DescribeSnapshotTierStatus,EC2,READ,LOW,2,Primarily reads or inspects AWS state/data.
comprehend:StartDominantLanguageDetectionJob,Comprehend,WRITE,MEDIUM,5,Creates or modifies AWS resources or service state.
comprehend:StopTrainingDocumentClassifier,Comprehend,MODIFY,MEDIUM,5,Changes or disables an existing resource/service state.
cloudwatch:DescribeAlarms,CloudWatch,READ,LOW,2,Primarily reads or inspects AWS state/data.
dynamodb:DescribeImport,DynamoDB,READ,LOW,2,Primarily reads or inspects AWS state/data.
rds:BacktrackDBCluster,RDS,OTHER,MEDIUM,5,Project-defined review required for this operation.
glue:GetDatabases,Glue,READ,LOW,2,Primarily reads or inspects AWS state/data.
sns:ListPhoneNumbersOptedOut,SNS,READ,LOW,2,Primarily reads or inspects AWS state/data.
guardduty:SendObjectMalwareScan,GuardDuty,WRITE,MEDIUM,5,Creates or modifies AWS resources or service state.
sagemaker:DescribeFeatureGroup,SageMaker,READ,LOW,2,Primarily reads or inspects AWS state/data.
redshift:DeletePartner,Redshift,DELETE,HIGH,8,"Can remove, terminate, or destroy AWS resources/data."
glue:ListDataQualityRulesets,Glue,READ,LOW,2,Primarily reads or inspects AWS state/data.
redshift:GetClusterCredentials,Redshift,READ,LOW,2,Primarily reads or inspects AWS state/data.
glue:GetSession,Glue,READ,LOW,2,Primarily reads or inspects AWS state/data.
guardduty:UnarchiveFindings,GuardDuty,OTHER,MEDIUM,5,Project-defined review required for this operation.
opensearch:ListScheduledActions,OpenSearch,READ,LOW,2,Primarily reads or inspects AWS state/data.
glue:UpdateGlueIdentityCenterConfiguration,Glue,WRITE,MEDIUM,5,Creates or modifies AWS resources or service state.
logs:StartQuery,CloudWatch Logs,WRITE,MEDIUM,5,Creates or modifies AWS resources or service state.
glue:DeleteSchemaVersions,Glue,DELETE,HIGH,8,"Can remove, terminate, or destroy AWS resources/data."
rds:RemoveRoleFromDBInstance,RDS,DELETE,HIGH,8,"Can remove, terminate, or destroy AWS resources/data."
sns:TagResource,SNS,TAGGING,LOW,3,Changes resource tags or metadata.
athena:GetPreparedStatement,Athena,READ,LOW,2,Primarily reads or inspects AWS state/data.
ssm:DescribeInstancePatchStates,Systems Manager,READ,LOW,2,Primarily reads or inspects AWS state/data.
apigateway:UpdateIntegrationResponse,API Gateway,WRITE,MEDIUM,5,Creates or modifies AWS resources or service state.
ssm:CancelCommand,Systems Manager,MODIFY,MEDIUM,5,Changes or disables an existing resource/service state.
ec2:ModifyVerifiedAccessInstance,EC2,WRITE,MEDIUM,5,Creates or modifies AWS resources or service state.
rds:ResetDBParameterGroup,RDS,OTHER,MEDIUM,5,Project-defined review required for this operation.
ec2:DisassociateCapacityReservationBillingOwner,EC2,MODIFY,MEDIUM,5,Changes or disables an existing resource/service state.
apigatewayv2:DeleteApi,API Gateway V2,DELETE,HIGH,8,"Can remove, terminate, or destroy AWS resources/data."
glue:GetUsageProfile,Glue,READ,LOW,2,Primarily reads or inspects AWS state/data.
apigateway:GetAccount,API Gateway,READ,LOW,2,Primarily reads or inspects AWS state/data.
redshift:DescribeSnapshotCopyGrants,Redshift,PERMISSION_CHANGE,CRITICAL,10,Can change authorization or grant/restrict permissions.
ec2:GetCapacityManagerMonitoredTagKeys,EC2,READ,LOW,2,Primarily reads or inspects AWS state/data.
sagemaker:AttachClusterNodeVolume,SageMaker,WRITE,MEDIUM,5,Creates or modifies AWS resources or service state.
redshift:AuthorizeEndpointAccess,Redshift,PERMISSION_CHANGE,CRITICAL,10,Can change authorization or grant/restrict permissions.
sagemaker:DescribeModelCard,SageMaker,READ,LOW,2,Primarily reads or inspects AWS state/data.
glue:ListColumnStatisticsTaskRuns,Glue,READ,LOW,2,Primarily reads or inspects AWS state/data.
glue:DeleteTable,Glue,DELETE,HIGH,8,"Can remove, terminate, or destroy AWS resources/data."
ec2:AllocateAddress,EC2,WRITE,MEDIUM,5,Creates or modifies AWS resources or service state.
ec2:CreateSecondarySubnet,EC2,WRITE,MEDIUM,5,Creates or modifies AWS resources or service state.
ecs:RunTask,ECS,WRITE,MEDIUM,5,Creates or modifies AWS resources or service state.
comprehend:DetectPiiEntities,Comprehend,OTHER,MEDIUM,5,Project-defined review required for this operation.
sagemaker:DeleteHubContentReference,SageMaker,DELETE,HIGH,8,"Can remove, terminate, or destroy AWS resources/data."
athena:ListPreparedStatements,Athena,READ,LOW,2,Primarily reads or inspects AWS state/data.
ssm:GetExecutionPreview,Systems Manager,READ,LOW,2,Primarily reads or inspects AWS state/data.
ecs:DescribeTaskDefinition,ECS,READ,LOW,2,Primarily reads or inspects AWS state/data.
eks:AssociateIdentityProviderConfig,EKS,WRITE,MEDIUM,5,Creates or modifies AWS resources or service state.
ec2:RequestSpotFleet,EC2,OTHER,MEDIUM,5,Project-defined review required for this operation.
lambda:AddLayerVersionPermission,Lambda,PERMISSION_CHANGE,CRITICAL,10,Can change authorization or grant/restrict permissions.
s3:PutBucketOwnershipControls,S3,WRITE,MEDIUM,5,Creates or modifies AWS resources or service state.
apigateway:ImportRestApi,API Gateway,WRITE,MEDIUM,5,Creates or modifies AWS resources or service state.
glue:GetDataCatalogEncryptionSettings,Glue,READ,LOW,2,Primarily reads or inspects AWS state/data.
iam:GetServiceLastAccessedDetailsWithEntities,IAM,READ,LOW,2,Primarily reads or inspects AWS state/data.
ec2:GetTransitGatewayAttachmentPropagations,EC2,READ,LOW,2,Primarily reads or inspects AWS state/data.
autoscaling:DescribeTrafficSources,Auto Scaling,READ,LOW,2,Primarily reads or inspects AWS state/data.
ssm:SendAutomationSignal,Systems Manager,WRITE,MEDIUM,5,Creates or modifies AWS resources or service state.
ec2:GetIpamAddressHistory,EC2,READ,LOW,2,Primarily reads or inspects AWS state/data.
iam:ListAttachedGroupPolicies,IAM,READ,LOW,2,Primarily reads or inspects AWS state/data.
sqs:ChangeMessageVisibilityBatch,SQS,WRITE,MEDIUM,5,Creates or modifies AWS resources or service state.
ec2:DeleteVpcBlockPublicAccessExclusion,EC2,DELETE,HIGH,8,"Can remove, terminate, or destroy AWS resources/data."
glue:GetCatalogImportStatus,Glue,READ,LOW,2,Primarily reads or inspects AWS state/data.
sns:UntagResource,SNS,TAGGING,LOW,3,Changes resource tags or metadata.
apigateway:UpdateModel,API Gateway,WRITE,MEDIUM,5,Creates or modifies AWS resources or service state.
glue:UpdateColumnStatisticsForPartition,Glue,WRITE,MEDIUM,5,Creates or modifies AWS resources or service state.
sagemaker:UpdateModelCard,SageMaker,WRITE,MEDIUM,5,Creates or modifies AWS resources or service state.
rds:DeleteDBClusterSnapshot,RDS,DELETE,HIGH,8,"Can remove, terminate, or destroy AWS resources/data."
ec2:GetVerifiedAccessEndpointTargets,EC2,READ,LOW,2,Primarily reads or inspects AWS state/data.
cognito-idp:DescribeUserImportJob,Cognito Identity,READ,LOW,2,Primarily reads or inspects AWS state/data.
apigateway:DeleteUsagePlanKey,API Gateway,DELETE,HIGH,8,"Can remove, terminate, or destroy AWS resources/data."
cognito-idp:ListResourceServers,Cognito Identity,READ,LOW,2,Primarily reads or inspects AWS state/data.
ec2:DescribeVpcBlockPublicAccessOptions,EC2,READ,LOW,2,Primarily reads or inspects AWS state/data.
iam:UpdateServerCertificate,IAM,WRITE,MEDIUM,5,Creates or modifies AWS resources or service state.
sagemaker:StartMlflowTrackingServer,SageMaker,WRITE,MEDIUM,5,Creates or modifies AWS resources or service state.
s3:PutBucketNotification,S3,WRITE,MEDIUM,5,Creates or modifies AWS resources or service state.
cloudformation:ListTypeRegistrations,CloudFormation,READ,LOW,2,Primarily reads or inspects AWS state/data.
glue:CreatePartitionIndex,Glue,WRITE,MEDIUM,5,Creates or modifies AWS resources or service state.
cloudformation:UpdateStack,CloudFormation,WRITE,MEDIUM,5,Creates or modifies AWS resources or service state.
cognito-idp:SetUserMFAPreference,Cognito Identity,WRITE,MEDIUM,5,Creates or modifies AWS resources or service state.
bedrock:DeletePromptRouter,Bedrock,DELETE,HIGH,8,"Can remove, terminate, or destroy AWS resources/data."
ecs:UpdateService,ECS,WRITE,MEDIUM,5,Creates or modifies AWS resources or service state.
glue:GetBlueprint,Glue,READ,LOW,2,Primarily reads or inspects AWS state/data.
sagemaker:UpdateHubContent,SageMaker,WRITE,MEDIUM,5,Creates or modifies AWS resources or service state.
ec2:DescribeInstanceStatus,EC2,READ,LOW,2,Primarily reads or inspects AWS state/data.
lambda:ListLayerVersions,Lambda,READ,LOW,2,Primarily reads or inspects AWS state/data.
ec2:EnableIpamOrganizationAdminAccount,EC2,WRITE,MEDIUM,5,Creates or modifies AWS resources or service state.
ec2:DescribeInstanceTypes,EC2,READ,LOW,2,Primarily reads or inspects AWS state/data.
sagemaker:UpdateSpace,SageMaker,WRITE,MEDIUM,5,Creates or modifies AWS resources or service state.
events:ListApiDestinations,EventBridge,READ,LOW,2,Primarily reads or inspects AWS state/data.
sagemaker:DescribeDeviceFleet,SageMaker,READ,LOW,2,Primarily reads or inspects AWS state/data.
sagemaker:ListDeviceFleets,SageMaker,READ,LOW,2,Primarily reads or inspects AWS state/data.
comprehend:ListDocumentClassifiers,Comprehend,READ,LOW,2,Primarily reads or inspects AWS state/data.
glue:UpdateJob,Glue,WRITE,MEDIUM,5,Creates or modifies AWS resources or service state.
apigateway:GetDeployments,API Gateway,READ,LOW,2,Primarily reads or inspects AWS state/data.
logs:DeleteIntegration,CloudWatch Logs,DELETE,HIGH,8,"Can remove, terminate, or destroy AWS resources/data."
iam:GetOpenIDConnectProvider,IAM,READ,LOW,2,Primarily reads or inspects AWS state/data.
ssm:AddTagsToResource,Systems Manager,WRITE,MEDIUM,5,Creates or modifies AWS resources or service state.
opensearch:DissociatePackage,OpenSearch,OTHER,MEDIUM,5,Project-defined review required for this operation.
secretsmanager:ListSecrets,Secrets Manager,READ,LOW,2,Primarily reads or inspects AWS state/data.
lambda:GetFunctionRecursionConfig,Lambda,READ,LOW,2,Primarily reads or inspects AWS state/data.
cognito-idp:DeleteUserAttributes,Cognito Identity,IDENTITY,HIGH,9,"Can create, modify, or remove an identity or credential."
opensearch:DeleteVpcEndpoint,OpenSearch,DELETE,HIGH,8,"Can remove, terminate, or destroy AWS resources/data."
dynamodb:ListExports,DynamoDB,READ,LOW,2,Primarily reads or inspects AWS state/data.
glue:CreateCatalog,Glue,WRITE,MEDIUM,5,Creates or modifies AWS resources or service state.
autoscaling:DescribeWarmPool,Auto Scaling,READ,LOW,2,Primarily reads or inspects AWS state/data.
ec2:AssociateTrunkInterface,EC2,WRITE,MEDIUM,5,Creates or modifies AWS resources or service state.
bedrock:CreateCustomModel,Bedrock,WRITE,MEDIUM,5,Creates or modifies AWS resources or service state.
iam:CreateServiceLinkedRole,IAM,WRITE,MEDIUM,5,Creates or modifies AWS resources or service state.
route53:DeleteHealthCheck,Route 53,DELETE,HIGH,8,"Can remove, terminate, or destroy AWS resources/data."
s3:GetBucketAcl,S3,READ,LOW,2,Primarily reads or inspects AWS state/data.
sns:GetTopicAttributes,SNS,READ,LOW,2,Primarily reads or inspects AWS state/data.
iam:DeleteAccessKey,IAM,IDENTITY,HIGH,9,"Can create, modify, or remove an identity or credential."
opensearch:RemoveTags,OpenSearch,DELETE,HIGH,8,"Can remove, terminate, or destroy AWS resources/data."
ec2:ModifyIpamScope,EC2,WRITE,MEDIUM,5,Creates or modifies AWS resources or service state.
ec2:GetAssociatedIpv6PoolCidrs,EC2,READ,LOW,2,Primarily reads or inspects AWS state/data.
comprehend:PutResourcePolicy,Comprehend,PERMISSION_CHANGE,CRITICAL,10,Can change authorization or grant/restrict permissions.
cloudformation:ListExports,CloudFormation,READ,LOW,2,Primarily reads or inspects AWS state/data.
glue:GetSecurityConfiguration,Glue,READ,LOW,2,Primarily reads or inspects AWS state/data.
ssm:UpdateAssociation,Systems Manager,WRITE,MEDIUM,5,Creates or modifies AWS resources or service state.
redshift:DescribeCustomDomainAssociations,Redshift,READ,LOW,2,Primarily reads or inspects AWS state/data.
bedrock:ListFoundationModels,Bedrock,READ,LOW,2,Primarily reads or inspects AWS state/data.
ec2:DeleteVerifiedAccessTrustProvider,EC2,DELETE,HIGH,8,"Can remove, terminate, or destroy AWS resources/data."
ec2:CreateTrafficMirrorFilter,EC2,WRITE,MEDIUM,5,Creates or modifies AWS resources or service state.
eks:ListFargateProfiles,EKS,READ,LOW,2,Primarily reads or inspects AWS state/data.
kinesis:EnableEnhancedMonitoring,Kinesis,WRITE,MEDIUM,5,Creates or modifies AWS resources or service state.
rds:DescribeDBLogFiles,RDS,READ,LOW,2,Primarily reads or inspects AWS state/data.
cloudformation:DeleteStack,CloudFormation,DELETE,HIGH,8,"Can remove, terminate, or destroy AWS resources/data."
dynamodb:DeleteResourcePolicy,DynamoDB,PERMISSION_CHANGE,CRITICAL,10,Can change authorization or grant/restrict permissions.
apigateway:GetIntegration,API Gateway,READ,LOW,2,Primarily reads or inspects AWS state/data.
sagemaker:ListAlgorithms,SageMaker,READ,LOW,2,Primarily reads or inspects AWS state/data.
sns:AddPermission,SNS,PERMISSION_CHANGE,CRITICAL,10,Can change authorization or grant/restrict permissions.
comprehend:DescribeSentimentDetectionJob,Comprehend,READ,LOW,2,Primarily reads or inspects AWS state/data.
sagemaker:CreateModel,SageMaker,WRITE,MEDIUM,5,Creates or modifies AWS resources or service state.
sagemaker:DescribeCluster,SageMaker,READ,LOW,2,Primarily reads or inspects AWS state/data.
ec2:AssociateClientVpnTargetNetwork,EC2,WRITE,MEDIUM,5,Creates or modifies AWS resources or service state.
sagemaker:ListExperiments,SageMaker,READ,LOW,2,Primarily reads or inspects AWS state/data.
glue:CreateScript,Glue,WRITE,MEDIUM,5,Creates or modifies AWS resources or service state.
ec2:DescribeSpotInstanceRequests,EC2,READ,LOW,2,Primarily reads or inspects AWS state/data.
comprehend:DeleteEndpoint,Comprehend,DELETE,HIGH,8,"Can remove, terminate, or destroy AWS resources/data."
cognito-idp:ListUsersInGroup,Cognito Identity,READ,LOW,2,Primarily reads or inspects AWS state/data.
ssm:ListCommands,Systems Manager,READ,LOW,2,Primarily reads or inspects AWS state/data.
ssm:UpdateDocumentDefaultVersion,Systems Manager,WRITE,MEDIUM,5,Creates or modifies AWS resources or service state.
ec2:CopySnapshot,EC2,WRITE,MEDIUM,5,Creates or modifies AWS resources or service state.
sts:AssumeRoleWithWebIdentity,STS,PERMISSION_CHANGE,CRITICAL,10,Can change authorization or grant/restrict permissions.
ssm:DeleteAssociation,Systems Manager,DELETE,HIGH,8,"Can remove, terminate, or destroy AWS resources/data."
sagemaker:CreateEndpointConfig,SageMaker,WRITE,MEDIUM,5,Creates or modifies AWS resources or service state.
ssm:UpdateMaintenanceWindowTask,Systems Manager,WRITE,MEDIUM,5,Creates or modifies AWS resources or service state.
apigatewayv2:ReimportApi,API Gateway V2,OTHER,MEDIUM,5,Project-defined review required for this operation.
rds:DescribeCertificates,RDS,READ,LOW,2,Primarily reads or inspects AWS state/data.
lambda:GetLayerVersionByArn,Lambda,READ,LOW,2,Primarily reads or inspects AWS state/data.
ec2:CreateLocalGatewayRouteTable,EC2,WRITE,MEDIUM,5,Creates or modifies AWS resources or service state.
ec2:CreateTransitGatewayConnectPeer,EC2,WRITE,MEDIUM,5,Creates or modifies AWS resources or service state.
ec2:DescribeElasticGpus,EC2,READ,LOW,2,Primarily reads or inspects AWS state/data.
apigatewayv2:GetModelTemplate,API Gateway V2,READ,LOW,2,Primarily reads or inspects AWS state/data.
cloudformation:GetHookResult,CloudFormation,READ,LOW,2,Primarily reads or inspects AWS state/data.
kms:UntagResource,KMS,TAGGING,LOW,3,Changes resource tags or metadata.
sagemaker:DeleteHumanTaskUi,SageMaker,DELETE,HIGH,8,"Can remove, terminate, or destroy AWS resources/data."
apigateway:UntagResource,API Gateway,TAGGING,LOW,3,Changes resource tags or metadata.
ecs:UpdateCapacityProvider,ECS,WRITE,MEDIUM,5,Creates or modifies AWS resources or service state.
glue:GetMaterializedViewRefreshTaskRun,Glue,READ,LOW,2,Primarily reads or inspects AWS state/data.
rds:DeleteDBClusterEndpoint,RDS,DELETE,HIGH,8,"Can remove, terminate, or destroy AWS resources/data."
comprehend:ListDominantLanguageDetectionJobs,Comprehend,READ,LOW,2,Primarily reads or inspects AWS state/data.
rds:StopDBInstanceAutomatedBackupsReplication,RDS,MODIFY,MEDIUM,5,Changes or disables an existing resource/service state.
ssm:StartSession,Systems Manager,SECURITY_SENSITIVE,HIGH,8,Can expose or manipulate sensitive security material/access.
apigateway:UpdateDocumentationPart,API Gateway,WRITE,MEDIUM,5,Creates or modifies AWS resources or service state.
kinesis:MergeShards,Kinesis,OTHER,MEDIUM,5,Project-defined review required for this operation.
sagemaker:UpdateNotebookInstance,SageMaker,WRITE,MEDIUM,5,Creates or modifies AWS resources or service state.
ssm:DeletePatchBaseline,Systems Manager,DELETE,HIGH,8,"Can remove, terminate, or destroy AWS resources/data."
sagemaker:CreateModelExplainabilityJobDefinition,SageMaker,WRITE,MEDIUM,5,Creates or modifies AWS resources or service state.
rds:CreateDBSecurityGroup,RDS,WRITE,MEDIUM,5,Creates or modifies AWS resources or service state.
guardduty:GetThreatEntitySet,GuardDuty,READ,LOW,2,Primarily reads or inspects AWS state/data.
route53:DeleteCidrCollection,Route 53,DELETE,HIGH,8,"Can remove, terminate, or destroy AWS resources/data."
ec2:EnableTransitGatewayRouteTablePropagation,EC2,WRITE,MEDIUM,5,Creates or modifies AWS resources or service state.
ec2:DisassociateTransitGatewayPolicyTable,EC2,PERMISSION_CHANGE,CRITICAL,10,Can change authorization or grant/restrict permissions.
ec2:ModifyTransitGatewayPrefixListReference,EC2,WRITE,MEDIUM,5,Creates or modifies AWS resources or service state.
logs:UpdateScheduledQuery,CloudWatch Logs,WRITE,MEDIUM,5,Creates or modifies AWS resources or service state.
rds:StartExportTask,RDS,WRITE,MEDIUM,5,Creates or modifies AWS resources or service state.
opensearch:StartDomainMaintenance,OpenSearch,WRITE,MEDIUM,5,Creates or modifies AWS resources or service state.
glue:BatchStopJobRun,Glue,OTHER,MEDIUM,5,Project-defined review required for this operation.
cognito-idp:UpdateTerms,Cognito Identity,WRITE,MEDIUM,5,Creates or modifies AWS resources or service state.
iam:GetServerCertificate,IAM,READ,LOW,2,Primarily reads or inspects AWS state/data.
cloudwatch:TagResource,CloudWatch,TAGGING,LOW,3,Changes resource tags or metadata.
sagemaker:ListOptimizationJobs,SageMaker,READ,LOW,2,Primarily reads or inspects AWS state/data.
cognito-idp:GetDevice,Cognito Identity,READ,LOW,2,Primarily reads or inspects AWS state/data.
ec2:GetTransitGatewayPolicyTableEntries,EC2,PERMISSION_CHANGE,CRITICAL,10,Can change authorization or grant/restrict permissions.
cognito-idp:AdminGetDevice,Cognito Identity,OTHER,MEDIUM,5,Project-defined review required for this operation.
ec2:CreateInstanceConnectEndpoint,EC2,WRITE,MEDIUM,5,Creates or modifies AWS resources or service state.
iam:AssociateDelegationRequest,IAM,WRITE,MEDIUM,5,Creates or modifies AWS resources or service state.
route53:ListTrafficPolicies,Route 53,READ,LOW,2,Primarily reads or inspects AWS state/data.
lambda:SendDurableExecutionCallbackHeartbeat,Lambda,WRITE,MEDIUM,5,Creates or modifies AWS resources or service state.
rds:StartDBCluster,RDS,WRITE,MEDIUM,5,Creates or modifies AWS resources or service state.
ec2:DescribeReservedInstancesListings,EC2,READ,LOW,2,Primarily reads or inspects AWS state/data.
lambda:DeleteCodeSigningConfig,Lambda,DELETE,HIGH,8,"Can remove, terminate, or destroy AWS resources/data."
opensearch:PutDefaultApplicationSetting,OpenSearch,WRITE,MEDIUM,5,Creates or modifies AWS resources or service state.
rds:CreateDBProxy,RDS,WRITE,MEDIUM,5,Creates or modifies AWS resources or service state.
ssm:DescribeAvailablePatches,Systems Manager,READ,LOW,2,Primarily reads or inspects AWS state/data.
apigateway:UpdateBasePathMapping,API Gateway,WRITE,MEDIUM,5,Creates or modifies AWS resources or service state.
ecr:PutImageTagMutability,ECR,WRITE,MEDIUM,5,Creates or modifies AWS resources or service state.
ec2:LockSnapshot,EC2,OTHER,MEDIUM,5,Project-defined review required for this operation.
glue:CreateMLTransform,Glue,WRITE,MEDIUM,5,Creates or modifies AWS resources or service state.
cognito-idp:DeleteResourceServer,Cognito Identity,DELETE,HIGH,8,"Can remove, terminate, or destroy AWS resources/data."
rds:DescribeReservedDBInstances,RDS,READ,LOW,2,Primarily reads or inspects AWS state/data.
eks:DisassociateIdentityProviderConfig,EKS,MODIFY,MEDIUM,5,Changes or disables an existing resource/service state.
redshift:RebootCluster,Redshift,OTHER,MEDIUM,5,Project-defined review required for this operation.
guardduty:CreateFilter,GuardDuty,WRITE,MEDIUM,5,Creates or modifies AWS resources or service state.
ec2:ModifySpotFleetRequest,EC2,WRITE,MEDIUM,5,Creates or modifies AWS resources or service state.
kms:RotateKeyOnDemand,KMS,OTHER,MEDIUM,5,Project-defined review required for this operation.
autoscaling:DescribeScalingActivities,Auto Scaling,READ,LOW,2,Primarily reads or inspects AWS state/data.
eks:ListIdentityProviderConfigs,EKS,READ,LOW,2,Primarily reads or inspects AWS state/data.
ecs:DescribeContainerInstances,ECS,READ,LOW,2,Primarily reads or inspects AWS state/data.
ec2:DisableSnapshotBlockPublicAccess,EC2,MODIFY,MEDIUM,5,Changes or disables an existing resource/service state.
cloudtrail:GetDashboard,CloudTrail,READ,LOW,2,Primarily reads or inspects AWS state/data.
ec2:DeleteTrafficMirrorFilter,EC2,DELETE,HIGH,8,"Can remove, terminate, or destroy AWS resources/data."
ec2:CreateCarrierGateway,EC2,WRITE,MEDIUM,5,Creates or modifies AWS resources or service state.
ssm:UpdateResourceDataSync,Systems Manager,WRITE,MEDIUM,5,Creates or modifies AWS resources or service state.
iam:DetachGroupPolicy,IAM,PERMISSION_CHANGE,CRITICAL,10,Can change authorization or grant/restrict permissions.
kms:ListResourceTags,KMS,READ,LOW,2,Primarily reads or inspects AWS state/data.
ec2:AssociateDhcpOptions,EC2,WRITE,MEDIUM,5,Creates or modifies AWS resources or service state.
s3:DeleteBucketMetricsConfiguration,S3,DELETE,HIGH,8,"Can remove, terminate, or destroy AWS resources/data."
cognito-idp:AdminDeleteUser,Cognito Identity,IDENTITY,HIGH,9,"Can create, modify, or remove an identity or credential."
firehose:StartDeliveryStreamEncryption,Kinesis Firehose,WRITE,MEDIUM,5,Creates or modifies AWS resources or service state.
ec2:DeregisterTransitGatewayMulticastGroupSources,EC2,OTHER,MEDIUM,5,Project-defined review required for this operation.
ec2:SearchTransitGatewayMulticastGroups,EC2,READ,LOW,2,Primarily reads or inspects AWS state/data.
cloudtrail:DisableFederation,CloudTrail,MODIFY,MEDIUM,5,Changes or disables an existing resource/service state.
ecs:DeleteTaskSet,ECS,DELETE,HIGH,8,"Can remove, terminate, or destroy AWS resources/data."
ssm:TerminateSession,Systems Manager,DELETE,HIGH,8,"Can remove, terminate, or destroy AWS resources/data."
glue:StopTrigger,Glue,MODIFY,MEDIUM,5,Changes or disables an existing resource/service state.
s3:SelectObjectContent,S3,OTHER,MEDIUM,5,Project-defined review required for this operation.
ecr:GetSigningConfiguration,ECR,READ,LOW,2,Primarily reads or inspects AWS state/data.
cloudtrail:UpdateChannel,CloudTrail,WRITE,MEDIUM,5,Creates or modifies AWS resources or service state.
sagemaker:DescribeHyperParameterTuningJob,SageMaker,READ,LOW,2,Primarily reads or inspects AWS state/data.
athena:ListDatabases,Athena,READ,LOW,2,Primarily reads or inspects AWS state/data.
ec2:DescribeIamInstanceProfileAssociations,EC2,READ,LOW,2,Primarily reads or inspects AWS state/data.
iam:ListOpenIDConnectProviderTags,IAM,READ,LOW,2,Primarily reads or inspects AWS state/data.
s3:GetObjectLockConfiguration,S3,READ,LOW,2,Primarily reads or inspects AWS state/data.
sagemaker:StopCompilationJob,SageMaker,MODIFY,MEDIUM,5,Changes or disables an existing resource/service state.
ec2:CreateCapacityManagerDataExport,EC2,WRITE,MEDIUM,5,Creates or modifies AWS resources or service state.
glue:StopColumnStatisticsTaskRunSchedule,Glue,MODIFY,MEDIUM,5,Changes or disables an existing resource/service state.
secretsmanager:CancelRotateSecret,Secrets Manager,MODIFY,MEDIUM,5,Changes or disables an existing resource/service state.
rds:CreateDBClusterSnapshot,RDS,WRITE,MEDIUM,5,Creates or modifies AWS resources or service state.
rds:DescribeDBShardGroups,RDS,READ,LOW,2,Primarily reads or inspects AWS state/data.
ec2:DescribeStaleSecurityGroups,EC2,READ,LOW,2,Primarily reads or inspects AWS state/data.
ec2:GetIpamPolicyOrganizationTargets,EC2,PERMISSION_CHANGE,CRITICAL,10,Can change authorization or grant/restrict permissions.
ec2:GetNetworkInsightsAccessScopeAnalysisFindings,EC2,READ,LOW,2,Primarily reads or inspects AWS state/data.
guardduty:GetFindingsStatistics,GuardDuty,READ,LOW,2,Primarily reads or inspects AWS state/data.
ec2:MoveByoipCidrToIpam,EC2,WRITE,MEDIUM,5,Creates or modifies AWS resources or service state.
eks:DeleteNodegroup,EKS,DELETE,HIGH,8,"Can remove, terminate, or destroy AWS resources/data."
sqs:CancelMessageMoveTask,SQS,MODIFY,MEDIUM,5,Changes or disables an existing resource/service state.
kms:DeleteAlias,KMS,DELETE,HIGH,8,"Can remove, terminate, or destroy AWS resources/data."
cloudformation:DeleteGeneratedTemplate,CloudFormation,DELETE,HIGH,8,"Can remove, terminate, or destroy AWS resources/data."
route53:GetHostedZoneLimit,Route 53,READ,LOW,2,Primarily reads or inspects AWS state/data.
ec2:DeleteVpcEndpoints,EC2,DELETE,HIGH,8,"Can remove, terminate, or destroy AWS resources/data."
kms:EnableKey,KMS,WRITE,MEDIUM,5,Creates or modifies AWS resources or service state.
autoscaling:DeleteTags,Auto Scaling,DELETE,HIGH,8,"Can remove, terminate, or destroy AWS resources/data."
sagemaker:CreateExperiment,SageMaker,WRITE,MEDIUM,5,Creates or modifies AWS resources or service state.
sagemaker:DeleteDeviceFleet,SageMaker,DELETE,HIGH,8,"Can remove, terminate, or destroy AWS resources/data."
cloudformation:ActivateOrganizationsAccess,CloudFormation,WRITE,MEDIUM,5,Creates or modifies AWS resources or service state.
ecr:SetRepositoryPolicy,ECR,PERMISSION_CHANGE,CRITICAL,10,Can change authorization or grant/restrict permissions.
sagemaker:ListAIBenchmarkJobs,SageMaker,READ,LOW,2,Primarily reads or inspects AWS state/data.
bedrock:ListAutomatedReasoningPolicies,Bedrock,READ,LOW,2,Primarily reads or inspects AWS state/data.
redshift:DescribeClusterParameters,Redshift,READ,LOW,2,Primarily reads or inspects AWS state/data.
iam:GetAccessKeyLastUsed,IAM,READ,LOW,2,Primarily reads or inspects AWS state/data.
redshift:DeleteHsmConfiguration,Redshift,DELETE,HIGH,8,"Can remove, terminate, or destroy AWS resources/data."
cognito-idp:GetGroup,Cognito Identity,READ,LOW,2,Primarily reads or inspects AWS state/data.
lambda:GetLayerVersionPolicy,Lambda,PERMISSION_CHANGE,CRITICAL,10,Can change authorization or grant/restrict permissions.
autoscaling:RollbackInstanceRefresh,Auto Scaling,OTHER,MEDIUM,5,Project-defined review required for this operation.
rds:StopDBInstance,RDS,MODIFY,MEDIUM,5,Changes or disables an existing resource/service state.
ec2:EnableIpamPolicy,EC2,PERMISSION_CHANGE,CRITICAL,10,Can change authorization or grant/restrict permissions.
ec2:CreateVpnConnection,EC2,WRITE,MEDIUM,5,Creates or modifies AWS resources or service state.
ec2:ModifyVerifiedAccessGroupPolicy,EC2,PERMISSION_CHANGE,CRITICAL,10,Can change authorization or grant/restrict permissions.
sagemaker:DeleteEdgeDeploymentStage,SageMaker,DELETE,HIGH,8,"Can remove, terminate, or destroy AWS resources/data."
sts:GetSessionToken,STS,READ,LOW,2,Primarily reads or inspects AWS state/data.
cloudtrail:GetEventSelectors,CloudTrail,READ,LOW,2,Primarily reads or inspects AWS state/data.
bedrock:GetImportedModel,Bedrock,READ,LOW,2,Primarily reads or inspects AWS state/data.
ecs:CreateService,ECS,WRITE,MEDIUM,5,Creates or modifies AWS resources or service state.
ssm:UpdateManagedInstanceRole,Systems Manager,WRITE,MEDIUM,5,Creates or modifies AWS resources or service state.
ecr:GetAuthorizationToken,ECR,PERMISSION_CHANGE,CRITICAL,10,Can change authorization or grant/restrict permissions.
bedrock:ListEnforcedGuardrailsConfiguration,Bedrock,READ,LOW,2,Primarily reads or inspects AWS state/data.
sagemaker:ListTransformJobs,SageMaker,READ,LOW,2,Primarily reads or inspects AWS state/data.
bedrock:StopModelCustomizationJob,Bedrock,MODIFY,MEDIUM,5,Changes or disables an existing resource/service state.
ssm:ListTagsForResource,Systems Manager,READ,LOW,2,Primarily reads or inspects AWS state/data.
dynamodb:DescribeGlobalTableSettings,DynamoDB,READ,LOW,2,Primarily reads or inspects AWS state/data.
route53:ListVPCAssociationAuthorizations,Route 53,PERMISSION_CHANGE,CRITICAL,10,Can change authorization or grant/restrict permissions.
bedrock:UpdateAutomatedReasoningPolicyAnnotations,Bedrock,PERMISSION_CHANGE,CRITICAL,10,Can change authorization or grant/restrict permissions.
cloudformation:DescribeChangeSet,CloudFormation,READ,LOW,2,Primarily reads or inspects AWS state/data.
rds:DescribeBlueGreenDeployments,RDS,READ,LOW,2,Primarily reads or inspects AWS state/data.
ec2:ModifyInstanceCreditSpecification,EC2,WRITE,MEDIUM,5,Creates or modifies AWS resources or service state.
rds:CreateDBShardGroup,RDS,WRITE,MEDIUM,5,Creates or modifies AWS resources or service state.
s3:DeleteBucketWebsite,S3,DELETE,HIGH,8,"Can remove, terminate, or destroy AWS resources/data."
apigatewayv2:GetProductRestEndpointPage,API Gateway V2,READ,LOW,2,Primarily reads or inspects AWS state/data.
sagemaker:DisassociateTrialComponent,SageMaker,MODIFY,MEDIUM,5,Changes or disables an existing resource/service state.
ec2:CreateDefaultSubnet,EC2,WRITE,MEDIUM,5,Creates or modifies AWS resources or service state.
ssm:DescribeInventoryDeletions,Systems Manager,READ,LOW,2,Primarily reads or inspects AWS state/data.
redshift:DeleteIntegration,Redshift,DELETE,HIGH,8,"Can remove, terminate, or destroy AWS resources/data."
kinesis:DescribeAccountSettings,Kinesis,READ,LOW,2,Primarily reads or inspects AWS state/data.
kms:RevokeGrant,KMS,PERMISSION_CHANGE,CRITICAL,10,Can change authorization or grant/restrict permissions.
glue:StopColumnStatisticsTaskRun,Glue,MODIFY,MEDIUM,5,Changes or disables an existing resource/service state.
sagemaker:DeleteHub,SageMaker,DELETE,HIGH,8,"Can remove, terminate, or destroy AWS resources/data."
comprehend:UpdateEndpoint,Comprehend,WRITE,MEDIUM,5,Creates or modifies AWS resources or service state.
sagemaker:UpdatePartnerApp,SageMaker,WRITE,MEDIUM,5,Creates or modifies AWS resources or service state.
ec2:ModifyVpcBlockPublicAccessExclusion,EC2,WRITE,MEDIUM,5,Creates or modifies AWS resources or service state.
logs:DescribeDestinations,CloudWatch Logs,READ,LOW,2,Primarily reads or inspects AWS state/data.
bedrock:UpdateAutomatedReasoningPolicyTestCase,Bedrock,PERMISSION_CHANGE,CRITICAL,10,Can change authorization or grant/restrict permissions.
apigatewayv2:UpdatePortal,API Gateway V2,WRITE,MEDIUM,5,Creates or modifies AWS resources or service state.
ssm:ListAssociations,Systems Manager,READ,LOW,2,Primarily reads or inspects AWS state/data.
iam:DeleteRolePolicy,IAM,PERMISSION_CHANGE,CRITICAL,10,Can change authorization or grant/restrict permissions.
redshift:DescribeEndpointAccess,Redshift,READ,LOW,2,Primarily reads or inspects AWS state/data.
glue:DeleteRegistry,Glue,DELETE,HIGH,8,"Can remove, terminate, or destroy AWS resources/data."
bedrock:BatchDeleteAdvancedPromptOptimizationJob,Bedrock,OTHER,MEDIUM,5,Project-defined review required for this operation.
redshift:DeleteAuthenticationProfile,Redshift,DELETE,HIGH,8,"Can remove, terminate, or destroy AWS resources/data."
sns:Unsubscribe,SNS,OTHER,MEDIUM,5,Project-defined review required for this operation.
secretsmanager:RestoreSecret,Secrets Manager,WRITE,MEDIUM,5,Creates or modifies AWS resources or service state.
logs:GetScheduledQuery,CloudWatch Logs,READ,LOW,2,Primarily reads or inspects AWS state/data.
kinesis:DeleteResourcePolicy,Kinesis,PERMISSION_CHANGE,CRITICAL,10,Can change authorization or grant/restrict permissions.
ec2:DisableIpamOrganizationAdminAccount,EC2,MODIFY,MEDIUM,5,Changes or disables an existing resource/service state.
s3:GetBucketVersioning,S3,READ,LOW,2,Primarily reads or inspects AWS state/data.
iam:GetCredentialReport,IAM,READ,LOW,2,Primarily reads or inspects AWS state/data.
cognito-idp:ListUserPoolClientSecrets,Cognito Identity,READ,LOW,2,Primarily reads or inspects AWS state/data.
s3:PutBucketMetricsConfiguration,S3,WRITE,MEDIUM,5,Creates or modifies AWS resources or service state.
redshift:CreateEventSubscription,Redshift,WRITE,MEDIUM,5,Creates or modifies AWS resources or service state.
ec2:DescribeImageUsageReportEntries,EC2,READ,LOW,2,Primarily reads or inspects AWS state/data.
eks:ListAssociatedAccessPolicies,EKS,READ,LOW,2,Primarily reads or inspects AWS state/data.
iam:UpdateLoginProfile,IAM,WRITE,MEDIUM,5,Creates or modifies AWS resources or service state.
ec2:GetRouteServerRoutingDatabase,EC2,READ,LOW,2,Primarily reads or inspects AWS state/data.
apigatewayv2:GetApiMappings,API Gateway V2,READ,LOW,2,Primarily reads or inspects AWS state/data.
ssm:DescribePatchGroupState,Systems Manager,READ,LOW,2,Primarily reads or inspects AWS state/data.
s3:GetBucketMetadataTableConfiguration,S3,READ,LOW,2,Primarily reads or inspects AWS state/data.
glue:StartImportLabelsTaskRun,Glue,WRITE,MEDIUM,5,Creates or modifies AWS resources or service state.
ec2:DeleteSpotDatafeedSubscription,EC2,DELETE,HIGH,8,"Can remove, terminate, or destroy AWS resources/data."
cognito-idp:AdminResetUserPassword,Cognito Identity,OTHER,MEDIUM,5,Project-defined review required for this operation.
logs:DescribeQueries,CloudWatch Logs,READ,LOW,2,Primarily reads or inspects AWS state/data.
events:RemovePermission,EventBridge,PERMISSION_CHANGE,CRITICAL,10,Can change authorization or grant/restrict permissions.
autoscaling:DescribeNotificationConfigurations,Auto Scaling,READ,LOW,2,Primarily reads or inspects AWS state/data.
redshift:AddPartner,Redshift,WRITE,MEDIUM,5,Creates or modifies AWS resources or service state.
rds:ModifyTenantDatabase,RDS,WRITE,MEDIUM,5,Creates or modifies AWS resources or service state.
ssm:DescribePatchGroups,Systems Manager,READ,LOW,2,Primarily reads or inspects AWS state/data.
athena:GetTableMetadata,Athena,READ,LOW,2,Primarily reads or inspects AWS state/data.
sagemaker:DeleteContext,SageMaker,DELETE,HIGH,8,"Can remove, terminate, or destroy AWS resources/data."
s3:GetObjectAttributes,S3,READ,LOW,2,Primarily reads or inspects AWS state/data.
ec2:DescribeTransitGatewayVpcAttachments,EC2,READ,LOW,2,Primarily reads or inspects AWS state/data.
ec2:CreateSecurityGroup,EC2,WRITE,MEDIUM,5,Creates or modifies AWS resources or service state.
bedrock:GetEvaluationJob,Bedrock,READ,LOW,2,Primarily reads or inspects AWS state/data.
ec2:DescribeAddressesAttribute,EC2,READ,LOW,2,Primarily reads or inspects AWS state/data.
ec2:ExportClientVpnClientCertificateRevocationList,EC2,WRITE,MEDIUM,5,Creates or modifies AWS resources or service state.
ec2:DeleteSecondarySubnet,EC2,DELETE,HIGH,8,"Can remove, terminate, or destroy AWS resources/data."
glue:UpdateCrawler,Glue,WRITE,MEDIUM,5,Creates or modifies AWS resources or service state.
redshift:DescribeDataSharesForProducer,Redshift,READ,LOW,2,Primarily reads or inspects AWS state/data.
opensearch:ListDomainMaintenances,OpenSearch,READ,LOW,2,Primarily reads or inspects AWS state/data.
apigateway:UpdateVpcLink,API Gateway,WRITE,MEDIUM,5,Creates or modifies AWS resources or service state.
glue:GetDataQualityResult,Glue,READ,LOW,2,Primarily reads or inspects AWS state/data.
ecs:UpdateServicePrimaryTaskSet,ECS,WRITE,MEDIUM,5,Creates or modifies AWS resources or service state.
comprehend:DeleteResourcePolicy,Comprehend,PERMISSION_CHANGE,CRITICAL,10,Can change authorization or grant/restrict permissions.
opensearch:UpdateDataSource,OpenSearch,WRITE,MEDIUM,5,Creates or modifies AWS resources or service state.
apigateway:GetModel,API Gateway,READ,LOW,2,Primarily reads or inspects AWS state/data.
glue:GetDataQualityModelResult,Glue,READ,LOW,2,Primarily reads or inspects AWS state/data.
cloudtrail:GetQueryResults,CloudTrail,READ,LOW,2,Primarily reads or inspects AWS state/data.
athena:ListCapacityReservations,Athena,READ,LOW,2,Primarily reads or inspects AWS state/data.
iam:CreateRole,IAM,IDENTITY,HIGH,9,"Can create, modify, or remove an identity or credential."
apigateway:DeleteMethod,API Gateway,DELETE,HIGH,8,"Can remove, terminate, or destroy AWS resources/data."
comprehend:StopEntitiesDetectionJob,Comprehend,MODIFY,MEDIUM,5,Changes or disables an existing resource/service state.
bedrock:DeleteAutomatedReasoningPolicyBuildWorkflow,Bedrock,PERMISSION_CHANGE,CRITICAL,10,Can change authorization or grant/restrict permissions.
guardduty:UpdateThreatEntitySet,GuardDuty,WRITE,MEDIUM,5,Creates or modifies AWS resources or service state.
cognito-idp:StartUserImportJob,Cognito Identity,WRITE,MEDIUM,5,Creates or modifies AWS resources or service state.
redshift:GetResourcePolicy,Redshift,PERMISSION_CHANGE,CRITICAL,10,Can change authorization or grant/restrict permissions.
cognito-idp:AdminUpdateAuthEventFeedback,Cognito Identity,OTHER,MEDIUM,5,Project-defined review required for this operation.
iam:UpdateSigningCertificate,IAM,WRITE,MEDIUM,5,Creates or modifies AWS resources or service state.
sagemaker:DescribeReservedCapacity,SageMaker,READ,LOW,2,Primarily reads or inspects AWS state/data.
ec2:DeleteVpcEndpointConnectionNotifications,EC2,DELETE,HIGH,8,"Can remove, terminate, or destroy AWS resources/data."
cognito-idp:UpdateAuthEventFeedback,Cognito Identity,WRITE,MEDIUM,5,Creates or modifies AWS resources or service state.
apigateway:UpdateClientCertificate,API Gateway,WRITE,MEDIUM,5,Creates or modifies AWS resources or service state.
sagemaker:ListWorkforces,SageMaker,READ,LOW,2,Primarily reads or inspects AWS state/data.
ec2:DisassociateSubnetCidrBlock,EC2,MODIFY,MEDIUM,5,Changes or disables an existing resource/service state.
ssm:GetMaintenanceWindowExecution,Systems Manager,READ,LOW,2,Primarily reads or inspects AWS state/data.
sagemaker:DescribeMlflowTrackingServer,SageMaker,READ,LOW,2,Primarily reads or inspects AWS state/data.
sagemaker:CreateAIBenchmarkJob,SageMaker,WRITE,MEDIUM,5,Creates or modifies AWS resources or service state.
logs:CreateImportTask,CloudWatch Logs,WRITE,MEDIUM,5,Creates or modifies AWS resources or service state.
rds:ModifyDBRecommendation,RDS,WRITE,MEDIUM,5,Creates or modifies AWS resources or service state.
eks:CreateAccessEntry,EKS,WRITE,MEDIUM,5,Creates or modifies AWS resources or service state.
glue:GetWorkflowRuns,Glue,READ,LOW,2,Primarily reads or inspects AWS state/data.
apigatewayv2:CreateIntegrationResponse,API Gateway V2,WRITE,MEDIUM,5,Creates or modifies AWS resources or service state.
bedrock:RegisterMarketplaceModelEndpoint,Bedrock,WRITE,MEDIUM,5,Creates or modifies AWS resources or service state.
ec2:UnmonitorInstances,EC2,OTHER,MEDIUM,5,Project-defined review required for this operation.
athena:GetNamedQuery,Athena,READ,LOW,2,Primarily reads or inspects AWS state/data.
dynamodb:BatchGetItem,DynamoDB,READ,LOW,2,Primarily reads or inspects AWS state/data.
ec2:DeleteLocalGatewayRoute,EC2,DELETE,HIGH,8,"Can remove, terminate, or destroy AWS resources/data."
s3:ListBucketIntelligentTieringConfigurations,S3,READ,LOW,2,Primarily reads or inspects AWS state/data.
iam:EnableOutboundWebIdentityFederation,IAM,WRITE,MEDIUM,5,Creates or modifies AWS resources or service state.
secretsmanager:UpdateSecretVersionStage,Secrets Manager,WRITE,MEDIUM,5,Creates or modifies AWS resources or service state.
logs:FilterLogEvents,CloudWatch Logs,OTHER,MEDIUM,5,Project-defined review required for this operation.
redshift:DescribeTableRestoreStatus,Redshift,READ,LOW,2,Primarily reads or inspects AWS state/data.
kinesis:ListTagsForResource,Kinesis,READ,LOW,2,Primarily reads or inspects AWS state/data.
iam:GetAccountPasswordPolicy,IAM,PERMISSION_CHANGE,CRITICAL,10,Can change authorization or grant/restrict permissions.
iam:UntagMFADevice,IAM,TAGGING,LOW,3,Changes resource tags or metadata.
apigateway:GetGatewayResponse,API Gateway,READ,LOW,2,Primarily reads or inspects AWS state/data.
iam:ListGroupPolicies,IAM,READ,LOW,2,Primarily reads or inspects AWS state/data.
iam:UpdateRoleDescription,IAM,IDENTITY,HIGH,9,"Can create, modify, or remove an identity or credential."
ec2:ModifyNetworkInterfaceAttribute,EC2,WRITE,MEDIUM,5,Creates or modifies AWS resources or service state.
redshift:DeleteClusterSecurityGroup,Redshift,DELETE,HIGH,8,"Can remove, terminate, or destroy AWS resources/data."
ec2:RestoreAddressToClassic,EC2,WRITE,MEDIUM,5,Creates or modifies AWS resources or service state.
ec2:DescribeSecurityGroupRules,EC2,READ,LOW,2,Primarily reads or inspects AWS state/data.
events:DescribeReplay,EventBridge,READ,LOW,2,Primarily reads or inspects AWS state/data.
redshift:PauseCluster,Redshift,OTHER,MEDIUM,5,Project-defined review required for this operation.
athena:GetWorkGroup,Athena,READ,LOW,2,Primarily reads or inspects AWS state/data.
ec2:RejectTransitGatewayMulticastDomainAssociations,EC2,OTHER,MEDIUM,5,Project-defined review required for this operation.
ec2:GetIpamPoolAllocations,EC2,READ,LOW,2,Primarily reads or inspects AWS state/data.
s3:GetBucketAbac,S3,READ,LOW,2,Primarily reads or inspects AWS state/data.
cloudwatch:DeleteDashboards,CloudWatch,DELETE,HIGH,8,"Can remove, terminate, or destroy AWS resources/data."
cloudformation:RollbackStack,CloudFormation,OTHER,MEDIUM,5,Project-defined review required for this operation.
eks:UpdateCapability,EKS,WRITE,MEDIUM,5,Creates or modifies AWS resources or service state.
ec2:DetachInternetGateway,EC2,MODIFY,MEDIUM,5,Changes or disables an existing resource/service state.
bedrock:CreatePromptRouter,Bedrock,WRITE,MEDIUM,5,Creates or modifies AWS resources or service state.
guardduty:GetMembers,GuardDuty,READ,LOW,2,Primarily reads or inspects AWS state/data.
cognito-idp:GetUser,Cognito Identity,READ,LOW,2,Primarily reads or inspects AWS state/data.
route53:GetHealthCheckCount,Route 53,READ,LOW,2,Primarily reads or inspects AWS state/data.
ec2:DeleteVpcPeeringConnection,EC2,DELETE,HIGH,8,"Can remove, terminate, or destroy AWS resources/data."
apigateway:CreateAuthorizer,API Gateway,PERMISSION_CHANGE,CRITICAL,10,Can change authorization or grant/restrict permissions.
ec2:DeleteTrafficMirrorSession,EC2,DELETE,HIGH,8,"Can remove, terminate, or destroy AWS resources/data."
s3:CreateBucketMetadataTableConfiguration,S3,WRITE,MEDIUM,5,Creates or modifies AWS resources or service state.
iam:GetDelegationRequest,IAM,READ,LOW,2,Primarily reads or inspects AWS state/data.
glue:CreateTrigger,Glue,WRITE,MEDIUM,5,Creates or modifies AWS resources or service state.
lambda:ListFunctionVersionsByCapacityProvider,Lambda,READ,LOW,2,Primarily reads or inspects AWS state/data.
s3:ListMultipartUploads,S3,READ,LOW,2,Primarily reads or inspects AWS state/data.
guardduty:ListThreatEntitySets,GuardDuty,READ,LOW,2,Primarily reads or inspects AWS state/data.
rds:RestoreDBClusterFromS3,RDS,WRITE,MEDIUM,5,Creates or modifies AWS resources or service state.
ec2:ReleaseAddress,EC2,OTHER,MEDIUM,5,Project-defined review required for this operation.
ec2:DeleteTransitGatewayMulticastDomain,EC2,DELETE,HIGH,8,"Can remove, terminate, or destroy AWS resources/data."
cloudtrail:DeleteTrail,CloudTrail,DELETE,HIGH,8,"Can remove, terminate, or destroy AWS resources/data."
cloudwatch:PutManagedInsightRules,CloudWatch,WRITE,MEDIUM,5,Creates or modifies AWS resources or service state.
logs:UntagLogGroup,CloudWatch Logs,TAGGING,LOW,3,Changes resource tags or metadata.
redshift:DescribeEventCategories,Redshift,READ,LOW,2,Primarily reads or inspects AWS state/data.
ec2:UpdateInterruptibleCapacityReservationAllocation,EC2,WRITE,MEDIUM,5,Creates or modifies AWS resources or service state.
apigateway:DeleteModel,API Gateway,DELETE,HIGH,8,"Can remove, terminate, or destroy AWS resources/data."
ec2:DescribeInstanceEventWindows,EC2,READ,LOW,2,Primarily reads or inspects AWS state/data.
apigatewayv2:CreateIntegration,API Gateway V2,WRITE,MEDIUM,5,Creates or modifies AWS resources or service state.
events:DescribePartnerEventSource,EventBridge,READ,LOW,2,Primarily reads or inspects AWS state/data.
secretsmanager:UntagResource,Secrets Manager,TAGGING,LOW,3,Changes resource tags or metadata.
glue:BatchGetCustomEntityTypes,Glue,READ,LOW,2,Primarily reads or inspects AWS state/data.
rds:AddRoleToDBCluster,RDS,WRITE,MEDIUM,5,Creates or modifies AWS resources or service state.
ec2:GetManagedPrefixListEntries,EC2,READ,LOW,2,Primarily reads or inspects AWS state/data.
ec2:AssociateSubnetCidrBlock,EC2,WRITE,MEDIUM,5,Creates or modifies AWS resources or service state.
sqs:DeleteMessageBatch,SQS,DELETE,HIGH,8,"Can remove, terminate, or destroy AWS resources/data."
cognito-idp:ResendConfirmationCode,Cognito Identity,OTHER,MEDIUM,5,Project-defined review required for this operation.
ec2:DisableVgwRoutePropagation,EC2,MODIFY,MEDIUM,5,Changes or disables an existing resource/service state.
guardduty:DisassociateFromMasterAccount,GuardDuty,MODIFY,MEDIUM,5,Changes or disables an existing resource/service state.
cloudformation:DeregisterType,CloudFormation,OTHER,MEDIUM,5,Project-defined review required for this operation.
comprehend:DetectSyntax,Comprehend,OTHER,MEDIUM,5,Project-defined review required for this operation.
bedrock:ListModelCustomizationJobs,Bedrock,READ,LOW,2,Primarily reads or inspects AWS state/data.
ec2:GetIpamResourceCidrs,EC2,READ,LOW,2,Primarily reads or inspects AWS state/data.
glue:CreateColumnStatisticsTaskSettings,Glue,WRITE,MEDIUM,5,Creates or modifies AWS resources or service state.
rds:DeregisterDBProxyTargets,RDS,OTHER,MEDIUM,5,Project-defined review required for this operation.
ec2:AcceptTransitGatewayMulticastDomainAssociations,EC2,OTHER,MEDIUM,5,Project-defined review required for this operation.
events:ListPartnerEventSourceAccounts,EventBridge,READ,LOW,2,Primarily reads or inspects AWS state/data.
kinesis:DeleteStream,Kinesis,DELETE,HIGH,8,"Can remove, terminate, or destroy AWS resources/data."
sagemaker:CreateAutoMLJobV2,SageMaker,WRITE,MEDIUM,5,Creates or modifies AWS resources or service state.
events:CreateConnection,EventBridge,WRITE,MEDIUM,5,Creates or modifies AWS resources or service state.
cloudwatch:DeleteAlarmMuteRule,CloudWatch,DELETE,HIGH,8,"Can remove, terminate, or destroy AWS resources/data."
sagemaker:CreateUserProfile,SageMaker,IDENTITY,HIGH,9,"Can create, modify, or remove an identity or credential."
bedrock:CreateCustomModelDeployment,Bedrock,WRITE,MEDIUM,5,Creates or modifies AWS resources or service state.
iam:PutUserPolicy,IAM,PERMISSION_CHANGE,CRITICAL,10,Can change authorization or grant/restrict permissions.
events:DeleteEndpoint,EventBridge,DELETE,HIGH,8,"Can remove, terminate, or destroy AWS resources/data."
ec2:DescribeNetworkInsightsAccessScopes,EC2,READ,LOW,2,Primarily reads or inspects AWS state/data.
ssm:ListDocuments,Systems Manager,READ,LOW,2,Primarily reads or inspects AWS state/data.
comprehend:TagResource,Comprehend,TAGGING,LOW,3,Changes resource tags or metadata.
bedrock:PutUseCaseForModelAccess,Bedrock,WRITE,MEDIUM,5,Creates or modifies AWS resources or service state.
cloudtrail:GenerateQuery,CloudTrail,OTHER,MEDIUM,5,Project-defined review required for this operation.
rds:ModifyDBParameterGroup,RDS,WRITE,MEDIUM,5,Creates or modifies AWS resources or service state.
glue:DeleteConnection,Glue,DELETE,HIGH,8,"Can remove, terminate, or destroy AWS resources/data."
ec2:DescribeTransitGatewayRouteTableAnnouncements,EC2,READ,LOW,2,Primarily reads or inspects AWS state/data.
kinesis:GetRecords,Kinesis,READ,LOW,2,Primarily reads or inspects AWS state/data.
autoscaling:GetPredictiveScalingForecast,Auto Scaling,READ,LOW,2,Primarily reads or inspects AWS state/data.
sagemaker:ListModelMetadata,SageMaker,READ,LOW,2,Primarily reads or inspects AWS state/data.
ecs:CreateCapacityProvider,ECS,WRITE,MEDIUM,5,Creates or modifies AWS resources or service state.
ssm:UpdateDocumentMetadata,Systems Manager,WRITE,MEDIUM,5,Creates or modifies AWS resources or service state.
rds:DescribeDBSnapshotTenantDatabases,RDS,READ,LOW,2,Primarily reads or inspects AWS state/data.
ec2:CreateClientVpnRoute,EC2,WRITE,MEDIUM,5,Creates or modifies AWS resources or service state.
ec2:GetDefaultCreditSpecification,EC2,READ,LOW,2,Primarily reads or inspects AWS state/data.
cognito-idp:DeleteWebAuthnCredential,Cognito Identity,DELETE,HIGH,8,"Can remove, terminate, or destroy AWS resources/data."
glue:DeletePartition,Glue,DELETE,HIGH,8,"Can remove, terminate, or destroy AWS resources/data."
redshift:CancelResize,Redshift,MODIFY,MEDIUM,5,Changes or disables an existing resource/service state.
ecs:DeleteExpressGatewayService,ECS,DELETE,HIGH,8,"Can remove, terminate, or destroy AWS resources/data."
sns:DeleteSMSSandboxPhoneNumber,SNS,DELETE,HIGH,8,"Can remove, terminate, or destroy AWS resources/data."
ec2:DescribeNetworkInterfaces,EC2,READ,LOW,2,Primarily reads or inspects AWS state/data.
glue:BatchPutDataQualityStatisticAnnotation,Glue,OTHER,MEDIUM,5,Project-defined review required for this operation.
s3:DeleteBucketTagging,S3,DELETE,HIGH,8,"Can remove, terminate, or destroy AWS resources/data."
logs:CreateExportTask,CloudWatch Logs,WRITE,MEDIUM,5,Creates or modifies AWS resources or service state.
cloudformation:DescribeTypeRegistration,CloudFormation,READ,LOW,2,Primarily reads or inspects AWS state/data.
ecs:DeleteCapacityProvider,ECS,DELETE,HIGH,8,"Can remove, terminate, or destroy AWS resources/data."
redshift:DescribeClusterSubnetGroups,Redshift,READ,LOW,2,Primarily reads or inspects AWS state/data.
iam:ListRoleTags,IAM,READ,LOW,2,Primarily reads or inspects AWS state/data.
glue:GetClassifiers,Glue,READ,LOW,2,Primarily reads or inspects AWS state/data.
apigateway:CreateApiKey,API Gateway,WRITE,MEDIUM,5,Creates or modifies AWS resources or service state.
ecs:ListTaskDefinitions,ECS,READ,LOW,2,Primarily reads or inspects AWS state/data.
route53:DeactivateKeySigningKey,Route 53,MODIFY,MEDIUM,5,Changes or disables an existing resource/service state.
sagemaker:DescribeMlflowApp,SageMaker,READ,LOW,2,Primarily reads or inspects AWS state/data.
dynamodb:RestoreTableFromBackup,DynamoDB,WRITE,MEDIUM,5,Creates or modifies AWS resources or service state.
apigateway:GetResources,API Gateway,READ,LOW,2,Primarily reads or inspects AWS state/data.
apigateway:CreateUsagePlan,API Gateway,WRITE,MEDIUM,5,Creates or modifies AWS resources or service state.
cloudtrail:DeregisterOrganizationDelegatedAdmin,CloudTrail,OTHER,MEDIUM,5,Project-defined review required for this operation.
sagemaker:QueryLineage,SageMaker,READ,LOW,2,Primarily reads or inspects AWS state/data.
comprehend:CreateDocumentClassifier,Comprehend,WRITE,MEDIUM,5,Creates or modifies AWS resources or service state.
glue:PutSchemaVersionMetadata,Glue,WRITE,MEDIUM,5,Creates or modifies AWS resources or service state.
ec2:DisassociateAddress,EC2,MODIFY,MEDIUM,5,Changes or disables an existing resource/service state.
glue:StartMLLabelingSetGenerationTaskRun,Glue,WRITE,MEDIUM,5,Creates or modifies AWS resources or service state.
apigatewayv2:GetPortalProduct,API Gateway V2,READ,LOW,2,Primarily reads or inspects AWS state/data.
ec2:CreateImageUsageReport,EC2,WRITE,MEDIUM,5,Creates or modifies AWS resources or service state.
s3:GetBucketPolicy,S3,PERMISSION_CHANGE,CRITICAL,10,Can change authorization or grant/restrict permissions.
redshift:DeleteScheduledAction,Redshift,DELETE,HIGH,8,"Can remove, terminate, or destroy AWS resources/data."
cognito-idp:DescribeTerms,Cognito Identity,READ,LOW,2,Primarily reads or inspects AWS state/data.
ecs:TagResource,ECS,TAGGING,LOW,3,Changes resource tags or metadata.
glue:GetTrigger,Glue,READ,LOW,2,Primarily reads or inspects AWS state/data.
athena:GetQueryRuntimeStatistics,Athena,READ,LOW,2,Primarily reads or inspects AWS state/data.
rds:ModifyDBShardGroup,RDS,WRITE,MEDIUM,5,Creates or modifies AWS resources or service state.
s3:ListObjects,S3,READ,LOW,2,Primarily reads or inspects AWS state/data.
athena:ExportNotebook,Athena,WRITE,MEDIUM,5,Creates or modifies AWS resources or service state.
athena:TagResource,Athena,TAGGING,LOW,3,Changes resource tags or metadata.
kms:Decrypt,KMS,SECURITY_SENSITIVE,HIGH,8,Can expose or manipulate sensitive security material/access.
sagemaker:DetachClusterNodeVolume,SageMaker,MODIFY,MEDIUM,5,Changes or disables an existing resource/service state.
eks:CreateNodegroup,EKS,WRITE,MEDIUM,5,Creates or modifies AWS resources or service state.
firehose:PutRecordBatch,Kinesis Firehose,WRITE,MEDIUM,5,Creates or modifies AWS resources or service state.
rds:RemoveSourceIdentifierFromSubscription,RDS,DELETE,HIGH,8,"Can remove, terminate, or destroy AWS resources/data."
opensearch:DescribeDryRunProgress,OpenSearch,READ,LOW,2,Primarily reads or inspects AWS state/data.
events:ListEndpoints,EventBridge,READ,LOW,2,Primarily reads or inspects AWS state/data.
opensearch:AuthorizeVpcEndpointAccess,OpenSearch,PERMISSION_CHANGE,CRITICAL,10,Can change authorization or grant/restrict permissions.
ec2:DescribeBundleTasks,EC2,READ,LOW,2,Primarily reads or inspects AWS state/data.
ssm:DescribeAutomationExecutions,Systems Manager,READ,LOW,2,Primarily reads or inspects AWS state/data.
sagemaker:StopNotebookInstance,SageMaker,MODIFY,MEDIUM,5,Changes or disables an existing resource/service state.
ec2:ModifyHosts,EC2,WRITE,MEDIUM,5,Creates or modifies AWS resources or service state.
ec2:AuthorizeClientVpnIngress,EC2,PERMISSION_CHANGE,CRITICAL,10,Can change authorization or grant/restrict permissions.
glue:UpdateRegistry,Glue,WRITE,MEDIUM,5,Creates or modifies AWS resources or service state.
opensearch:DescribeDomain,OpenSearch,READ,LOW,2,Primarily reads or inspects AWS state/data.
route53:GetReusableDelegationSetLimit,Route 53,READ,LOW,2,Primarily reads or inspects AWS state/data.
comprehend:DeleteDocumentClassifier,Comprehend,DELETE,HIGH,8,"Can remove, terminate, or destroy AWS resources/data."
opensearch:DescribeDomains,OpenSearch,READ,LOW,2,Primarily reads or inspects AWS state/data.
ecr:DescribeRepositoryCreationTemplates,ECR,READ,LOW,2,Primarily reads or inspects AWS state/data.
ec2:WithdrawByoipCidr,EC2,OTHER,MEDIUM,5,Project-defined review required for this operation.
opensearch:CreateDomain,OpenSearch,WRITE,MEDIUM,5,Creates or modifies AWS resources or service state.
firehose:UpdateDestination,Kinesis Firehose,WRITE,MEDIUM,5,Creates or modifies AWS resources or service state.
glue:DeletePartitionIndex,Glue,DELETE,HIGH,8,"Can remove, terminate, or destroy AWS resources/data."
ec2:AssociateCapacityReservationBillingOwner,EC2,WRITE,MEDIUM,5,Creates or modifies AWS resources or service state.
sns:CreateSMSSandboxPhoneNumber,SNS,WRITE,MEDIUM,5,Creates or modifies AWS resources or service state.
ec2:CreateTransitGatewayConnect,EC2,WRITE,MEDIUM,5,Creates or modifies AWS resources or service state.
iam:GetMFADevice,IAM,READ,LOW,2,Primarily reads or inspects AWS state/data.
apigatewayv2:CreateApiMapping,API Gateway V2,WRITE,MEDIUM,5,Creates or modifies AWS resources or service state.
kms:Verify,KMS,SECURITY_SENSITIVE,HIGH,8,Can expose or manipulate sensitive security material/access.
ec2:DescribeRouteServerPeers,EC2,READ,LOW,2,Primarily reads or inspects AWS state/data.
rds:ModifyActivityStream,RDS,WRITE,MEDIUM,5,Creates or modifies AWS resources or service state.
ec2:DeleteTransitGatewayRouteTableAnnouncement,EC2,DELETE,HIGH,8,"Can remove, terminate, or destroy AWS resources/data."
apigatewayv2:DeleteRouteResponse,API Gateway V2,DELETE,HIGH,8,"Can remove, terminate, or destroy AWS resources/data."
sagemaker:DescribeAutoMLJob,SageMaker,READ,LOW,2,Primarily reads or inspects AWS state/data.
cloudformation:UpdateStackSet,CloudFormation,WRITE,MEDIUM,5,Creates or modifies AWS resources or service state.
ec2:DescribeIpamExternalResourceVerificationTokens,EC2,READ,LOW,2,Primarily reads or inspects AWS state/data.
redshift:DisableSnapshotCopy,Redshift,MODIFY,MEDIUM,5,Changes or disables an existing resource/service state.
glue:CreateUsageProfile,Glue,WRITE,MEDIUM,5,Creates or modifies AWS resources or service state.
redshift:PutResourcePolicy,Redshift,PERMISSION_CHANGE,CRITICAL,10,Can change authorization or grant/restrict permissions.
ecr:BatchCheckLayerAvailability,ECR,OTHER,MEDIUM,5,Project-defined review required for this operation.
route53:EnableHostedZoneDNSSEC,Route 53,WRITE,MEDIUM,5,Creates or modifies AWS resources or service state.
ecs:UpdateDaemon,ECS,WRITE,MEDIUM,5,Creates or modifies AWS resources or service state.
redshift:DeregisterNamespace,Redshift,OTHER,MEDIUM,5,Project-defined review required for this operation.
sns:ListSubscriptions,SNS,READ,LOW,2,Primarily reads or inspects AWS state/data.
ec2:CancelCapacityReservation,EC2,MODIFY,MEDIUM,5,Changes or disables an existing resource/service state.
ecs:RegisterContainerInstance,ECS,WRITE,MEDIUM,5,Creates or modifies AWS resources or service state.
s3:ListObjectsV2,S3,READ,LOW,2,Primarily reads or inspects AWS state/data.
cloudformation:ListStackSetOperationResults,CloudFormation,READ,LOW,2,Primarily reads or inspects AWS state/data.
ssm:GetParametersByPath,Systems Manager,SECURITY_SENSITIVE,HIGH,8,Can expose or manipulate sensitive security material/access.
glue:DescribeConnectionType,Glue,READ,LOW,2,Primarily reads or inspects AWS state/data.
ec2:DescribeVpcAttribute,EC2,READ,LOW,2,Primarily reads or inspects AWS state/data.
opensearch:GetUpgradeStatus,OpenSearch,READ,LOW,2,Primarily reads or inspects AWS state/data.
comprehend:CreateFlywheel,Comprehend,WRITE,MEDIUM,5,Creates or modifies AWS resources or service state.
bedrock:StopAdvancedPromptOptimizationJob,Bedrock,MODIFY,MEDIUM,5,Changes or disables an existing resource/service state.
sagemaker:ListFeatureGroups,SageMaker,READ,LOW,2,Primarily reads or inspects AWS state/data.
logs:DeleteLogStream,CloudWatch Logs,DELETE,HIGH,8,"Can remove, terminate, or destroy AWS resources/data."
ecs:GetTaskProtection,ECS,READ,LOW,2,Primarily reads or inspects AWS state/data.
comprehend:ContainsPiiEntities,Comprehend,OTHER,MEDIUM,5,Project-defined review required for this operation.
athena:StopQueryExecution,Athena,MODIFY,MEDIUM,5,Changes or disables an existing resource/service state.
rds:StartActivityStream,RDS,WRITE,MEDIUM,5,Creates or modifies AWS resources or service state.
bedrock:PutEnforcedGuardrailConfiguration,Bedrock,WRITE,MEDIUM,5,Creates or modifies AWS resources or service state.
ssm:UpdateAssociationStatus,Systems Manager,WRITE,MEDIUM,5,Creates or modifies AWS resources or service state.
dynamodb:DescribeContinuousBackups,DynamoDB,READ,LOW,2,Primarily reads or inspects AWS state/data.
ec2:DeleteLocalGatewayRouteTableVirtualInterfaceGroupAssociation,EC2,DELETE,HIGH,8,"Can remove, terminate, or destroy AWS resources/data."
ssm:GetMaintenanceWindow,Systems Manager,READ,LOW,2,Primarily reads or inspects AWS state/data.
iam:DeleteGroup,IAM,DELETE,HIGH,8,"Can remove, terminate, or destroy AWS resources/data."
glue:CreateBlueprint,Glue,WRITE,MEDIUM,5,Creates or modifies AWS resources or service state.
apigateway:CreateStage,API Gateway,WRITE,MEDIUM,5,Creates or modifies AWS resources or service state.
sagemaker:DeleteProcessingJob,SageMaker,DELETE,HIGH,8,"Can remove, terminate, or destroy AWS resources/data."
lambda:UpdateEventSourceMapping,Lambda,WRITE,MEDIUM,5,Creates or modifies AWS resources or service state.
logs:GetLogGroupFields,CloudWatch Logs,READ,LOW,2,Primarily reads or inspects AWS state/data.
ssm:CancelMaintenanceWindowExecution,Systems Manager,MODIFY,MEDIUM,5,Changes or disables an existing resource/service state.
bedrock:DeleteEnforcedGuardrailConfiguration,Bedrock,DELETE,HIGH,8,"Can remove, terminate, or destroy AWS resources/data."
sagemaker:DeleteAIWorkloadConfig,SageMaker,DELETE,HIGH,8,"Can remove, terminate, or destroy AWS resources/data."
sagemaker:ListEdgePackagingJobs,SageMaker,READ,LOW,2,Primarily reads or inspects AWS state/data.
ec2:RestoreImageFromRecycleBin,EC2,WRITE,MEDIUM,5,Creates or modifies AWS resources or service state.
iam:DeletePolicyVersion,IAM,PERMISSION_CHANGE,CRITICAL,10,Can change authorization or grant/restrict permissions.
sagemaker:DescribeEdgeDeploymentPlan,SageMaker,READ,LOW,2,Primarily reads or inspects AWS state/data.
events:CancelReplay,EventBridge,MODIFY,MEDIUM,5,Changes or disables an existing resource/service state.
logs:DescribeLogGroups,CloudWatch Logs,READ,LOW,2,Primarily reads or inspects AWS state/data.
iam:ListInstanceProfiles,IAM,READ,LOW,2,Primarily reads or inspects AWS state/data.
iam:ListSAMLProviders,IAM,READ,LOW,2,Primarily reads or inspects AWS state/data.
ecr:InitiateLayerUpload,ECR,OTHER,MEDIUM,5,Project-defined review required for this operation.
glue:GetIntegrationResourceProperty,Glue,READ,LOW,2,Primarily reads or inspects AWS state/data.
apigatewayv2:DeleteAuthorizer,API Gateway V2,PERMISSION_CHANGE,CRITICAL,10,Can change authorization or grant/restrict permissions.
ec2:ModifyAvailabilityZoneGroup,EC2,WRITE,MEDIUM,5,Creates or modifies AWS resources or service state.
s3:DeleteBucketIntelligentTieringConfiguration,S3,DELETE,HIGH,8,"Can remove, terminate, or destroy AWS resources/data."
ec2:ImportSnapshot,EC2,WRITE,MEDIUM,5,Creates or modifies AWS resources or service state.
ec2:GetHostReservationPurchasePreview,EC2,READ,LOW,2,Primarily reads or inspects AWS state/data.
route53:CreateHealthCheck,Route 53,WRITE,MEDIUM,5,Creates or modifies AWS resources or service state.
rds:DescribeDBClusterParameterGroups,RDS,READ,LOW,2,Primarily reads or inspects AWS state/data.
autoscaling:ResumeProcesses,Auto Scaling,OTHER,MEDIUM,5,Project-defined review required for this operation.
cognito-idp:GetUserPoolMfaConfig,Cognito Identity,READ,LOW,2,Primarily reads or inspects AWS state/data.
ec2:ModifyInstancePlacement,EC2,WRITE,MEDIUM,5,Creates or modifies AWS resources or service state.
athena:GetDataCatalog,Athena,READ,LOW,2,Primarily reads or inspects AWS state/data.
ec2:ModifyVpcTenancy,EC2,WRITE,MEDIUM,5,Creates or modifies AWS resources or service state.
bedrock:GetAutomatedReasoningPolicyBuildWorkflow,Bedrock,PERMISSION_CHANGE,CRITICAL,10,Can change authorization or grant/restrict permissions.
bedrock:DeleteResourcePolicy,Bedrock,PERMISSION_CHANGE,CRITICAL,10,Can change authorization or grant/restrict permissions.
guardduty:CreatePublishingDestination,GuardDuty,WRITE,MEDIUM,5,Creates or modifies AWS resources or service state.
sagemaker:DeleteWorkteam,SageMaker,DELETE,HIGH,8,"Can remove, terminate, or destroy AWS resources/data."
rds:CopyDBClusterSnapshot,RDS,WRITE,MEDIUM,5,Creates or modifies AWS resources or service state.
guardduty:GetThreatIntelSet,GuardDuty,READ,LOW,2,Primarily reads or inspects AWS state/data.
glue:DeleteSchema,Glue,DELETE,HIGH,8,"Can remove, terminate, or destroy AWS resources/data."
rds:DeleteDBSecurityGroup,RDS,DELETE,HIGH,8,"Can remove, terminate, or destroy AWS resources/data."
cloudtrail:RegisterOrganizationDelegatedAdmin,CloudTrail,WRITE,MEDIUM,5,Creates or modifies AWS resources or service state.
ec2:DeleteVerifiedAccessEndpoint,EC2,DELETE,HIGH,8,"Can remove, terminate, or destroy AWS resources/data."
sagemaker:CreateModelPackageGroup,SageMaker,WRITE,MEDIUM,5,Creates or modifies AWS resources or service state.
comprehend:BatchDetectTargetedSentiment,Comprehend,OTHER,MEDIUM,5,Project-defined review required for this operation.
iam:DisableOutboundWebIdentityFederation,IAM,MODIFY,MEDIUM,5,Changes or disables an existing resource/service state.
opensearch:AddTags,OpenSearch,WRITE,MEDIUM,5,Creates or modifies AWS resources or service state.
sagemaker:DescribeModelCardExportJob,SageMaker,READ,LOW,2,Primarily reads or inspects AWS state/data.
redshift:DeleteHsmClientCertificate,Redshift,DELETE,HIGH,8,"Can remove, terminate, or destroy AWS resources/data."
cloudwatch:DescribeAlarmsForMetric,CloudWatch,READ,LOW,2,Primarily reads or inspects AWS state/data.
sagemaker:CreateDomain,SageMaker,WRITE,MEDIUM,5,Creates or modifies AWS resources or service state.
ec2:ModifyTransitGatewayVpcAttachment,EC2,WRITE,MEDIUM,5,Creates or modifies AWS resources or service state.
logs:GetLookupTable,CloudWatch Logs,READ,LOW,2,Primarily reads or inspects AWS state/data.
ec2:CreateTrafficMirrorFilterRule,EC2,WRITE,MEDIUM,5,Creates or modifies AWS resources or service state.
ec2:CancelSpotFleetRequests,EC2,MODIFY,MEDIUM,5,Changes or disables an existing resource/service state.
events:DeleteApiDestination,EventBridge,DELETE,HIGH,8,"Can remove, terminate, or destroy AWS resources/data."
opensearch:GetDomainMaintenanceStatus,OpenSearch,READ,LOW,2,Primarily reads or inspects AWS state/data.
s3:UploadPart,S3,OTHER,MEDIUM,5,Project-defined review required for this operation.
glue:ListUsageProfiles,Glue,READ,LOW,2,Primarily reads or inspects AWS state/data.
sagemaker:ListInferenceRecommendationsJobSteps,SageMaker,READ,LOW,2,Primarily reads or inspects AWS state/data.
sagemaker:CreateMlflowApp,SageMaker,WRITE,MEDIUM,5,Creates or modifies AWS resources or service state.
ec2:ModifySnapshotTier,EC2,WRITE,MEDIUM,5,Creates or modifies AWS resources or service state.
ec2:RestoreSnapshotFromRecycleBin,EC2,WRITE,MEDIUM,5,Creates or modifies AWS resources or service state.
ec2:UnassignPrivateNatGatewayAddress,EC2,OTHER,MEDIUM,5,Project-defined review required for this operation.
kms:CreateCustomKeyStore,KMS,WRITE,MEDIUM,5,Creates or modifies AWS resources or service state.
logs:DeleteResourcePolicy,CloudWatch Logs,PERMISSION_CHANGE,CRITICAL,10,Can change authorization or grant/restrict permissions.
sagemaker:CreateTransformJob,SageMaker,WRITE,MEDIUM,5,Creates or modifies AWS resources or service state.
redshift:CreateClusterSnapshot,Redshift,WRITE,MEDIUM,5,Creates or modifies AWS resources or service state.
ec2:DisassociateNatGatewayAddress,EC2,MODIFY,MEDIUM,5,Changes or disables an existing resource/service state.
autoscaling:ExecutePolicy,Auto Scaling,PERMISSION_CHANGE,CRITICAL,10,Can change authorization or grant/restrict permissions.
redshift:AuthorizeSnapshotAccess,Redshift,PERMISSION_CHANGE,CRITICAL,10,Can change authorization or grant/restrict permissions.
ec2:DeleteRouteServer,EC2,DELETE,HIGH,8,"Can remove, terminate, or destroy AWS resources/data."
ec2:CreateLaunchTemplate,EC2,WRITE,MEDIUM,5,Creates or modifies AWS resources or service state.
ec2:ModifyInstanceMaintenanceOptions,EC2,WRITE,MEDIUM,5,Creates or modifies AWS resources or service state.
kinesis:AddTagsToStream,Kinesis,WRITE,MEDIUM,5,Creates or modifies AWS resources or service state.
ec2:CancelDeclarativePoliciesReport,EC2,MODIFY,MEDIUM,5,Changes or disables an existing resource/service state.
sagemaker:ListPartnerApps,SageMaker,READ,LOW,2,Primarily reads or inspects AWS state/data.
athena:StopCalculationExecution,Athena,MODIFY,MEDIUM,5,Changes or disables an existing resource/service state.
apigatewayv2:GetModel,API Gateway V2,READ,LOW,2,Primarily reads or inspects AWS state/data.
opensearch:UpdatePackage,OpenSearch,WRITE,MEDIUM,5,Creates or modifies AWS resources or service state.
lambda:PutFunctionCodeSigningConfig,Lambda,WRITE,MEDIUM,5,Creates or modifies AWS resources or service state.
bedrock:PutModelInvocationLoggingConfiguration,Bedrock,WRITE,MEDIUM,5,Creates or modifies AWS resources or service state.
cognito-idp:GetIdentityProviderByIdentifier,Cognito Identity,READ,LOW,2,Primarily reads or inspects AWS state/data.
apigatewayv2:GetStage,API Gateway V2,READ,LOW,2,Primarily reads or inspects AWS state/data.
dynamodb:ExportTableToPointInTime,DynamoDB,WRITE,MEDIUM,5,Creates or modifies AWS resources or service state.
comprehend:ListEventsDetectionJobs,Comprehend,READ,LOW,2,Primarily reads or inspects AWS state/data.
glue:StartMLEvaluationTaskRun,Glue,WRITE,MEDIUM,5,Creates or modifies AWS resources or service state.
ec2:CreateVpcEndpoint,EC2,WRITE,MEDIUM,5,Creates or modifies AWS resources or service state.
redshift:DescribeClusters,Redshift,READ,LOW,2,Primarily reads or inspects AWS state/data.
lambda:GetDurableExecutionHistory,Lambda,READ,LOW,2,Primarily reads or inspects AWS state/data.
ec2:DeprovisionPublicIpv4PoolCidr,EC2,OTHER,MEDIUM,5,Project-defined review required for this operation.
iam:GetOrganizationsAccessReport,IAM,READ,LOW,2,Primarily reads or inspects AWS state/data.
route53:ListHealthChecks,Route 53,READ,LOW,2,Primarily reads or inspects AWS state/data.
ec2:CreateInstanceExportTask,EC2,WRITE,MEDIUM,5,Creates or modifies AWS resources or service state.
rds:DescribeServerlessV2PlatformVersions,RDS,READ,LOW,2,Primarily reads or inspects AWS state/data.
apigatewayv2:GetApi,API Gateway V2,READ,LOW,2,Primarily reads or inspects AWS state/data.
glue:BatchGetBlueprints,Glue,READ,LOW,2,Primarily reads or inspects AWS state/data.
athena:DeleteNotebook,Athena,DELETE,HIGH,8,"Can remove, terminate, or destroy AWS resources/data."
lambda:PutFunctionConcurrency,Lambda,WRITE,MEDIUM,5,Creates or modifies AWS resources or service state.
guardduty:DeleteThreatIntelSet,GuardDuty,DELETE,HIGH,8,"Can remove, terminate, or destroy AWS resources/data."
ec2:DescribeSecondaryNetworks,EC2,READ,LOW,2,Primarily reads or inspects AWS state/data.
rds:ModifyEventSubscription,RDS,WRITE,MEDIUM,5,Creates or modifies AWS resources or service state.
rds:DescribeDBSnapshots,RDS,READ,LOW,2,Primarily reads or inspects AWS state/data.
ec2:ImportClientVpnClientCertificateRevocationList,EC2,WRITE,MEDIUM,5,Creates or modifies AWS resources or service state.
bedrock:UpdateGuardrail,Bedrock,WRITE,MEDIUM,5,Creates or modifies AWS resources or service state.
glue:GetGlueIdentityCenterConfiguration,Glue,READ,LOW,2,Primarily reads or inspects AWS state/data.
lambda:RemovePermission,Lambda,PERMISSION_CHANGE,CRITICAL,10,Can change authorization or grant/restrict permissions.
ec2:AcceptReservedInstancesExchangeQuote,EC2,OTHER,MEDIUM,5,Project-defined review required for this operation.
glue:BatchGetTriggers,Glue,READ,LOW,2,Primarily reads or inspects AWS state/data.
apigateway:GetMethod,API Gateway,READ,LOW,2,Primarily reads or inspects AWS state/data.
glue:ListTableOptimizerRuns,Glue,READ,LOW,2,Primarily reads or inspects AWS state/data.
cloudtrail:ListImports,CloudTrail,READ,LOW,2,Primarily reads or inspects AWS state/data.
ec2:DescribeVpcEndpoints,EC2,READ,LOW,2,Primarily reads or inspects AWS state/data.
ec2:DescribeImageReferences,EC2,READ,LOW,2,Primarily reads or inspects AWS state/data.
sagemaker:DescribeClusterNode,SageMaker,READ,LOW,2,Primarily reads or inspects AWS state/data.
rds:DescribeEventCategories,RDS,READ,LOW,2,Primarily reads or inspects AWS state/data.
ec2:GetAllowedImagesSettings,EC2,READ,LOW,2,Primarily reads or inspects AWS state/data.
rds:PurchaseReservedDBInstancesOffering,RDS,OTHER,MEDIUM,5,Project-defined review required for this operation.
ec2:DescribeLocalGatewayRouteTableVpcAssociations,EC2,READ,LOW,2,Primarily reads or inspects AWS state/data.
apigatewayv2:UpdateAuthorizer,API Gateway V2,PERMISSION_CHANGE,CRITICAL,10,Can change authorization or grant/restrict permissions.
glue:UpdateIntegrationResourceProperty,Glue,WRITE,MEDIUM,5,Creates or modifies AWS resources or service state.
glue:CreateGlueIdentityCenterConfiguration,Glue,WRITE,MEDIUM,5,Creates or modifies AWS resources or service state.
cloudformation:GetTemplate,CloudFormation,READ,LOW,2,Primarily reads or inspects AWS state/data.
ec2:CreateFlowLogs,EC2,WRITE,MEDIUM,5,Creates or modifies AWS resources or service state.
ec2:CreateTransitGatewayRouteTable,EC2,WRITE,MEDIUM,5,Creates or modifies AWS resources or service state.
iam:DeleteOpenIDConnectProvider,IAM,DELETE,HIGH,8,"Can remove, terminate, or destroy AWS resources/data."
logs:GetDeliveryDestinationPolicy,CloudWatch Logs,PERMISSION_CHANGE,CRITICAL,10,Can change authorization or grant/restrict permissions.
ec2:DescribeIpamPoolAllocations,EC2,READ,LOW,2,Primarily reads or inspects AWS state/data.
ssm:DescribeMaintenanceWindows,Systems Manager,READ,LOW,2,Primarily reads or inspects AWS state/data.
ec2:DeleteCarrierGateway,EC2,DELETE,HIGH,8,"Can remove, terminate, or destroy AWS resources/data."
glue:UpdateTableOptimizer,Glue,WRITE,MEDIUM,5,Creates or modifies AWS resources or service state.
ec2:ModifyVpcEndpointServiceConfiguration,EC2,WRITE,MEDIUM,5,Creates or modifies AWS resources or service state.
iam:GetServiceLinkedRoleDeletionStatus,IAM,READ,LOW,2,Primarily reads or inspects AWS state/data.
logs:CreateDelivery,CloudWatch Logs,WRITE,MEDIUM,5,Creates or modifies AWS resources or service state.
redshift:DeleteClusterParameterGroup,Redshift,DELETE,HIGH,8,"Can remove, terminate, or destroy AWS resources/data."
glue:BatchGetJobs,Glue,READ,LOW,2,Primarily reads or inspects AWS state/data.
cognito-idp:UpdateUserAttributes,Cognito Identity,IDENTITY,HIGH,9,"Can create, modify, or remove an identity or credential."
iam:GetOutboundWebIdentityFederationInfo,IAM,READ,LOW,2,Primarily reads or inspects AWS state/data.
glue:DeleteTrigger,Glue,DELETE,HIGH,8,"Can remove, terminate, or destroy AWS resources/data."
ecr:RegisterPullTimeUpdateExclusion,ECR,WRITE,MEDIUM,5,Creates or modifies AWS resources or service state.
sns:GetSMSAttributes,SNS,READ,LOW,2,Primarily reads or inspects AWS state/data.
redshift:ModifySnapshotCopyRetentionPeriod,Redshift,WRITE,MEDIUM,5,Creates or modifies AWS resources or service state.
iam:PutGroupPolicy,IAM,PERMISSION_CHANGE,CRITICAL,10,Can change authorization or grant/restrict permissions.
s3:PutPublicAccessBlock,S3,WRITE,MEDIUM,5,Creates or modifies AWS resources or service state.
sagemaker:DeleteMlflowTrackingServer,SageMaker,DELETE,HIGH,8,"Can remove, terminate, or destroy AWS resources/data."
iam:DeleteRole,IAM,IDENTITY,HIGH,9,"Can create, modify, or remove an identity or credential."
ec2:DescribeMovingAddresses,EC2,READ,LOW,2,Primarily reads or inspects AWS state/data.
sagemaker:CreateAutoMLJob,SageMaker,WRITE,MEDIUM,5,Creates or modifies AWS resources or service state.
events:UpdateConnection,EventBridge,WRITE,MEDIUM,5,Creates or modifies AWS resources or service state.
redshift:DescribeInboundIntegrations,Redshift,READ,LOW,2,Primarily reads or inspects AWS state/data.
ec2:CreateManagedPrefixList,EC2,WRITE,MEDIUM,5,Creates or modifies AWS resources or service state.
apigatewayv2:UpdateDomainName,API Gateway V2,WRITE,MEDIUM,5,Creates or modifies AWS resources or service state.
sns:PublishBatch,SNS,WRITE,MEDIUM,5,Creates or modifies AWS resources or service state.
cloudwatch:PutInsightRule,CloudWatch,WRITE,MEDIUM,5,Creates or modifies AWS resources or service state.
kms:CancelKeyDeletion,KMS,MODIFY,MEDIUM,5,Changes or disables an existing resource/service state.
ssm:DescribeMaintenanceWindowsForTarget,Systems Manager,READ,LOW,2,Primarily reads or inspects AWS state/data.
redshift:DescribeHsmConfigurations,Redshift,READ,LOW,2,Primarily reads or inspects AWS state/data.
lambda:InvokeAsync,Lambda,WRITE,MEDIUM,5,Creates or modifies AWS resources or service state.
apigatewayv2:CreateAuthorizer,API Gateway V2,PERMISSION_CHANGE,CRITICAL,10,Can change authorization or grant/restrict permissions.
cloudformation:PublishType,CloudFormation,WRITE,MEDIUM,5,Creates or modifies AWS resources or service state.
comprehend:DescribeDominantLanguageDetectionJob,Comprehend,READ,LOW,2,Primarily reads or inspects AWS state/data.
dynamodb:DeleteBackup,DynamoDB,DELETE,HIGH,8,"Can remove, terminate, or destroy AWS resources/data."
ec2:GetManagedPrefixListAssociations,EC2,READ,LOW,2,Primarily reads or inspects AWS state/data.
ec2:GetIpamPrefixListResolverVersions,EC2,READ,LOW,2,Primarily reads or inspects AWS state/data.
logs:UntagResource,CloudWatch Logs,TAGGING,LOW,3,Changes resource tags or metadata.
ec2:ModifyVpnTunnelCertificate,EC2,WRITE,MEDIUM,5,Creates or modifies AWS resources or service state.
dynamodb:ListContributorInsights,DynamoDB,READ,LOW,2,Primarily reads or inspects AWS state/data.
logs:DeleteDataProtectionPolicy,CloudWatch Logs,PERMISSION_CHANGE,CRITICAL,10,Can change authorization or grant/restrict permissions.
cloudformation:GetTemplateSummary,CloudFormation,READ,LOW,2,Primarily reads or inspects AWS state/data.
cloudtrail:DeleteDashboard,CloudTrail,DELETE,HIGH,8,"Can remove, terminate, or destroy AWS resources/data."
kinesis:RemoveTagsFromStream,Kinesis,DELETE,HIGH,8,"Can remove, terminate, or destroy AWS resources/data."
ssm:GetOpsSummary,Systems Manager,READ,LOW,2,Primarily reads or inspects AWS state/data.
ec2:GetIpamPrefixListResolverRules,EC2,READ,LOW,2,Primarily reads or inspects AWS state/data.
guardduty:ListDetectors,GuardDuty,READ,LOW,2,Primarily reads or inspects AWS state/data.
cloudtrail:CreateDashboard,CloudTrail,WRITE,MEDIUM,5,Creates or modifies AWS resources or service state.
route53:GetHealthCheckLastFailureReason,Route 53,READ,LOW,2,Primarily reads or inspects AWS state/data.
cloudformation:DescribeStackResources,CloudFormation,READ,LOW,2,Primarily reads or inspects AWS state/data.
ec2:GetIpamPolicyAllocationRules,EC2,PERMISSION_CHANGE,CRITICAL,10,Can change authorization or grant/restrict permissions.
apigateway:GetModels,API Gateway,READ,LOW,2,Primarily reads or inspects AWS state/data.
cloudformation:DescribePublisher,CloudFormation,READ,LOW,2,Primarily reads or inspects AWS state/data.
ec2:DescribeInstanceAttribute,EC2,READ,LOW,2,Primarily reads or inspects AWS state/data.
ec2:CreateIpamPool,EC2,WRITE,MEDIUM,5,Creates or modifies AWS resources or service state.
lambda:GetFunctionEventInvokeConfig,Lambda,READ,LOW,2,Primarily reads or inspects AWS state/data.
glue:UpdateDataQualityRuleset,Glue,WRITE,MEDIUM,5,Creates or modifies AWS resources or service state.
ec2:StopInstances,EC2,MODIFY,MEDIUM,5,Changes or disables an existing resource/service state.
ec2:DescribeCapacityBlockExtensionHistory,EC2,READ,LOW,2,Primarily reads or inspects AWS state/data.
lambda:ListAliases,Lambda,READ,LOW,2,Primarily reads or inspects AWS state/data.
sagemaker:DescribePipelineExecution,SageMaker,READ,LOW,2,Primarily reads or inspects AWS state/data.
apigateway:GetDocumentationPart,API Gateway,READ,LOW,2,Primarily reads or inspects AWS state/data.
eks:ListTagsForResource,EKS,READ,LOW,2,Primarily reads or inspects AWS state/data.
sagemaker:CreateTrial,SageMaker,WRITE,MEDIUM,5,Creates or modifies AWS resources or service state.
ecs:DeregisterContainerInstance,ECS,OTHER,MEDIUM,5,Project-defined review required for this operation.
comprehend:UntagResource,Comprehend,TAGGING,LOW,3,Changes resource tags or metadata.
iam:ListOpenIDConnectProviders,IAM,READ,LOW,2,Primarily reads or inspects AWS state/data.
eks:AssociateAccessPolicy,EKS,PERMISSION_CHANGE,CRITICAL,10,Can change authorization or grant/restrict permissions.
redshift:ModifyAuthenticationProfile,Redshift,WRITE,MEDIUM,5,Creates or modifies AWS resources or service state.
autoscaling:SetInstanceHealth,Auto Scaling,WRITE,MEDIUM,5,Creates or modifies AWS resources or service state.
secretsmanager:DescribeSecret,Secrets Manager,READ,LOW,2,Primarily reads or inspects AWS state/data.
iam:ListPolicyTags,IAM,PERMISSION_CHANGE,CRITICAL,10,Can change authorization or grant/restrict permissions.
logs:DescribeImportTaskBatches,CloudWatch Logs,READ,LOW,2,Primarily reads or inspects AWS state/data.
logs:DeleteLogAnomalyDetector,CloudWatch Logs,DELETE,HIGH,8,"Can remove, terminate, or destroy AWS resources/data."
sagemaker:DeleteImageVersion,SageMaker,DELETE,HIGH,8,"Can remove, terminate, or destroy AWS resources/data."
ssm:CreateDocument,Systems Manager,WRITE,MEDIUM,5,Creates or modifies AWS resources or service state.
apigateway:TestInvokeAuthorizer,API Gateway,PERMISSION_CHANGE,CRITICAL,10,Can change authorization or grant/restrict permissions.
ec2:ModifyIdFormat,EC2,WRITE,MEDIUM,5,Creates or modifies AWS resources or service state.
ec2:ModifyVpcAttribute,EC2,WRITE,MEDIUM,5,Creates or modifies AWS resources or service state.
ecs:ListTagsForResource,ECS,READ,LOW,2,Primarily reads or inspects AWS state/data.
s3:GetObject,S3,READ,LOW,2,Primarily reads or inspects AWS state/data.
eks:ListUpdates,EKS,READ,LOW,2,Primarily reads or inspects AWS state/data.
logs:GetLogAnomalyDetector,CloudWatch Logs,READ,LOW,2,Primarily reads or inspects AWS state/data.
sts:GetFederationToken,STS,READ,LOW,2,Primarily reads or inspects AWS state/data.
ssm:UpdatePatchBaseline,Systems Manager,WRITE,MEDIUM,5,Creates or modifies AWS resources or service state.
ec2:DescribeFleets,EC2,READ,LOW,2,Primarily reads or inspects AWS state/data.
bedrock:ListModelCopyJobs,Bedrock,READ,LOW,2,Primarily reads or inspects AWS state/data.
glue:DeleteDevEndpoint,Glue,DELETE,HIGH,8,"Can remove, terminate, or destroy AWS resources/data."
glue:GetColumnStatisticsForTable,Glue,READ,LOW,2,Primarily reads or inspects AWS state/data.
glue:GetCrawlerMetrics,Glue,READ,LOW,2,Primarily reads or inspects AWS state/data.
route53:UpdateHealthCheck,Route 53,WRITE,MEDIUM,5,Creates or modifies AWS resources or service state.
sagemaker:ListModelPackageGroups,SageMaker,READ,LOW,2,Primarily reads or inspects AWS state/data.
ec2:DeleteCustomerGateway,EC2,DELETE,HIGH,8,"Can remove, terminate, or destroy AWS resources/data."
guardduty:CreateSampleFindings,GuardDuty,WRITE,MEDIUM,5,Creates or modifies AWS resources or service state.
events:DeleteEventBus,EventBridge,DELETE,HIGH,8,"Can remove, terminate, or destroy AWS resources/data."
ec2:DescribeVerifiedAccessInstanceLoggingConfigurations,EC2,READ,LOW,2,Primarily reads or inspects AWS state/data.
opensearch:DissociatePackages,OpenSearch,OTHER,MEDIUM,5,Project-defined review required for this operation.
ec2:ModifyTransitGateway,EC2,WRITE,MEDIUM,5,Creates or modifies AWS resources or service state.
eks:RegisterCluster,EKS,WRITE,MEDIUM,5,Creates or modifies AWS resources or service state.
ec2:DescribeManagedPrefixLists,EC2,READ,LOW,2,Primarily reads or inspects AWS state/data.
glue:DeleteGlueIdentityCenterConfiguration,Glue,DELETE,HIGH,8,"Can remove, terminate, or destroy AWS resources/data."
sqs:ListDeadLetterSourceQueues,SQS,READ,LOW,2,Primarily reads or inspects AWS state/data.
events:PutPartnerEvents,EventBridge,WRITE,MEDIUM,5,Creates or modifies AWS resources or service state.
logs:UpdateDeliveryConfiguration,CloudWatch Logs,WRITE,MEDIUM,5,Creates or modifies AWS resources or service state.
opensearch:ListDataSources,OpenSearch,READ,LOW,2,Primarily reads or inspects AWS state/data.
opensearch:CreateVpcEndpoint,OpenSearch,WRITE,MEDIUM,5,Creates or modifies AWS resources or service state.
apigateway:GetBasePathMapping,API Gateway,READ,LOW,2,Primarily reads or inspects AWS state/data.
glue:UpdateIntegrationTableProperties,Glue,WRITE,MEDIUM,5,Creates or modifies AWS resources or service state.
s3:DeleteBucketReplication,S3,DELETE,HIGH,8,"Can remove, terminate, or destroy AWS resources/data."
apigateway:GenerateClientCertificate,API Gateway,OTHER,MEDIUM,5,Project-defined review required for this operation.
cognito-idp:GetCSVHeader,Cognito Identity,READ,LOW,2,Primarily reads or inspects AWS state/data.
rds:DescribeDBClusterSnapshots,RDS,READ,LOW,2,Primarily reads or inspects AWS state/data.
lambda:AddPermission,Lambda,PERMISSION_CHANGE,CRITICAL,10,Can change authorization or grant/restrict permissions.
sagemaker:DeleteEdgeDeploymentPlan,SageMaker,DELETE,HIGH,8,"Can remove, terminate, or destroy AWS resources/data."
firehose:PutRecord,Kinesis Firehose,WRITE,MEDIUM,5,Creates or modifies AWS resources or service state.
ecs:DescribeServiceDeployments,ECS,READ,LOW,2,Primarily reads or inspects AWS state/data.
apigatewayv2:GetDeployment,API Gateway V2,READ,LOW,2,Primarily reads or inspects AWS state/data.
redshift:ModifyEventSubscription,Redshift,WRITE,MEDIUM,5,Creates or modifies AWS resources or service state.
secretsmanager:PutSecretValue,Secrets Manager,SECURITY_SENSITIVE,HIGH,8,Can expose or manipulate sensitive security material/access.
kinesis:StartStreamEncryption,Kinesis,WRITE,MEDIUM,5,Creates or modifies AWS resources or service state.
rds:DescribeOptionGroupOptions,RDS,READ,LOW,2,Primarily reads or inspects AWS state/data.
autoscaling:EnableMetricsCollection,Auto Scaling,WRITE,MEDIUM,5,Creates or modifies AWS resources or service state.
sagemaker:DescribeCompilationJob,SageMaker,READ,LOW,2,Primarily reads or inspects AWS state/data.
iam:ListPolicies,IAM,READ,LOW,2,Primarily reads or inspects AWS state/data.
ssm:DescribeDocumentPermission,Systems Manager,PERMISSION_CHANGE,CRITICAL,10,Can change authorization or grant/restrict permissions.
comprehend:CreateDataset,Comprehend,WRITE,MEDIUM,5,Creates or modifies AWS resources or service state.
dynamodb:UpdateTimeToLive,DynamoDB,WRITE,MEDIUM,5,Creates or modifies AWS resources or service state.
apigateway:CreateBasePathMapping,API Gateway,WRITE,MEDIUM,5,Creates or modifies AWS resources or service state.
autoscaling:CreateOrUpdateTags,Auto Scaling,WRITE,MEDIUM,5,Creates or modifies AWS resources or service state.
glue:DeleteMLTransform,Glue,DELETE,HIGH,8,"Can remove, terminate, or destroy AWS resources/data."
logs:DescribeLookupTables,CloudWatch Logs,READ,LOW,2,Primarily reads or inspects AWS state/data.
ec2:DisableTransitGatewayRouteTablePropagation,EC2,MODIFY,MEDIUM,5,Changes or disables an existing resource/service state.
sagemaker:CreateHubContentReference,SageMaker,WRITE,MEDIUM,5,Creates or modifies AWS resources or service state.
opensearch:ListDomainsForPackage,OpenSearch,READ,LOW,2,Primarily reads or inspects AWS state/data.
sagemaker:CreateStudioLifecycleConfig,SageMaker,WRITE,MEDIUM,5,Creates or modifies AWS resources or service state.
ec2:GetTransitGatewayPrefixListReferences,EC2,READ,LOW,2,Primarily reads or inspects AWS state/data.
cognito-idp:AdminForgetDevice,Cognito Identity,OTHER,MEDIUM,5,Project-defined review required for this operation.
redshift:DescribeHsmClientCertificates,Redshift,READ,LOW,2,Primarily reads or inspects AWS state/data.
ec2:DescribeCapacityBlockExtensionOfferings,EC2,READ,LOW,2,Primarily reads or inspects AWS state/data.
eks:DeleteAccessEntry,EKS,DELETE,HIGH,8,"Can remove, terminate, or destroy AWS resources/data."
logs:DeleteDeliveryDestination,CloudWatch Logs,DELETE,HIGH,8,"Can remove, terminate, or destroy AWS resources/data."
logs:PutBearerTokenAuthentication,CloudWatch Logs,WRITE,MEDIUM,5,Creates or modifies AWS resources or service state.
ec2:DisableVpcClassicLink,EC2,MODIFY,MEDIUM,5,Changes or disables an existing resource/service state.
ec2:ResetEbsDefaultKmsKeyId,EC2,OTHER,MEDIUM,5,Project-defined review required for this operation.
ecs:DeregisterTaskDefinition,ECS,OTHER,MEDIUM,5,Project-defined review required for this operation.
kms:GenerateDataKey,KMS,SECURITY_SENSITIVE,HIGH,8,Can expose or manipulate sensitive security material/access.
ec2:CreateSubnetCidrReservation,EC2,WRITE,MEDIUM,5,Creates or modifies AWS resources or service state.
autoscaling:DescribeTags,Auto Scaling,READ,LOW,2,Primarily reads or inspects AWS state/data.
athena:ListNamedQueries,Athena,READ,LOW,2,Primarily reads or inspects AWS state/data.
rds:DescribeEngineDefaultClusterParameters,RDS,READ,LOW,2,Primarily reads or inspects AWS state/data.
route53:DisassociateVPCFromHostedZone,Route 53,MODIFY,MEDIUM,5,Changes or disables an existing resource/service state.
guardduty:ListThreatIntelSets,GuardDuty,READ,LOW,2,Primarily reads or inspects AWS state/data.
cloudtrail:GetEventDataStore,CloudTrail,READ,LOW,2,Primarily reads or inspects AWS state/data.
sagemaker:ListInferenceRecommendationsJobs,SageMaker,READ,LOW,2,Primarily reads or inspects AWS state/data.
sqs:ReceiveMessage,SQS,OTHER,MEDIUM,5,Project-defined review required for this operation.
rds:RevokeDBSecurityGroupIngress,RDS,PERMISSION_CHANGE,CRITICAL,10,Can change authorization or grant/restrict permissions.
bedrock:BatchDeleteEvaluationJob,Bedrock,OTHER,MEDIUM,5,Project-defined review required for this operation.
bedrock:GetModelCopyJob,Bedrock,READ,LOW,2,Primarily reads or inspects AWS state/data.
rds:RestoreDBClusterFromSnapshot,RDS,WRITE,MEDIUM,5,Creates or modifies AWS resources or service state.
rds:ApplyPendingMaintenanceAction,RDS,OTHER,MEDIUM,5,Project-defined review required for this operation.
sagemaker:StopPipelineExecution,SageMaker,MODIFY,MEDIUM,5,Changes or disables an existing resource/service state.
glue:UpdateUserDefinedFunction,Glue,IDENTITY,HIGH,9,"Can create, modify, or remove an identity or credential."
