row_id,user_id,split
1,synthetic-user-001,test
2,synthetic-user-001,test
3,synthetic-user-001,test
4,synthetic-user-001,test
5,synthetic-user-001,test
6,synthetic-user-001,test
7,synthetic-user-001,test
8,synthetic-user-001,test
9,synthetic-user-001,test
10,synthetic-user-001,test
11,synthetic-user-001,test
12,synthetic-user-001,test
13,synthetic-user-001,test
14,synthetic-user-001,test
15,synthetic-user-001,test
16,synthetic-user-001,test
17,synthetic-user-001,test
18,synthetic-user-001,test
19,synthetic-user-001,test
20,synthetic-user-001,test
21,synthetic-user-001,test
22,synthetic-user-001,test
23,synthetic-user-001,test
24,synthetic-user-001,test
25,synthetic-user-001,test
26,synthetic-user-001,test
27,synthetic-user-001,test
28,synthetic-user-001,test
29,synthetic-user-001,test
30,synthetic-user-001,test
31,synthetic-user-001,test
32,synthetic-user-001,test
33,synthetic-user-001,test
34,synthetic-user-001,test
35,synthetic-user-001,test
36,synthetic-user-001,test
37,synthetic-user-001,test
38,synthetic-user-001,test
39,synthetic-user-001,test
40,synthetic-user-001,test
41,synthetic-user-001,test
42,synthetic-user-001,test
43,synthetic-user-001,test
44,synthetic-user-001,test
45,synthetic-user-001,test
46,synthetic-user-001,test
47,synthetic-user-001,test
48,synthetic-user-001,test
49,synthetic-user-001,test
50,synthetic-user-001,test
51,synthetic-user-001,test
52,synthetic-user-001,test
53,synthetic-user-001,test
54,synthetic-user-001,test
55,synthetic-user-001,test
56,synthetic-user-001,test
57,synthetic-user-001,test
58,synthetic-user-001,test
59,synthetic-user-001,test
60,synthetic-user-001,test
61,synthetic-user-001,test
62,synthetic-user-001,test
63,synthetic-user-001,test
64,synthetic-user-001,test
65,synthetic-user-001,test
66,synthetic-user-001,test
67,synthetic-user-001,test
68,synthetic-user-001,test
69,synthetic-user-001,test
70,synthetic-user-001,test
71,synthetic-user-001,test
72,synthetic-user-001,test
73,synthetic-user-001,test
74,synthetic-user-001,test
75,synthetic-user-001,test
76,synthetic-user-001,test
77,synthetic-user-001,test
78,synthetic-user-001,test
79,synthetic-user-001,test
80,synthetic-user-001,test
81,synthetic-user-001,test
82,synthetic-user-001,test
83,synthetic-user-001,test
84,synthetic-user-001,test
85,synthetic-user-001,test
86,synthetic-user-001,test
87,synthetic-user-001,test
88,synthetic-user-001,test
89,synthetic-user-001,test
90,synthetic-user-001,test
91,synthetic-user-001,test
92,synthetic-user-001,test
93,synthetic-user-001,test
94,synthetic-user-001,test
95,synthetic-user-001,test
96,synthetic-user-001,test
97,synthetic-user-001,test
98,synthetic-user-001,test
99,synthetic-user-001,test
100,synthetic-user-001,test
101,synthetic-user-001,test
102,synthetic-user-001,test
103,synthetic-user-001,test
104,synthetic-user-001,test
105,synthetic-user-001,test
106,synthetic-user-001,test
107,synthetic-user-001,test
108,synthetic-user-001,test
109,synthetic-user-001,test
110,synthetic-user-001,test
111,synthetic-user-001,test
112,synthetic-user-001,test
113,synthetic-user-001,test
114,synthetic-user-001,test
115,synthetic-user-001,test
116,synthetic-user-001,test
117,synthetic-user-001,test
118,synthetic-user-001,test
119,synthetic-user-001,test
120,synthetic-user-001,test
121,synthetic-user-001,test
122,synthetic-user-001,test
123,synthetic-user-001,test
124,synthetic-user-001,test
125,synthetic-user-001,test
126,synthetic-user-001,test
127,synthetic-user-001,test
128,synthetic-user-001,test
129,synthetic-user-001,test
130,synthetic-user-001,test
131,synthetic-user-001,test
132,synthetic-user-001,test
133,synthetic-user-001,test
134,synthetic-user-001,test
135,synthetic-user-001,test
136,synthetic-user-001,test
137,synthetic-user-001,test
138,synthetic-user-001,test
139,synthetic-user-001,test
140,synthetic-user-001,test
141,synthetic-user-001,test
142,synthetic-user-001,test
143,synthetic-user-001,test
144,synthetic-user-001,test
145,synthetic-user-001,test
146,synthetic-user-001,test
147,synthetic-user-001,test
148,synthetic-user-001,test
149,synthetic-user-001,test
150,synthetic-user-001,test
151,synthetic-user-001,test
152,synthetic-user-001,test
153,synthetic-user-001,test
154,synthetic-user-001,test
155,synthetic-user-001,test
156,synthetic-user-001,test
157,synthetic-user-001,test
158,synthetic-user-001,test
159,synthetic-user-001,test
160,synthetic-user-001,test
161,synthetic-user-001,test
162,synthetic-user-001,test
163,synthetic-user-001,test
164,synthetic-user-001,test
165,synthetic-user-001,test
166,synthetic-user-001,test
167,synthetic-user-001,test
168,synthetic-user-001,test
169,synthetic-user-001,test
170,synthetic-user-001,test
171,synthetic-user-001,test
172,synthetic-user-001,test
173,synthetic-user-001,test
174,synthetic-user-001,test
175,synthetic-user-001,test
176,synthetic-user-001,test
177,synthetic-user-001,test
178,synthetic-user-001,test
179,synthetic-user-001,test
180,synthetic-user-001,test
181,synthetic-user-001,test
182,synthetic-user-001,test
183,synthetic-user-001,test
184,synthetic-user-001,test
185,synthetic-user-001,test
186,synthetic-user-001,test
187,synthetic-user-001,test
188,synthetic-user-001,test
189,synthetic-user-001,test
190,synthetic-user-001,test
191,synthetic-user-001,test
192,synthetic-user-001,test
193,synthetic-user-001,test
194,synthetic-user-001,test
195,synthetic-user-001,test
196,synthetic-user-001,test
197,synthetic-user-001,test
198,synthetic-user-001,test
199,synthetic-user-001,test
200,synthetic-user-001,test
201,synthetic-user-002,validation
202,synthetic-user-002,validation
203,synthetic-user-002,validation
204,synthetic-user-002,validation
205,synthetic-user-002,validation
206,synthetic-user-002,validation
207,synthetic-user-002,validation
208,synthetic-user-002,validation
209,synthetic-user-002,validation
210,synthetic-user-002,validation
211,synthetic-user-002,validation
212,synthetic-user-002,validation
213,synthetic-user-002,validation
214,synthetic-user-002,validation
215,synthetic-user-002,validation
216,synthetic-user-002,validation
217,synthetic-user-002,validation
218,synthetic-user-002,validation
219,synthetic-user-002,validation
220,synthetic-user-002,validation
221,synthetic-user-002,validation
222,synthetic-user-002,validation
223,synthetic-user-002,validation
224,synthetic-user-002,validation
225,synthetic-user-002,validation
226,synthetic-user-002,validation
227,synthetic-user-002,validation
228,synthetic-user-002,validation
229,synthetic-user-002,validation
230,synthetic-user-002,validation
231,synthetic-user-002,validation
232,synthetic-user-002,validation
233,synthetic-user-002,validation
234,synthetic-user-002,validation
235,synthetic-user-002,validation
236,synthetic-user-002,validation
237,synthetic-user-002,validation
238,synthetic-user-002,validation
239,synthetic-user-002,validation
240,synthetic-user-002,validation
241,synthetic-user-002,validation
242,synthetic-user-002,validation
243,synthetic-user-002,validation
244,synthetic-user-002,validation
245,synthetic-user-002,validation
246,synthetic-user-002,validation
247,synthetic-user-002,validation
248,synthetic-user-002,validation
249,synthetic-user-002,validation
250,synthetic-user-002,validation
251,synthetic-user-002,validation
252,synthetic-user-002,validation
253,synthetic-user-002,validation
254,synthetic-user-002,validation
255,synthetic-user-002,validation
256,synthetic-user-002,validation
257,synthetic-user-002,validation
258,synthetic-user-002,validation
259,synthetic-user-002,validation
260,synthetic-user-002,validation
261,synthetic-user-002,validation
262,synthetic-user-002,validation
263,synthetic-user-002,validation
264,synthetic-user-002,validation
265,synthetic-user-002,validation
266,synthetic-user-002,validation
267,synthetic-user-002,validation
268,synthetic-user-002,validation
269,synthetic-user-002,validation
270,synthetic-user-002,validation
271,synthetic-user-002,validation
272,synthetic-user-002,validation
273,synthetic-user-002,validation
274,synthetic-user-002,validation
275,synthetic-user-002,validation
276,synthetic-user-002,validation
277,synthetic-user-002,validation
278,synthetic-user-002,validation
279,synthetic-user-002,validation
280,synthetic-user-002,validation
281,synthetic-user-002,validation
282,synthetic-user-002,validation
283,synthetic-user-002,validation
284,synthetic-user-002,validation
285,synthetic-user-002,validation
286,synthetic-user-002,validation
287,synthetic-user-002,validation
288,synthetic-user-002,validation
289,synthetic-user-002,validation
290,synthetic-user-002,validation
291,synthetic-user-002,validation
292,synthetic-user-002,validation
293,synthetic-user-002,validation
294,synthetic-user-002,validation
295,synthetic-user-002,validation
296,synthetic-user-002,validation
297,synthetic-user-002,validation
298,synthetic-user-002,validation
299,synthetic-user-002,validation
300,synthetic-user-002,validation
301,synthetic-user-002,validation
302,synthetic-user-002,validation
303,synthetic-user-002,validation
304,synthetic-user-002,validation
305,synthetic-user-002,validation
306,synthetic-user-002,validation
307,synthetic-user-002,validation
308,synthetic-user-002,validation
309,synthetic-user-002,validation
310,synthetic-user-002,validation
311,synthetic-user-002,validation
312,synthetic-user-002,validation
313,synthetic-user-002,validation
314,synthetic-user-002,validation
315,synthetic-user-002,validation
316,synthetic-user-002,validation
317,synthetic-user-002,validation
318,synthetic-user-002,validation
319,synthetic-user-002,validation
320,synthetic-user-002,validation
321,synthetic-user-002,validation
322,synthetic-user-002,validation
323,synthetic-user-002,validation
324,synthetic-user-002,validation
325,synthetic-user-002,validation
326,synthetic-user-002,validation
327,synthetic-user-002,validation
328,synthetic-user-002,validation
329,synthetic-user-002,validation
330,synthetic-user-002,validation
331,synthetic-user-002,validation
332,synthetic-user-002,validation
333,synthetic-user-002,validation
334,synthetic-user-002,validation
335,synthetic-user-002,validation
336,synthetic-user-002,validation
337,synthetic-user-002,validation
338,synthetic-user-002,validation
339,synthetic-user-002,validation
340,synthetic-user-002,validation
341,synthetic-user-002,validation
342,synthetic-user-002,validation
343,synthetic-user-002,validation
344,synthetic-user-002,validation
345,synthetic-user-002,validation
346,synthetic-user-002,validation
347,synthetic-user-002,validation
348,synthetic-user-002,validation
349,synthetic-user-002,validation
350,synthetic-user-002,validation
351,synthetic-user-002,validation
352,synthetic-user-002,validation
353,synthetic-user-002,validation
354,synthetic-user-002,validation
355,synthetic-user-002,validation
356,synthetic-user-002,validation
357,synthetic-user-002,validation
358,synthetic-user-002,validation
359,synthetic-user-002,validation
360,synthetic-user-002,validation
361,synthetic-user-002,validation
362,synthetic-user-002,validation
363,synthetic-user-002,validation
364,synthetic-user-002,validation
365,synthetic-user-002,validation
366,synthetic-user-002,validation
367,synthetic-user-002,validation
368,synthetic-user-002,validation
369,synthetic-user-002,validation
370,synthetic-user-002,validation
371,synthetic-user-002,validation
372,synthetic-user-002,validation
373,synthetic-user-002,validation
374,synthetic-user-002,validation
375,synthetic-user-002,validation
376,synthetic-user-002,validation
377,synthetic-user-002,validation
378,synthetic-user-002,validation
379,synthetic-user-002,validation
380,synthetic-user-002,validation
381,synthetic-user-002,validation
382,synthetic-user-002,validation
383,synthetic-user-002,validation
384,synthetic-user-002,validation
385,synthetic-user-002,validation
386,synthetic-user-002,validation
387,synthetic-user-002,validation
388,synthetic-user-002,validation
389,synthetic-user-002,validation
390,synthetic-user-002,validation
391,synthetic-user-002,validation
392,synthetic-user-002,validation
393,synthetic-user-002,validation
394,synthetic-user-002,validation
395,synthetic-user-002,validation
396,synthetic-user-002,validation
397,synthetic-user-002,validation
398,synthetic-user-002,validation
399,synthetic-user-002,validation
400,synthetic-user-002,validation
401,synthetic-user-003,train
402,synthetic-user-003,train
403,synthetic-user-003,train
404,synthetic-user-003,train
405,synthetic-user-003,train
406,synthetic-user-003,train
407,synthetic-user-003,train
408,synthetic-user-003,train
409,synthetic-user-003,train
410,synthetic-user-003,train
411,synthetic-user-003,train
412,synthetic-user-003,train
413,synthetic-user-003,train
414,synthetic-user-003,train
415,synthetic-user-003,train
416,synthetic-user-003,train
417,synthetic-user-003,train
418,synthetic-user-003,train
419,synthetic-user-003,train
420,synthetic-user-003,train
421,synthetic-user-003,train
422,synthetic-user-003,train
423,synthetic-user-003,train
424,synthetic-user-003,train
425,synthetic-user-003,train
426,synthetic-user-003,train
427,synthetic-user-003,train
428,synthetic-user-003,train
429,synthetic-user-003,train
430,synthetic-user-003,train
431,synthetic-user-003,train
432,synthetic-user-003,train
433,synthetic-user-003,train
434,synthetic-user-003,train
435,synthetic-user-003,train
436,synthetic-user-003,train
437,synthetic-user-003,train
438,synthetic-user-003,train
439,synthetic-user-003,train
440,synthetic-user-003,train
441,synthetic-user-003,train
442,synthetic-user-003,train
443,synthetic-user-003,train
444,synthetic-user-003,train
445,synthetic-user-003,train
446,synthetic-user-003,train
447,synthetic-user-003,train
448,synthetic-user-003,train
449,synthetic-user-003,train
450,synthetic-user-003,train
451,synthetic-user-003,train
452,synthetic-user-003,train
453,synthetic-user-003,train
454,synthetic-user-003,train
455,synthetic-user-003,train
456,synthetic-user-003,train
457,synthetic-user-003,train
458,synthetic-user-003,train
459,synthetic-user-003,train
460,synthetic-user-003,train
461,synthetic-user-003,train
462,synthetic-user-003,train
463,synthetic-user-003,train
464,synthetic-user-003,train
465,synthetic-user-003,train
466,synthetic-user-003,train
467,synthetic-user-003,train
468,synthetic-user-003,train
469,synthetic-user-003,train
470,synthetic-user-003,train
471,synthetic-user-003,train
472,synthetic-user-003,train
473,synthetic-user-003,train
474,synthetic-user-003,train
475,synthetic-user-003,train
476,synthetic-user-003,train
477,synthetic-user-003,train
478,synthetic-user-003,train
479,synthetic-user-003,train
480,synthetic-user-003,train
481,synthetic-user-003,train
482,synthetic-user-003,train
483,synthetic-user-003,train
484,synthetic-user-003,train
485,synthetic-user-003,train
486,synthetic-user-003,train
487,synthetic-user-003,train
488,synthetic-user-003,train
489,synthetic-user-003,train
490,synthetic-user-003,train
491,synthetic-user-003,train
492,synthetic-user-003,train
493,synthetic-user-003,train
494,synthetic-user-003,train
495,synthetic-user-003,train
496,synthetic-user-003,train
497,synthetic-user-003,train
498,synthetic-user-003,train
499,synthetic-user-003,train
500,synthetic-user-003,train
501,synthetic-user-003,train
502,synthetic-user-003,train
503,synthetic-user-003,train
504,synthetic-user-003,train
505,synthetic-user-003,train
506,synthetic-user-003,train
507,synthetic-user-003,train
508,synthetic-user-003,train
509,synthetic-user-003,train
510,synthetic-user-003,train
511,synthetic-user-003,train
512,synthetic-user-003,train
513,synthetic-user-003,train
514,synthetic-user-003,train
515,synthetic-user-003,train
516,synthetic-user-003,train
517,synthetic-user-003,train
518,synthetic-user-003,train
519,synthetic-user-003,train
520,synthetic-user-003,train
521,synthetic-user-003,train
522,synthetic-user-003,train
523,synthetic-user-003,train
524,synthetic-user-003,train
525,synthetic-user-003,train
526,synthetic-user-003,train
527,synthetic-user-003,train
528,synthetic-user-003,train
529,synthetic-user-003,train
530,synthetic-user-003,train
531,synthetic-user-003,train
532,synthetic-user-003,train
533,synthetic-user-003,train
534,synthetic-user-003,train
535,synthetic-user-003,train
536,synthetic-user-003,train
537,synthetic-user-003,train
538,synthetic-user-003,train
539,synthetic-user-003,train
540,synthetic-user-003,train
541,synthetic-user-003,train
542,synthetic-user-003,train
543,synthetic-user-003,train
544,synthetic-user-003,train
545,synthetic-user-003,train
546,synthetic-user-003,train
547,synthetic-user-003,train
548,synthetic-user-003,train
549,synthetic-user-003,train
550,synthetic-user-003,train
551,synthetic-user-003,train
552,synthetic-user-003,train
553,synthetic-user-003,train
554,synthetic-user-003,train
555,synthetic-user-003,train
556,synthetic-user-003,train
557,synthetic-user-003,train
558,synthetic-user-003,train
559,synthetic-user-003,train
560,synthetic-user-003,train
561,synthetic-user-003,train
562,synthetic-user-003,train
563,synthetic-user-003,train
564,synthetic-user-003,train
565,synthetic-user-003,train
566,synthetic-user-003,train
567,synthetic-user-003,train
568,synthetic-user-003,train
569,synthetic-user-003,train
570,synthetic-user-003,train
571,synthetic-user-003,train
572,synthetic-user-003,train
573,synthetic-user-003,train
574,synthetic-user-003,train
575,synthetic-user-003,train
576,synthetic-user-003,train
577,synthetic-user-003,train
578,synthetic-user-003,train
579,synthetic-user-003,train
580,synthetic-user-003,train
581,synthetic-user-003,train
582,synthetic-user-003,train
583,synthetic-user-003,train
584,synthetic-user-003,train
585,synthetic-user-003,train
586,synthetic-user-003,train
587,synthetic-user-003,train
588,synthetic-user-003,train
589,synthetic-user-003,train
590,synthetic-user-003,train
591,synthetic-user-003,train
592,synthetic-user-003,train
593,synthetic-user-003,train
594,synthetic-user-003,train
595,synthetic-user-003,train
596,synthetic-user-003,train
597,synthetic-user-003,train
598,synthetic-user-003,train
599,synthetic-user-003,train
600,synthetic-user-003,train
601,synthetic-user-004,train
602,synthetic-user-004,train
603,synthetic-user-004,train
604,synthetic-user-004,train
605,synthetic-user-004,train
606,synthetic-user-004,train
607,synthetic-user-004,train
608,synthetic-user-004,train
609,synthetic-user-004,train
610,synthetic-user-004,train
611,synthetic-user-004,train
612,synthetic-user-004,train
613,synthetic-user-004,train
614,synthetic-user-004,train
615,synthetic-user-004,train
616,synthetic-user-004,train
617,synthetic-user-004,train
618,synthetic-user-004,train
619,synthetic-user-004,train
620,synthetic-user-004,train
621,synthetic-user-004,train
622,synthetic-user-004,train
623,synthetic-user-004,train
624,synthetic-user-004,train
625,synthetic-user-004,train
626,synthetic-user-004,train
627,synthetic-user-004,train
628,synthetic-user-004,train
629,synthetic-user-004,train
630,synthetic-user-004,train
631,synthetic-user-004,train
632,synthetic-user-004,train
633,synthetic-user-004,train
634,synthetic-user-004,train
635,synthetic-user-004,train
636,synthetic-user-004,train
637,synthetic-user-004,train
638,synthetic-user-004,train
639,synthetic-user-004,train
640,synthetic-user-004,train
641,synthetic-user-004,train
642,synthetic-user-004,train
643,synthetic-user-004,train
644,synthetic-user-004,train
645,synthetic-user-004,train
646,synthetic-user-004,train
647,synthetic-user-004,train
648,synthetic-user-004,train
649,synthetic-user-004,train
650,synthetic-user-004,train
651,synthetic-user-004,train
652,synthetic-user-004,train
653,synthetic-user-004,train
654,synthetic-user-004,train
655,synthetic-user-004,train
656,synthetic-user-004,train
657,synthetic-user-004,train
658,synthetic-user-004,train
659,synthetic-user-004,train
660,synthetic-user-004,train
661,synthetic-user-004,train
662,synthetic-user-004,train
663,synthetic-user-004,train
664,synthetic-user-004,train
665,synthetic-user-004,train
666,synthetic-user-004,train
667,synthetic-user-004,train
668,synthetic-user-004,train
669,synthetic-user-004,train
670,synthetic-user-004,train
671,synthetic-user-004,train
672,synthetic-user-004,train
673,synthetic-user-004,train
674,synthetic-user-004,train
675,synthetic-user-004,train
676,synthetic-user-004,train
677,synthetic-user-004,train
678,synthetic-user-004,train
679,synthetic-user-004,train
680,synthetic-user-004,train
681,synthetic-user-004,train
682,synthetic-user-004,train
683,synthetic-user-004,train
684,synthetic-user-004,train
685,synthetic-user-004,train
686,synthetic-user-004,train
687,synthetic-user-004,train
688,synthetic-user-004,train
689,synthetic-user-004,train
690,synthetic-user-004,train
691,synthetic-user-004,train
692,synthetic-user-004,train
693,synthetic-user-004,train
694,synthetic-user-004,train
695,synthetic-user-004,train
696,synthetic-user-004,train
697,synthetic-user-004,train
698,synthetic-user-004,train
699,synthetic-user-004,train
700,synthetic-user-004,train
701,synthetic-user-004,train
702,synthetic-user-004,train
703,synthetic-user-004,train
704,synthetic-user-004,train
705,synthetic-user-004,train
706,synthetic-user-004,train
707,synthetic-user-004,train
708,synthetic-user-004,train
709,synthetic-user-004,train
710,synthetic-user-004,train
711,synthetic-user-004,train
712,synthetic-user-004,train
713,synthetic-user-004,train
714,synthetic-user-004,train
715,synthetic-user-004,train
716,synthetic-user-004,train
717,synthetic-user-004,train
718,synthetic-user-004,train
719,synthetic-user-004,train
720,synthetic-user-004,train
721,synthetic-user-004,train
722,synthetic-user-004,train
723,synthetic-user-004,train
724,synthetic-user-004,train
725,synthetic-user-004,train
726,synthetic-user-004,train
727,synthetic-user-004,train
728,synthetic-user-004,train
729,synthetic-user-004,train
730,synthetic-user-004,train
731,synthetic-user-004,train
732,synthetic-user-004,train
733,synthetic-user-004,train
734,synthetic-user-004,train
735,synthetic-user-004,train
736,synthetic-user-004,train
737,synthetic-user-004,train
738,synthetic-user-004,train
739,synthetic-user-004,train
740,synthetic-user-004,train
741,synthetic-user-004,train
742,synthetic-user-004,train
743,synthetic-user-004,train
744,synthetic-user-004,train
745,synthetic-user-004,train
746,synthetic-user-004,train
747,synthetic-user-004,train
748,synthetic-user-004,train
749,synthetic-user-004,train
750,synthetic-user-004,train
751,synthetic-user-004,train
752,synthetic-user-004,train
753,synthetic-user-004,train
754,synthetic-user-004,train
755,synthetic-user-004,train
756,synthetic-user-004,train
757,synthetic-user-004,train
758,synthetic-user-004,train
759,synthetic-user-004,train
760,synthetic-user-004,train
761,synthetic-user-004,train
762,synthetic-user-004,train
763,synthetic-user-004,train
764,synthetic-user-004,train
765,synthetic-user-004,train
766,synthetic-user-004,train
767,synthetic-user-004,train
768,synthetic-user-004,train
769,synthetic-user-004,train
770,synthetic-user-004,train
771,synthetic-user-004,train
772,synthetic-user-004,train
773,synthetic-user-004,train
774,synthetic-user-004,train
775,synthetic-user-004,train
776,synthetic-user-004,train
777,synthetic-user-004,train
778,synthetic-user-004,train
779,synthetic-user-004,train
780,synthetic-user-004,train
781,synthetic-user-004,train
782,synthetic-user-004,train
783,synthetic-user-004,train
784,synthetic-user-004,train
785,synthetic-user-004,train
786,synthetic-user-004,train
787,synthetic-user-004,train
788,synthetic-user-004,train
789,synthetic-user-004,train
790,synthetic-user-004,train
791,synthetic-user-004,train
792,synthetic-user-004,train
793,synthetic-user-004,train
794,synthetic-user-004,train
795,synthetic-user-004,train
796,synthetic-user-004,train
797,synthetic-user-004,train
798,synthetic-user-004,train
799,synthetic-user-004,train
800,synthetic-user-004,train
801,synthetic-user-005,train
802,synthetic-user-005,train
803,synthetic-user-005,train
804,synthetic-user-005,train
805,synthetic-user-005,train
806,synthetic-user-005,train
807,synthetic-user-005,train
808,synthetic-user-005,train
809,synthetic-user-005,train
810,synthetic-user-005,train
811,synthetic-user-005,train
812,synthetic-user-005,train
813,synthetic-user-005,train
814,synthetic-user-005,train
815,synthetic-user-005,train
816,synthetic-user-005,train
817,synthetic-user-005,train
818,synthetic-user-005,train
819,synthetic-user-005,train
820,synthetic-user-005,train
821,synthetic-user-005,train
822,synthetic-user-005,train
823,synthetic-user-005,train
824,synthetic-user-005,train
825,synthetic-user-005,train
826,synthetic-user-005,train
827,synthetic-user-005,train
828,synthetic-user-005,train
829,synthetic-user-005,train
830,synthetic-user-005,train
831,synthetic-user-005,train
832,synthetic-user-005,train
833,synthetic-user-005,train
834,synthetic-user-005,train
835,synthetic-user-005,train
836,synthetic-user-005,train
837,synthetic-user-005,train
838,synthetic-user-005,train
839,synthetic-user-005,train
840,synthetic-user-005,train
841,synthetic-user-005,train
842,synthetic-user-005,train
843,synthetic-user-005,train
844,synthetic-user-005,train
845,synthetic-user-005,train
846,synthetic-user-005,train
847,synthetic-user-005,train
848,synthetic-user-005,train
849,synthetic-user-005,train
850,synthetic-user-005,train
851,synthetic-user-005,train
852,synthetic-user-005,train
853,synthetic-user-005,train
854,synthetic-user-005,train
855,synthetic-user-005,train
856,synthetic-user-005,train
857,synthetic-user-005,train
858,synthetic-user-005,train
859,synthetic-user-005,train
860,synthetic-user-005,train
861,synthetic-user-005,train
862,synthetic-user-005,train
863,synthetic-user-005,train
864,synthetic-user-005,train
865,synthetic-user-005,train
866,synthetic-user-005,train
867,synthetic-user-005,train
868,synthetic-user-005,train
869,synthetic-user-005,train
870,synthetic-user-005,train
871,synthetic-user-005,train
872,synthetic-user-005,train
873,synthetic-user-005,train
874,synthetic-user-005,train
875,synthetic-user-005,train
876,synthetic-user-005,train
877,synthetic-user-005,train
878,synthetic-user-005,train
879,synthetic-user-005,train
880,synthetic-user-005,train
881,synthetic-user-005,train
882,synthetic-user-005,train
883,synthetic-user-005,train
884,synthetic-user-005,train
885,synthetic-user-005,train
886,synthetic-user-005,train
887,synthetic-user-005,train
888,synthetic-user-005,train
889,synthetic-user-005,train
890,synthetic-user-005,train
891,synthetic-user-005,train
892,synthetic-user-005,train
893,synthetic-user-005,train
894,synthetic-user-005,train
895,synthetic-user-005,train
896,synthetic-user-005,train
897,synthetic-user-005,train
898,synthetic-user-005,train
899,synthetic-user-005,train
900,synthetic-user-005,train
901,synthetic-user-005,train
902,synthetic-user-005,train
903,synthetic-user-005,train
904,synthetic-user-005,train
905,synthetic-user-005,train
906,synthetic-user-005,train
907,synthetic-user-005,train
908,synthetic-user-005,train
909,synthetic-user-005,train
910,synthetic-user-005,train
911,synthetic-user-005,train
912,synthetic-user-005,train
913,synthetic-user-005,train
914,synthetic-user-005,train
915,synthetic-user-005,train
916,synthetic-user-005,train
917,synthetic-user-005,train
918,synthetic-user-005,train
919,synthetic-user-005,train
920,synthetic-user-005,train
921,synthetic-user-005,train
922,synthetic-user-005,train
923,synthetic-user-005,train
924,synthetic-user-005,train
925,synthetic-user-005,train
926,synthetic-user-005,train
927,synthetic-user-005,train
928,synthetic-user-005,train
929,synthetic-user-005,train
930,synthetic-user-005,train
931,synthetic-user-005,train
932,synthetic-user-005,train
933,synthetic-user-005,train
934,synthetic-user-005,train
935,synthetic-user-005,train
936,synthetic-user-005,train
937,synthetic-user-005,train
938,synthetic-user-005,train
939,synthetic-user-005,train
940,synthetic-user-005,train
941,synthetic-user-005,train
942,synthetic-user-005,train
943,synthetic-user-005,train
944,synthetic-user-005,train
945,synthetic-user-005,train
946,synthetic-user-005,train
947,synthetic-user-005,train
948,synthetic-user-005,train
949,synthetic-user-005,train
950,synthetic-user-005,train
951,synthetic-user-005,train
952,synthetic-user-005,train
953,synthetic-user-005,train
954,synthetic-user-005,train
955,synthetic-user-005,train
956,synthetic-user-005,train
957,synthetic-user-005,train
958,synthetic-user-005,train
959,synthetic-user-005,train
960,synthetic-user-005,train
961,synthetic-user-005,train
962,synthetic-user-005,train
963,synthetic-user-005,train
964,synthetic-user-005,train
965,synthetic-user-005,train
966,synthetic-user-005,train
967,synthetic-user-005,train
968,synthetic-user-005,train
969,synthetic-user-005,train
970,synthetic-user-005,train
971,synthetic-user-005,train
972,synthetic-user-005,train
973,synthetic-user-005,train
974,synthetic-user-005,train
975,synthetic-user-005,train
976,synthetic-user-005,train
977,synthetic-user-005,train
978,synthetic-user-005,train
979,synthetic-user-005,train
980,synthetic-user-005,train
981,synthetic-user-005,train
982,synthetic-user-005,train
983,synthetic-user-005,train
984,synthetic-user-005,train
985,synthetic-user-005,train
986,synthetic-user-005,train
987,synthetic-user-005,train
988,synthetic-user-005,train
989,synthetic-user-005,train
990,synthetic-user-005,train
991,synthetic-user-005,train
992,synthetic-user-005,train
993,synthetic-user-005,train
994,synthetic-user-005,train
995,synthetic-user-005,train
996,synthetic-user-005,train
997,synthetic-user-005,train
998,synthetic-user-005,train
999,synthetic-user-005,train
1000,synthetic-user-005,train
1001,synthetic-user-006,test
1002,synthetic-user-006,test
1003,synthetic-user-006,test
1004,synthetic-user-006,test
1005,synthetic-user-006,test
1006,synthetic-user-006,test
1007,synthetic-user-006,test
1008,synthetic-user-006,test
1009,synthetic-user-006,test
1010,synthetic-user-006,test
1011,synthetic-user-006,test
1012,synthetic-user-006,test
1013,synthetic-user-006,test
1014,synthetic-user-006,test
1015,synthetic-user-006,test
1016,synthetic-user-006,test
1017,synthetic-user-006,test
1018,synthetic-user-006,test
1019,synthetic-user-006,test
1020,synthetic-user-006,test
1021,synthetic-user-006,test
1022,synthetic-user-006,test
1023,synthetic-user-006,test
1024,synthetic-user-006,test
1025,synthetic-user-006,test
1026,synthetic-user-006,test
1027,synthetic-user-006,test
1028,synthetic-user-006,test
1029,synthetic-user-006,test
1030,synthetic-user-006,test
1031,synthetic-user-006,test
1032,synthetic-user-006,test
1033,synthetic-user-006,test
1034,synthetic-user-006,test
1035,synthetic-user-006,test
1036,synthetic-user-006,test
1037,synthetic-user-006,test
1038,synthetic-user-006,test
1039,synthetic-user-006,test
1040,synthetic-user-006,test
1041,synthetic-user-006,test
1042,synthetic-user-006,test
1043,synthetic-user-006,test
1044,synthetic-user-006,test
1045,synthetic-user-006,test
1046,synthetic-user-006,test
1047,synthetic-user-006,test
1048,synthetic-user-006,test
1049,synthetic-user-006,test
1050,synthetic-user-006,test
1051,synthetic-user-006,test
1052,synthetic-user-006,test
1053,synthetic-user-006,test
1054,synthetic-user-006,test
1055,synthetic-user-006,test
1056,synthetic-user-006,test
1057,synthetic-user-006,test
1058,synthetic-user-006,test
1059,synthetic-user-006,test
1060,synthetic-user-006,test
1061,synthetic-user-006,test
1062,synthetic-user-006,test
1063,synthetic-user-006,test
1064,synthetic-user-006,test
1065,synthetic-user-006,test
1066,synthetic-user-006,test
1067,synthetic-user-006,test
1068,synthetic-user-006,test
1069,synthetic-user-006,test
1070,synthetic-user-006,test
1071,synthetic-user-006,test
1072,synthetic-user-006,test
1073,synthetic-user-006,test
1074,synthetic-user-006,test
1075,synthetic-user-006,test
1076,synthetic-user-006,test
1077,synthetic-user-006,test
1078,synthetic-user-006,test
1079,synthetic-user-006,test
1080,synthetic-user-006,test
1081,synthetic-user-006,test
1082,synthetic-user-006,test
1083,synthetic-user-006,test
1084,synthetic-user-006,test
1085,synthetic-user-006,test
1086,synthetic-user-006,test
1087,synthetic-user-006,test
1088,synthetic-user-006,test
1089,synthetic-user-006,test
1090,synthetic-user-006,test
1091,synthetic-user-006,test
1092,synthetic-user-006,test
1093,synthetic-user-006,test
1094,synthetic-user-006,test
1095,synthetic-user-006,test
1096,synthetic-user-006,test
1097,synthetic-user-006,test
1098,synthetic-user-006,test
1099,synthetic-user-006,test
1100,synthetic-user-006,test
1101,synthetic-user-006,test
1102,synthetic-user-006,test
1103,synthetic-user-006,test
1104,synthetic-user-006,test
1105,synthetic-user-006,test
1106,synthetic-user-006,test
1107,synthetic-user-006,test
1108,synthetic-user-006,test
1109,synthetic-user-006,test
1110,synthetic-user-006,test
1111,synthetic-user-006,test
1112,synthetic-user-006,test
1113,synthetic-user-006,test
1114,synthetic-user-006,test
1115,synthetic-user-006,test
1116,synthetic-user-006,test
1117,synthetic-user-006,test
1118,synthetic-user-006,test
1119,synthetic-user-006,test
1120,synthetic-user-006,test
1121,synthetic-user-006,test
1122,synthetic-user-006,test
1123,synthetic-user-006,test
1124,synthetic-user-006,test
1125,synthetic-user-006,test
1126,synthetic-user-006,test
1127,synthetic-user-006,test
1128,synthetic-user-006,test
1129,synthetic-user-006,test
1130,synthetic-user-006,test
1131,synthetic-user-006,test
1132,synthetic-user-006,test
1133,synthetic-user-006,test
1134,synthetic-user-006,test
1135,synthetic-user-006,test
1136,synthetic-user-006,test
1137,synthetic-user-006,test
1138,synthetic-user-006,test
1139,synthetic-user-006,test
1140,synthetic-user-006,test
1141,synthetic-user-006,test
1142,synthetic-user-006,test
1143,synthetic-user-006,test
1144,synthetic-user-006,test
1145,synthetic-user-006,test
1146,synthetic-user-006,test
1147,synthetic-user-006,test
1148,synthetic-user-006,test
1149,synthetic-user-006,test
1150,synthetic-user-006,test
1151,synthetic-user-006,test
1152,synthetic-user-006,test
1153,synthetic-user-006,test
1154,synthetic-user-006,test
1155,synthetic-user-006,test
1156,synthetic-user-006,test
1157,synthetic-user-006,test
1158,synthetic-user-006,test
1159,synthetic-user-006,test
1160,synthetic-user-006,test
1161,synthetic-user-006,test
1162,synthetic-user-006,test
1163,synthetic-user-006,test
1164,synthetic-user-006,test
1165,synthetic-user-006,test
1166,synthetic-user-006,test
1167,synthetic-user-006,test
1168,synthetic-user-006,test
1169,synthetic-user-006,test
1170,synthetic-user-006,test
1171,synthetic-user-006,test
1172,synthetic-user-006,test
1173,synthetic-user-006,test
1174,synthetic-user-006,test
1175,synthetic-user-006,test
1176,synthetic-user-006,test
1177,synthetic-user-006,test
1178,synthetic-user-006,test
1179,synthetic-user-006,test
1180,synthetic-user-006,test
1181,synthetic-user-006,test
1182,synthetic-user-006,test
1183,synthetic-user-006,test
1184,synthetic-user-006,test
1185,synthetic-user-006,test
1186,synthetic-user-006,test
1187,synthetic-user-006,test
1188,synthetic-user-006,test
1189,synthetic-user-006,test
1190,synthetic-user-006,test
1191,synthetic-user-006,test
1192,synthetic-user-006,test
1193,synthetic-user-006,test
1194,synthetic-user-006,test
1195,synthetic-user-006,test
1196,synthetic-user-006,test
1197,synthetic-user-006,test
1198,synthetic-user-006,test
1199,synthetic-user-006,test
1200,synthetic-user-006,test
1201,synthetic-user-007,validation
1202,synthetic-user-007,validation
1203,synthetic-user-007,validation
1204,synthetic-user-007,validation
1205,synthetic-user-007,validation
1206,synthetic-user-007,validation
1207,synthetic-user-007,validation
1208,synthetic-user-007,validation
1209,synthetic-user-007,validation
1210,synthetic-user-007,validation
1211,synthetic-user-007,validation
1212,synthetic-user-007,validation
1213,synthetic-user-007,validation
1214,synthetic-user-007,validation
1215,synthetic-user-007,validation
1216,synthetic-user-007,validation
1217,synthetic-user-007,validation
1218,synthetic-user-007,validation
1219,synthetic-user-007,validation
1220,synthetic-user-007,validation
1221,synthetic-user-007,validation
1222,synthetic-user-007,validation
1223,synthetic-user-007,validation
1224,synthetic-user-007,validation
1225,synthetic-user-007,validation
1226,synthetic-user-007,validation
1227,synthetic-user-007,validation
1228,synthetic-user-007,validation
1229,synthetic-user-007,validation
1230,synthetic-user-007,validation
1231,synthetic-user-007,validation
1232,synthetic-user-007,validation
1233,synthetic-user-007,validation
1234,synthetic-user-007,validation
1235,synthetic-user-007,validation
1236,synthetic-user-007,validation
1237,synthetic-user-007,validation
1238,synthetic-user-007,validation
1239,synthetic-user-007,validation
1240,synthetic-user-007,validation
1241,synthetic-user-007,validation
1242,synthetic-user-007,validation
1243,synthetic-user-007,validation
1244,synthetic-user-007,validation
1245,synthetic-user-007,validation
1246,synthetic-user-007,validation
1247,synthetic-user-007,validation
1248,synthetic-user-007,validation
1249,synthetic-user-007,validation
1250,synthetic-user-007,validation
1251,synthetic-user-007,validation
1252,synthetic-user-007,validation
1253,synthetic-user-007,validation
1254,synthetic-user-007,validation
1255,synthetic-user-007,validation
1256,synthetic-user-007,validation
1257,synthetic-user-007,validation
1258,synthetic-user-007,validation
1259,synthetic-user-007,validation
1260,synthetic-user-007,validation
1261,synthetic-user-007,validation
1262,synthetic-user-007,validation
1263,synthetic-user-007,validation
1264,synthetic-user-007,validation
1265,synthetic-user-007,validation
1266,synthetic-user-007,validation
1267,synthetic-user-007,validation
1268,synthetic-user-007,validation
1269,synthetic-user-007,validation
1270,synthetic-user-007,validation
1271,synthetic-user-007,validation
1272,synthetic-user-007,validation
1273,synthetic-user-007,validation
1274,synthetic-user-007,validation
1275,synthetic-user-007,validation
1276,synthetic-user-007,validation
1277,synthetic-user-007,validation
1278,synthetic-user-007,validation
1279,synthetic-user-007,validation
1280,synthetic-user-007,validation
1281,synthetic-user-007,validation
1282,synthetic-user-007,validation
1283,synthetic-user-007,validation
1284,synthetic-user-007,validation
1285,synthetic-user-007,validation
1286,synthetic-user-007,validation
1287,synthetic-user-007,validation
1288,synthetic-user-007,validation
1289,synthetic-user-007,validation
1290,synthetic-user-007,validation
1291,synthetic-user-007,validation
1292,synthetic-user-007,validation
1293,synthetic-user-007,validation
1294,synthetic-user-007,validation
1295,synthetic-user-007,validation
1296,synthetic-user-007,validation
1297,synthetic-user-007,validation
1298,synthetic-user-007,validation
1299,synthetic-user-007,validation
1300,synthetic-user-007,validation
1301,synthetic-user-007,validation
1302,synthetic-user-007,validation
1303,synthetic-user-007,validation
1304,synthetic-user-007,validation
1305,synthetic-user-007,validation
1306,synthetic-user-007,validation
1307,synthetic-user-007,validation
1308,synthetic-user-007,validation
1309,synthetic-user-007,validation
1310,synthetic-user-007,validation
1311,synthetic-user-007,validation
1312,synthetic-user-007,validation
1313,synthetic-user-007,validation
1314,synthetic-user-007,validation
1315,synthetic-user-007,validation
1316,synthetic-user-007,validation
1317,synthetic-user-007,validation
1318,synthetic-user-007,validation
1319,synthetic-user-007,validation
1320,synthetic-user-007,validation
1321,synthetic-user-007,validation
1322,synthetic-user-007,validation
1323,synthetic-user-007,validation
1324,synthetic-user-007,validation
1325,synthetic-user-007,validation
1326,synthetic-user-007,validation
1327,synthetic-user-007,validation
1328,synthetic-user-007,validation
1329,synthetic-user-007,validation
1330,synthetic-user-007,validation
1331,synthetic-user-007,validation
1332,synthetic-user-007,validation
1333,synthetic-user-007,validation
1334,synthetic-user-007,validation
1335,synthetic-user-007,validation
1336,synthetic-user-007,validation
1337,synthetic-user-007,validation
1338,synthetic-user-007,validation
1339,synthetic-user-007,validation
1340,synthetic-user-007,validation
1341,synthetic-user-007,validation
1342,synthetic-user-007,validation
1343,synthetic-user-007,validation
1344,synthetic-user-007,validation
1345,synthetic-user-007,validation
1346,synthetic-user-007,validation
1347,synthetic-user-007,validation
1348,synthetic-user-007,validation
1349,synthetic-user-007,validation
1350,synthetic-user-007,validation
1351,synthetic-user-007,validation
1352,synthetic-user-007,validation
1353,synthetic-user-007,validation
1354,synthetic-user-007,validation
1355,synthetic-user-007,validation
1356,synthetic-user-007,validation
1357,synthetic-user-007,validation
1358,synthetic-user-007,validation
1359,synthetic-user-007,validation
1360,synthetic-user-007,validation
1361,synthetic-user-007,validation
1362,synthetic-user-007,validation
1363,synthetic-user-007,validation
1364,synthetic-user-007,validation
1365,synthetic-user-007,validation
1366,synthetic-user-007,validation
1367,synthetic-user-007,validation
1368,synthetic-user-007,validation
1369,synthetic-user-007,validation
1370,synthetic-user-007,validation
1371,synthetic-user-007,validation
1372,synthetic-user-007,validation
1373,synthetic-user-007,validation
1374,synthetic-user-007,validation
1375,synthetic-user-007,validation
1376,synthetic-user-007,validation
1377,synthetic-user-007,validation
1378,synthetic-user-007,validation
1379,synthetic-user-007,validation
1380,synthetic-user-007,validation
1381,synthetic-user-007,validation
1382,synthetic-user-007,validation
1383,synthetic-user-007,validation
1384,synthetic-user-007,validation
1385,synthetic-user-007,validation
1386,synthetic-user-007,validation
1387,synthetic-user-007,validation
1388,synthetic-user-007,validation
1389,synthetic-user-007,validation
1390,synthetic-user-007,validation
1391,synthetic-user-007,validation
1392,synthetic-user-007,validation
1393,synthetic-user-007,validation
1394,synthetic-user-007,validation
1395,synthetic-user-007,validation
1396,synthetic-user-007,validation
1397,synthetic-user-007,validation
1398,synthetic-user-007,validation
1399,synthetic-user-007,validation
1400,synthetic-user-007,validation
1401,synthetic-user-008,train
1402,synthetic-user-008,train
1403,synthetic-user-008,train
1404,synthetic-user-008,train
1405,synthetic-user-008,train
1406,synthetic-user-008,train
1407,synthetic-user-008,train
1408,synthetic-user-008,train
1409,synthetic-user-008,train
1410,synthetic-user-008,train
1411,synthetic-user-008,train
1412,synthetic-user-008,train
1413,synthetic-user-008,train
1414,synthetic-user-008,train
1415,synthetic-user-008,train
1416,synthetic-user-008,train
1417,synthetic-user-008,train
1418,synthetic-user-008,train
1419,synthetic-user-008,train
1420,synthetic-user-008,train
1421,synthetic-user-008,train
1422,synthetic-user-008,train
1423,synthetic-user-008,train
1424,synthetic-user-008,train
1425,synthetic-user-008,train
1426,synthetic-user-008,train
1427,synthetic-user-008,train
1428,synthetic-user-008,train
1429,synthetic-user-008,train
1430,synthetic-user-008,train
1431,synthetic-user-008,train
1432,synthetic-user-008,train
1433,synthetic-user-008,train
1434,synthetic-user-008,train
1435,synthetic-user-008,train
1436,synthetic-user-008,train
1437,synthetic-user-008,train
1438,synthetic-user-008,train
1439,synthetic-user-008,train
1440,synthetic-user-008,train
1441,synthetic-user-008,train
1442,synthetic-user-008,train
1443,synthetic-user-008,train
1444,synthetic-user-008,train
1445,synthetic-user-008,train
1446,synthetic-user-008,train
1447,synthetic-user-008,train
1448,synthetic-user-008,train
1449,synthetic-user-008,train
1450,synthetic-user-008,train
1451,synthetic-user-008,train
1452,synthetic-user-008,train
1453,synthetic-user-008,train
1454,synthetic-user-008,train
1455,synthetic-user-008,train
1456,synthetic-user-008,train
1457,synthetic-user-008,train
1458,synthetic-user-008,train
1459,synthetic-user-008,train
1460,synthetic-user-008,train
1461,synthetic-user-008,train
1462,synthetic-user-008,train
1463,synthetic-user-008,train
1464,synthetic-user-008,train
1465,synthetic-user-008,train
1466,synthetic-user-008,train
1467,synthetic-user-008,train
1468,synthetic-user-008,train
1469,synthetic-user-008,train
1470,synthetic-user-008,train
1471,synthetic-user-008,train
1472,synthetic-user-008,train
1473,synthetic-user-008,train
1474,synthetic-user-008,train
1475,synthetic-user-008,train
1476,synthetic-user-008,train
1477,synthetic-user-008,train
1478,synthetic-user-008,train
1479,synthetic-user-008,train
1480,synthetic-user-008,train
1481,synthetic-user-008,train
1482,synthetic-user-008,train
1483,synthetic-user-008,train
1484,synthetic-user-008,train
1485,synthetic-user-008,train
1486,synthetic-user-008,train
1487,synthetic-user-008,train
1488,synthetic-user-008,train
1489,synthetic-user-008,train
1490,synthetic-user-008,train
1491,synthetic-user-008,train
1492,synthetic-user-008,train
1493,synthetic-user-008,train
1494,synthetic-user-008,train
1495,synthetic-user-008,train
1496,synthetic-user-008,train
1497,synthetic-user-008,train
1498,synthetic-user-008,train
1499,synthetic-user-008,train
1500,synthetic-user-008,train
1501,synthetic-user-008,train
1502,synthetic-user-008,train
1503,synthetic-user-008,train
1504,synthetic-user-008,train
1505,synthetic-user-008,train
1506,synthetic-user-008,train
1507,synthetic-user-008,train
1508,synthetic-user-008,train
1509,synthetic-user-008,train
1510,synthetic-user-008,train
1511,synthetic-user-008,train
1512,synthetic-user-008,train
1513,synthetic-user-008,train
1514,synthetic-user-008,train
1515,synthetic-user-008,train
1516,synthetic-user-008,train
1517,synthetic-user-008,train
1518,synthetic-user-008,train
1519,synthetic-user-008,train
1520,synthetic-user-008,train
1521,synthetic-user-008,train
1522,synthetic-user-008,train
1523,synthetic-user-008,train
1524,synthetic-user-008,train
1525,synthetic-user-008,train
1526,synthetic-user-008,train
1527,synthetic-user-008,train
1528,synthetic-user-008,train
1529,synthetic-user-008,train
1530,synthetic-user-008,train
1531,synthetic-user-008,train
1532,synthetic-user-008,train
1533,synthetic-user-008,train
1534,synthetic-user-008,train
1535,synthetic-user-008,train
1536,synthetic-user-008,train
1537,synthetic-user-008,train
1538,synthetic-user-008,train
1539,synthetic-user-008,train
1540,synthetic-user-008,train
1541,synthetic-user-008,train
1542,synthetic-user-008,train
1543,synthetic-user-008,train
1544,synthetic-user-008,train
1545,synthetic-user-008,train
1546,synthetic-user-008,train
1547,synthetic-user-008,train
1548,synthetic-user-008,train
1549,synthetic-user-008,train
1550,synthetic-user-008,train
1551,synthetic-user-008,train
1552,synthetic-user-008,train
1553,synthetic-user-008,train
1554,synthetic-user-008,train
1555,synthetic-user-008,train
1556,synthetic-user-008,train
1557,synthetic-user-008,train
1558,synthetic-user-008,train
1559,synthetic-user-008,train
1560,synthetic-user-008,train
1561,synthetic-user-008,train
1562,synthetic-user-008,train
1563,synthetic-user-008,train
1564,synthetic-user-008,train
1565,synthetic-user-008,train
1566,synthetic-user-008,train
1567,synthetic-user-008,train
1568,synthetic-user-008,train
1569,synthetic-user-008,train
1570,synthetic-user-008,train
1571,synthetic-user-008,train
1572,synthetic-user-008,train
1573,synthetic-user-008,train
1574,synthetic-user-008,train
1575,synthetic-user-008,train
1576,synthetic-user-008,train
1577,synthetic-user-008,train
1578,synthetic-user-008,train
1579,synthetic-user-008,train
1580,synthetic-user-008,train
1581,synthetic-user-008,train
1582,synthetic-user-008,train
1583,synthetic-user-008,train
1584,synthetic-user-008,train
1585,synthetic-user-008,train
1586,synthetic-user-008,train
1587,synthetic-user-008,train
1588,synthetic-user-008,train
1589,synthetic-user-008,train
1590,synthetic-user-008,train
1591,synthetic-user-008,train
1592,synthetic-user-008,train
1593,synthetic-user-008,train
1594,synthetic-user-008,train
1595,synthetic-user-008,train
1596,synthetic-user-008,train
1597,synthetic-user-008,train
1598,synthetic-user-008,train
1599,synthetic-user-008,train
1600,synthetic-user-008,train
1601,synthetic-user-009,train
1602,synthetic-user-009,train
1603,synthetic-user-009,train
1604,synthetic-user-009,train
1605,synthetic-user-009,train
1606,synthetic-user-009,train
1607,synthetic-user-009,train
1608,synthetic-user-009,train
1609,synthetic-user-009,train
1610,synthetic-user-009,train
1611,synthetic-user-009,train
1612,synthetic-user-009,train
1613,synthetic-user-009,train
1614,synthetic-user-009,train
1615,synthetic-user-009,train
1616,synthetic-user-009,train
1617,synthetic-user-009,train
1618,synthetic-user-009,train
1619,synthetic-user-009,train
1620,synthetic-user-009,train
1621,synthetic-user-009,train
1622,synthetic-user-009,train
1623,synthetic-user-009,train
1624,synthetic-user-009,train
1625,synthetic-user-009,train
1626,synthetic-user-009,train
1627,synthetic-user-009,train
1628,synthetic-user-009,train
1629,synthetic-user-009,train
1630,synthetic-user-009,train
1631,synthetic-user-009,train
1632,synthetic-user-009,train
1633,synthetic-user-009,train
1634,synthetic-user-009,train
1635,synthetic-user-009,train
1636,synthetic-user-009,train
1637,synthetic-user-009,train
1638,synthetic-user-009,train
1639,synthetic-user-009,train
1640,synthetic-user-009,train
1641,synthetic-user-009,train
1642,synthetic-user-009,train
1643,synthetic-user-009,train
1644,synthetic-user-009,train
1645,synthetic-user-009,train
1646,synthetic-user-009,train
1647,synthetic-user-009,train
1648,synthetic-user-009,train
1649,synthetic-user-009,train
1650,synthetic-user-009,train
1651,synthetic-user-009,train
1652,synthetic-user-009,train
1653,synthetic-user-009,train
1654,synthetic-user-009,train
1655,synthetic-user-009,train
1656,synthetic-user-009,train
1657,synthetic-user-009,train
1658,synthetic-user-009,train
1659,synthetic-user-009,train
1660,synthetic-user-009,train
1661,synthetic-user-009,train
1662,synthetic-user-009,train
1663,synthetic-user-009,train
1664,synthetic-user-009,train
1665,synthetic-user-009,train
1666,synthetic-user-009,train
1667,synthetic-user-009,train
1668,synthetic-user-009,train
1669,synthetic-user-009,train
1670,synthetic-user-009,train
1671,synthetic-user-009,train
1672,synthetic-user-009,train
1673,synthetic-user-009,train
1674,synthetic-user-009,train
1675,synthetic-user-009,train
1676,synthetic-user-009,train
1677,synthetic-user-009,train
1678,synthetic-user-009,train
1679,synthetic-user-009,train
1680,synthetic-user-009,train
1681,synthetic-user-009,train
1682,synthetic-user-009,train
1683,synthetic-user-009,train
1684,synthetic-user-009,train
1685,synthetic-user-009,train
1686,synthetic-user-009,train
1687,synthetic-user-009,train
1688,synthetic-user-009,train
1689,synthetic-user-009,train
1690,synthetic-user-009,train
1691,synthetic-user-009,train
1692,synthetic-user-009,train
1693,synthetic-user-009,train
1694,synthetic-user-009,train
1695,synthetic-user-009,train
1696,synthetic-user-009,train
1697,synthetic-user-009,train
1698,synthetic-user-009,train
1699,synthetic-user-009,train
1700,synthetic-user-009,train
1701,synthetic-user-009,train
1702,synthetic-user-009,train
1703,synthetic-user-009,train
1704,synthetic-user-009,train
1705,synthetic-user-009,train
1706,synthetic-user-009,train
1707,synthetic-user-009,train
1708,synthetic-user-009,train
1709,synthetic-user-009,train
1710,synthetic-user-009,train
1711,synthetic-user-009,train
1712,synthetic-user-009,train
1713,synthetic-user-009,train
1714,synthetic-user-009,train
1715,synthetic-user-009,train
1716,synthetic-user-009,train
1717,synthetic-user-009,train
1718,synthetic-user-009,train
1719,synthetic-user-009,train
1720,synthetic-user-009,train
1721,synthetic-user-009,train
1722,synthetic-user-009,train
1723,synthetic-user-009,train
1724,synthetic-user-009,train
1725,synthetic-user-009,train
1726,synthetic-user-009,train
1727,synthetic-user-009,train
1728,synthetic-user-009,train
1729,synthetic-user-009,train
1730,synthetic-user-009,train
1731,synthetic-user-009,train
1732,synthetic-user-009,train
1733,synthetic-user-009,train
1734,synthetic-user-009,train
1735,synthetic-user-009,train
1736,synthetic-user-009,train
1737,synthetic-user-009,train
1738,synthetic-user-009,train
1739,synthetic-user-009,train
1740,synthetic-user-009,train
1741,synthetic-user-009,train
1742,synthetic-user-009,train
1743,synthetic-user-009,train
1744,synthetic-user-009,train
1745,synthetic-user-009,train
1746,synthetic-user-009,train
1747,synthetic-user-009,train
1748,synthetic-user-009,train
1749,synthetic-user-009,train
1750,synthetic-user-009,train
1751,synthetic-user-009,train
1752,synthetic-user-009,train
1753,synthetic-user-009,train
1754,synthetic-user-009,train
1755,synthetic-user-009,train
1756,synthetic-user-009,train
1757,synthetic-user-009,train
1758,synthetic-user-009,train
1759,synthetic-user-009,train
1760,synthetic-user-009,train
1761,synthetic-user-009,train
1762,synthetic-user-009,train
1763,synthetic-user-009,train
1764,synthetic-user-009,train
1765,synthetic-user-009,train
1766,synthetic-user-009,train
1767,synthetic-user-009,train
1768,synthetic-user-009,train
1769,synthetic-user-009,train
1770,synthetic-user-009,train
1771,synthetic-user-009,train
1772,synthetic-user-009,train
1773,synthetic-user-009,train
1774,synthetic-user-009,train
1775,synthetic-user-009,train
1776,synthetic-user-009,train
1777,synthetic-user-009,train
1778,synthetic-user-009,train
1779,synthetic-user-009,train
1780,synthetic-user-009,train
1781,synthetic-user-009,train
1782,synthetic-user-009,train
1783,synthetic-user-009,train
1784,synthetic-user-009,train
1785,synthetic-user-009,train
1786,synthetic-user-009,train
1787,synthetic-user-009,train
1788,synthetic-user-009,train
1789,synthetic-user-009,train
1790,synthetic-user-009,train
1791,synthetic-user-009,train
1792,synthetic-user-009,train
1793,synthetic-user-009,train
1794,synthetic-user-009,train
1795,synthetic-user-009,train
1796,synthetic-user-009,train
1797,synthetic-user-009,train
1798,synthetic-user-009,train
1799,synthetic-user-009,train
1800,synthetic-user-009,train
1801,synthetic-user-010,train
1802,synthetic-user-010,train
1803,synthetic-user-010,train
1804,synthetic-user-010,train
1805,synthetic-user-010,train
1806,synthetic-user-010,train
1807,synthetic-user-010,train
1808,synthetic-user-010,train
1809,synthetic-user-010,train
1810,synthetic-user-010,train
1811,synthetic-user-010,train
1812,synthetic-user-010,train
1813,synthetic-user-010,train
1814,synthetic-user-010,train
1815,synthetic-user-010,train
1816,synthetic-user-010,train
1817,synthetic-user-010,train
1818,synthetic-user-010,train
1819,synthetic-user-010,train
1820,synthetic-user-010,train
1821,synthetic-user-010,train
1822,synthetic-user-010,train
1823,synthetic-user-010,train
1824,synthetic-user-010,train
1825,synthetic-user-010,train
1826,synthetic-user-010,train
1827,synthetic-user-010,train
1828,synthetic-user-010,train
1829,synthetic-user-010,train
1830,synthetic-user-010,train
1831,synthetic-user-010,train
1832,synthetic-user-010,train
1833,synthetic-user-010,train
1834,synthetic-user-010,train
1835,synthetic-user-010,train
1836,synthetic-user-010,train
1837,synthetic-user-010,train
1838,synthetic-user-010,train
1839,synthetic-user-010,train
1840,synthetic-user-010,train
1841,synthetic-user-010,train
1842,synthetic-user-010,train
1843,synthetic-user-010,train
1844,synthetic-user-010,train
1845,synthetic-user-010,train
1846,synthetic-user-010,train
1847,synthetic-user-010,train
1848,synthetic-user-010,train
1849,synthetic-user-010,train
1850,synthetic-user-010,train
1851,synthetic-user-010,train
1852,synthetic-user-010,train
1853,synthetic-user-010,train
1854,synthetic-user-010,train
1855,synthetic-user-010,train
1856,synthetic-user-010,train
1857,synthetic-user-010,train
1858,synthetic-user-010,train
1859,synthetic-user-010,train
1860,synthetic-user-010,train
1861,synthetic-user-010,train
1862,synthetic-user-010,train
1863,synthetic-user-010,train
1864,synthetic-user-010,train
1865,synthetic-user-010,train
1866,synthetic-user-010,train
1867,synthetic-user-010,train
1868,synthetic-user-010,train
1869,synthetic-user-010,train
1870,synthetic-user-010,train
1871,synthetic-user-010,train
1872,synthetic-user-010,train
1873,synthetic-user-010,train
1874,synthetic-user-010,train
1875,synthetic-user-010,train
1876,synthetic-user-010,train
1877,synthetic-user-010,train
1878,synthetic-user-010,train
1879,synthetic-user-010,train
1880,synthetic-user-010,train
1881,synthetic-user-010,train
1882,synthetic-user-010,train
1883,synthetic-user-010,train
1884,synthetic-user-010,train
1885,synthetic-user-010,train
1886,synthetic-user-010,train
1887,synthetic-user-010,train
1888,synthetic-user-010,train
1889,synthetic-user-010,train
1890,synthetic-user-010,train
1891,synthetic-user-010,train
1892,synthetic-user-010,train
1893,synthetic-user-010,train
1894,synthetic-user-010,train
1895,synthetic-user-010,train
1896,synthetic-user-010,train
1897,synthetic-user-010,train
1898,synthetic-user-010,train
1899,synthetic-user-010,train
1900,synthetic-user-010,train
1901,synthetic-user-010,train
1902,synthetic-user-010,train
1903,synthetic-user-010,train
1904,synthetic-user-010,train
1905,synthetic-user-010,train
1906,synthetic-user-010,train
1907,synthetic-user-010,train
1908,synthetic-user-010,train
1909,synthetic-user-010,train
1910,synthetic-user-010,train
1911,synthetic-user-010,train
1912,synthetic-user-010,train
1913,synthetic-user-010,train
1914,synthetic-user-010,train
1915,synthetic-user-010,train
1916,synthetic-user-010,train
1917,synthetic-user-010,train
1918,synthetic-user-010,train
1919,synthetic-user-010,train
1920,synthetic-user-010,train
1921,synthetic-user-010,train
1922,synthetic-user-010,train
1923,synthetic-user-010,train
1924,synthetic-user-010,train
1925,synthetic-user-010,train
1926,synthetic-user-010,train
1927,synthetic-user-010,train
1928,synthetic-user-010,train
1929,synthetic-user-010,train
1930,synthetic-user-010,train
1931,synthetic-user-010,train
1932,synthetic-user-010,train
1933,synthetic-user-010,train
1934,synthetic-user-010,train
1935,synthetic-user-010,train
1936,synthetic-user-010,train
1937,synthetic-user-010,train
1938,synthetic-user-010,train
1939,synthetic-user-010,train
1940,synthetic-user-010,train
1941,synthetic-user-010,train
1942,synthetic-user-010,train
1943,synthetic-user-010,train
1944,synthetic-user-010,train
1945,synthetic-user-010,train
1946,synthetic-user-010,train
1947,synthetic-user-010,train
1948,synthetic-user-010,train
1949,synthetic-user-010,train
1950,synthetic-user-010,train
1951,synthetic-user-010,train
1952,synthetic-user-010,train
1953,synthetic-user-010,train
1954,synthetic-user-010,train
1955,synthetic-user-010,train
1956,synthetic-user-010,train
1957,synthetic-user-010,train
1958,synthetic-user-010,train
1959,synthetic-user-010,train
1960,synthetic-user-010,train
1961,synthetic-user-010,train
1962,synthetic-user-010,train
1963,synthetic-user-010,train
1964,synthetic-user-010,train
1965,synthetic-user-010,train
1966,synthetic-user-010,train
1967,synthetic-user-010,train
1968,synthetic-user-010,train
1969,synthetic-user-010,train
1970,synthetic-user-010,train
1971,synthetic-user-010,train
1972,synthetic-user-010,train
1973,synthetic-user-010,train
1974,synthetic-user-010,train
1975,synthetic-user-010,train
1976,synthetic-user-010,train
1977,synthetic-user-010,train
1978,synthetic-user-010,train
1979,synthetic-user-010,train
1980,synthetic-user-010,train
1981,synthetic-user-010,train
1982,synthetic-user-010,train
1983,synthetic-user-010,train
1984,synthetic-user-010,train
1985,synthetic-user-010,train
1986,synthetic-user-010,train
1987,synthetic-user-010,train
1988,synthetic-user-010,train
1989,synthetic-user-010,train
1990,synthetic-user-010,train
1991,synthetic-user-010,train
1992,synthetic-user-010,train
1993,synthetic-user-010,train
1994,synthetic-user-010,train
1995,synthetic-user-010,train
1996,synthetic-user-010,train
1997,synthetic-user-010,train
1998,synthetic-user-010,train
1999,synthetic-user-010,train
2000,synthetic-user-010,train
2001,synthetic-user-011,test
2002,synthetic-user-011,test
2003,synthetic-user-011,test
2004,synthetic-user-011,test
2005,synthetic-user-011,test
2006,synthetic-user-011,test
2007,synthetic-user-011,test
2008,synthetic-user-011,test
2009,synthetic-user-011,test
2010,synthetic-user-011,test
2011,synthetic-user-011,test
2012,synthetic-user-011,test
2013,synthetic-user-011,test
2014,synthetic-user-011,test
2015,synthetic-user-011,test
2016,synthetic-user-011,test
2017,synthetic-user-011,test
2018,synthetic-user-011,test
2019,synthetic-user-011,test
2020,synthetic-user-011,test
2021,synthetic-user-011,test
2022,synthetic-user-011,test
2023,synthetic-user-011,test
2024,synthetic-user-011,test
2025,synthetic-user-011,test
2026,synthetic-user-011,test
2027,synthetic-user-011,test
2028,synthetic-user-011,test
2029,synthetic-user-011,test
2030,synthetic-user-011,test
2031,synthetic-user-011,test
2032,synthetic-user-011,test
2033,synthetic-user-011,test
2034,synthetic-user-011,test
2035,synthetic-user-011,test
2036,synthetic-user-011,test
2037,synthetic-user-011,test
2038,synthetic-user-011,test
2039,synthetic-user-011,test
2040,synthetic-user-011,test
2041,synthetic-user-011,test
2042,synthetic-user-011,test
2043,synthetic-user-011,test
2044,synthetic-user-011,test
2045,synthetic-user-011,test
2046,synthetic-user-011,test
2047,synthetic-user-011,test
2048,synthetic-user-011,test
2049,synthetic-user-011,test
2050,synthetic-user-011,test
2051,synthetic-user-011,test
2052,synthetic-user-011,test
2053,synthetic-user-011,test
2054,synthetic-user-011,test
2055,synthetic-user-011,test
2056,synthetic-user-011,test
2057,synthetic-user-011,test
2058,synthetic-user-011,test
2059,synthetic-user-011,test
2060,synthetic-user-011,test
2061,synthetic-user-011,test
2062,synthetic-user-011,test
2063,synthetic-user-011,test
2064,synthetic-user-011,test
2065,synthetic-user-011,test
2066,synthetic-user-011,test
2067,synthetic-user-011,test
2068,synthetic-user-011,test
2069,synthetic-user-011,test
2070,synthetic-user-011,test
2071,synthetic-user-011,test
2072,synthetic-user-011,test
2073,synthetic-user-011,test
2074,synthetic-user-011,test
2075,synthetic-user-011,test
2076,synthetic-user-011,test
2077,synthetic-user-011,test
2078,synthetic-user-011,test
2079,synthetic-user-011,test
2080,synthetic-user-011,test
2081,synthetic-user-011,test
2082,synthetic-user-011,test
2083,synthetic-user-011,test
2084,synthetic-user-011,test
2085,synthetic-user-011,test
2086,synthetic-user-011,test
2087,synthetic-user-011,test
2088,synthetic-user-011,test
2089,synthetic-user-011,test
2090,synthetic-user-011,test
2091,synthetic-user-011,test
2092,synthetic-user-011,test
2093,synthetic-user-011,test
2094,synthetic-user-011,test
2095,synthetic-user-011,test
2096,synthetic-user-011,test
2097,synthetic-user-011,test
2098,synthetic-user-011,test
2099,synthetic-user-011,test
2100,synthetic-user-011,test
2101,synthetic-user-011,test
2102,synthetic-user-011,test
2103,synthetic-user-011,test
2104,synthetic-user-011,test
2105,synthetic-user-011,test
2106,synthetic-user-011,test
2107,synthetic-user-011,test
2108,synthetic-user-011,test
2109,synthetic-user-011,test
2110,synthetic-user-011,test
2111,synthetic-user-011,test
2112,synthetic-user-011,test
2113,synthetic-user-011,test
2114,synthetic-user-011,test
2115,synthetic-user-011,test
2116,synthetic-user-011,test
2117,synthetic-user-011,test
2118,synthetic-user-011,test
2119,synthetic-user-011,test
2120,synthetic-user-011,test
2121,synthetic-user-011,test
2122,synthetic-user-011,test
2123,synthetic-user-011,test
2124,synthetic-user-011,test
2125,synthetic-user-011,test
2126,synthetic-user-011,test
2127,synthetic-user-011,test
2128,synthetic-user-011,test
2129,synthetic-user-011,test
2130,synthetic-user-011,test
2131,synthetic-user-011,test
2132,synthetic-user-011,test
2133,synthetic-user-011,test
2134,synthetic-user-011,test
2135,synthetic-user-011,test
2136,synthetic-user-011,test
2137,synthetic-user-011,test
2138,synthetic-user-011,test
2139,synthetic-user-011,test
2140,synthetic-user-011,test
2141,synthetic-user-011,test
2142,synthetic-user-011,test
2143,synthetic-user-011,test
2144,synthetic-user-011,test
2145,synthetic-user-011,test
2146,synthetic-user-011,test
2147,synthetic-user-011,test
2148,synthetic-user-011,test
2149,synthetic-user-011,test
2150,synthetic-user-011,test
2151,synthetic-user-011,test
2152,synthetic-user-011,test
2153,synthetic-user-011,test
2154,synthetic-user-011,test
2155,synthetic-user-011,test
2156,synthetic-user-011,test
2157,synthetic-user-011,test
2158,synthetic-user-011,test
2159,synthetic-user-011,test
2160,synthetic-user-011,test
2161,synthetic-user-011,test
2162,synthetic-user-011,test
2163,synthetic-user-011,test
2164,synthetic-user-011,test
2165,synthetic-user-011,test
2166,synthetic-user-011,test
2167,synthetic-user-011,test
2168,synthetic-user-011,test
2169,synthetic-user-011,test
2170,synthetic-user-011,test
2171,synthetic-user-011,test
2172,synthetic-user-011,test
2173,synthetic-user-011,test
2174,synthetic-user-011,test
2175,synthetic-user-011,test
2176,synthetic-user-011,test
2177,synthetic-user-011,test
2178,synthetic-user-011,test
2179,synthetic-user-011,test
2180,synthetic-user-011,test
2181,synthetic-user-011,test
2182,synthetic-user-011,test
2183,synthetic-user-011,test
2184,synthetic-user-011,test
2185,synthetic-user-011,test
2186,synthetic-user-011,test
2187,synthetic-user-011,test
2188,synthetic-user-011,test
2189,synthetic-user-011,test
2190,synthetic-user-011,test
2191,synthetic-user-011,test
2192,synthetic-user-011,test
2193,synthetic-user-011,test
2194,synthetic-user-011,test
2195,synthetic-user-011,test
2196,synthetic-user-011,test
2197,synthetic-user-011,test
2198,synthetic-user-011,test
2199,synthetic-user-011,test
2200,synthetic-user-011,test
2201,synthetic-user-012,train
2202,synthetic-user-012,train
2203,synthetic-user-012,train
2204,synthetic-user-012,train
2205,synthetic-user-012,train
2206,synthetic-user-012,train
2207,synthetic-user-012,train
2208,synthetic-user-012,train
2209,synthetic-user-012,train
2210,synthetic-user-012,train
2211,synthetic-user-012,train
2212,synthetic-user-012,train
2213,synthetic-user-012,train
2214,synthetic-user-012,train
2215,synthetic-user-012,train
2216,synthetic-user-012,train
2217,synthetic-user-012,train
2218,synthetic-user-012,train
2219,synthetic-user-012,train
2220,synthetic-user-012,train
2221,synthetic-user-012,train
2222,synthetic-user-012,train
2223,synthetic-user-012,train
2224,synthetic-user-012,train
2225,synthetic-user-012,train
2226,synthetic-user-012,train
2227,synthetic-user-012,train
2228,synthetic-user-012,train
2229,synthetic-user-012,train
2230,synthetic-user-012,train
2231,synthetic-user-012,train
2232,synthetic-user-012,train
2233,synthetic-user-012,train
2234,synthetic-user-012,train
2235,synthetic-user-012,train
2236,synthetic-user-012,train
2237,synthetic-user-012,train
2238,synthetic-user-012,train
2239,synthetic-user-012,train
2240,synthetic-user-012,train
2241,synthetic-user-012,train
2242,synthetic-user-012,train
2243,synthetic-user-012,train
2244,synthetic-user-012,train
2245,synthetic-user-012,train
2246,synthetic-user-012,train
2247,synthetic-user-012,train
2248,synthetic-user-012,train
2249,synthetic-user-012,train
2250,synthetic-user-012,train
2251,synthetic-user-012,train
2252,synthetic-user-012,train
2253,synthetic-user-012,train
2254,synthetic-user-012,train
2255,synthetic-user-012,train
2256,synthetic-user-012,train
2257,synthetic-user-012,train
2258,synthetic-user-012,train
2259,synthetic-user-012,train
2260,synthetic-user-012,train
2261,synthetic-user-012,train
2262,synthetic-user-012,train
2263,synthetic-user-012,train
2264,synthetic-user-012,train
2265,synthetic-user-012,train
2266,synthetic-user-012,train
2267,synthetic-user-012,train
2268,synthetic-user-012,train
2269,synthetic-user-012,train
2270,synthetic-user-012,train
2271,synthetic-user-012,train
2272,synthetic-user-012,train
2273,synthetic-user-012,train
2274,synthetic-user-012,train
2275,synthetic-user-012,train
2276,synthetic-user-012,train
2277,synthetic-user-012,train
2278,synthetic-user-012,train
2279,synthetic-user-012,train
2280,synthetic-user-012,train
2281,synthetic-user-012,train
2282,synthetic-user-012,train
2283,synthetic-user-012,train
2284,synthetic-user-012,train
2285,synthetic-user-012,train
2286,synthetic-user-012,train
2287,synthetic-user-012,train
2288,synthetic-user-012,train
2289,synthetic-user-012,train
2290,synthetic-user-012,train
2291,synthetic-user-012,train
2292,synthetic-user-012,train
2293,synthetic-user-012,train
2294,synthetic-user-012,train
2295,synthetic-user-012,train
2296,synthetic-user-012,train
2297,synthetic-user-012,train
2298,synthetic-user-012,train
2299,synthetic-user-012,train
2300,synthetic-user-012,train
2301,synthetic-user-012,train
2302,synthetic-user-012,train
2303,synthetic-user-012,train
2304,synthetic-user-012,train
2305,synthetic-user-012,train
2306,synthetic-user-012,train
2307,synthetic-user-012,train
2308,synthetic-user-012,train
2309,synthetic-user-012,train
2310,synthetic-user-012,train
2311,synthetic-user-012,train
2312,synthetic-user-012,train
2313,synthetic-user-012,train
2314,synthetic-user-012,train
2315,synthetic-user-012,train
2316,synthetic-user-012,train
2317,synthetic-user-012,train
2318,synthetic-user-012,train
2319,synthetic-user-012,train
2320,synthetic-user-012,train
2321,synthetic-user-012,train
2322,synthetic-user-012,train
2323,synthetic-user-012,train
2324,synthetic-user-012,train
2325,synthetic-user-012,train
2326,synthetic-user-012,train
2327,synthetic-user-012,train
2328,synthetic-user-012,train
2329,synthetic-user-012,train
2330,synthetic-user-012,train
2331,synthetic-user-012,train
2332,synthetic-user-012,train
2333,synthetic-user-012,train
2334,synthetic-user-012,train
2335,synthetic-user-012,train
2336,synthetic-user-012,train
2337,synthetic-user-012,train
2338,synthetic-user-012,train
2339,synthetic-user-012,train
2340,synthetic-user-012,train
2341,synthetic-user-012,train
2342,synthetic-user-012,train
2343,synthetic-user-012,train
2344,synthetic-user-012,train
2345,synthetic-user-012,train
2346,synthetic-user-012,train
2347,synthetic-user-012,train
2348,synthetic-user-012,train
2349,synthetic-user-012,train
2350,synthetic-user-012,train
2351,synthetic-user-012,train
2352,synthetic-user-012,train
2353,synthetic-user-012,train
2354,synthetic-user-012,train
2355,synthetic-user-012,train
2356,synthetic-user-012,train
2357,synthetic-user-012,train
2358,synthetic-user-012,train
2359,synthetic-user-012,train
2360,synthetic-user-012,train
2361,synthetic-user-012,train
2362,synthetic-user-012,train
2363,synthetic-user-012,train
2364,synthetic-user-012,train
2365,synthetic-user-012,train
2366,synthetic-user-012,train
2367,synthetic-user-012,train
2368,synthetic-user-012,train
2369,synthetic-user-012,train
2370,synthetic-user-012,train
2371,synthetic-user-012,train
2372,synthetic-user-012,train
2373,synthetic-user-012,train
2374,synthetic-user-012,train
2375,synthetic-user-012,train
2376,synthetic-user-012,train
2377,synthetic-user-012,train
2378,synthetic-user-012,train
2379,synthetic-user-012,train
2380,synthetic-user-012,train
2381,synthetic-user-012,train
2382,synthetic-user-012,train
2383,synthetic-user-012,train
2384,synthetic-user-012,train
2385,synthetic-user-012,train
2386,synthetic-user-012,train
2387,synthetic-user-012,train
2388,synthetic-user-012,train
2389,synthetic-user-012,train
2390,synthetic-user-012,train
2391,synthetic-user-012,train
2392,synthetic-user-012,train
2393,synthetic-user-012,train
2394,synthetic-user-012,train
2395,synthetic-user-012,train
2396,synthetic-user-012,train
2397,synthetic-user-012,train
2398,synthetic-user-012,train
2399,synthetic-user-012,train
2400,synthetic-user-012,train
2401,synthetic-user-013,validation
2402,synthetic-user-013,validation
2403,synthetic-user-013,validation
2404,synthetic-user-013,validation
2405,synthetic-user-013,validation
2406,synthetic-user-013,validation
2407,synthetic-user-013,validation
2408,synthetic-user-013,validation
2409,synthetic-user-013,validation
2410,synthetic-user-013,validation
2411,synthetic-user-013,validation
2412,synthetic-user-013,validation
2413,synthetic-user-013,validation
2414,synthetic-user-013,validation
2415,synthetic-user-013,validation
2416,synthetic-user-013,validation
2417,synthetic-user-013,validation
2418,synthetic-user-013,validation
2419,synthetic-user-013,validation
2420,synthetic-user-013,validation
2421,synthetic-user-013,validation
2422,synthetic-user-013,validation
2423,synthetic-user-013,validation
2424,synthetic-user-013,validation
2425,synthetic-user-013,validation
2426,synthetic-user-013,validation
2427,synthetic-user-013,validation
2428,synthetic-user-013,validation
2429,synthetic-user-013,validation
2430,synthetic-user-013,validation
2431,synthetic-user-013,validation
2432,synthetic-user-013,validation
2433,synthetic-user-013,validation
2434,synthetic-user-013,validation
2435,synthetic-user-013,validation
2436,synthetic-user-013,validation
2437,synthetic-user-013,validation
2438,synthetic-user-013,validation
2439,synthetic-user-013,validation
2440,synthetic-user-013,validation
2441,synthetic-user-013,validation
2442,synthetic-user-013,validation
2443,synthetic-user-013,validation
2444,synthetic-user-013,validation
2445,synthetic-user-013,validation
2446,synthetic-user-013,validation
2447,synthetic-user-013,validation
2448,synthetic-user-013,validation
2449,synthetic-user-013,validation
2450,synthetic-user-013,validation
2451,synthetic-user-013,validation
2452,synthetic-user-013,validation
2453,synthetic-user-013,validation
2454,synthetic-user-013,validation
2455,synthetic-user-013,validation
2456,synthetic-user-013,validation
2457,synthetic-user-013,validation
2458,synthetic-user-013,validation
2459,synthetic-user-013,validation
2460,synthetic-user-013,validation
2461,synthetic-user-013,validation
2462,synthetic-user-013,validation
2463,synthetic-user-013,validation
2464,synthetic-user-013,validation
2465,synthetic-user-013,validation
2466,synthetic-user-013,validation
2467,synthetic-user-013,validation
2468,synthetic-user-013,validation
2469,synthetic-user-013,validation
2470,synthetic-user-013,validation
2471,synthetic-user-013,validation
2472,synthetic-user-013,validation
2473,synthetic-user-013,validation
2474,synthetic-user-013,validation
2475,synthetic-user-013,validation
2476,synthetic-user-013,validation
2477,synthetic-user-013,validation
2478,synthetic-user-013,validation
2479,synthetic-user-013,validation
2480,synthetic-user-013,validation
2481,synthetic-user-013,validation
2482,synthetic-user-013,validation
2483,synthetic-user-013,validation
2484,synthetic-user-013,validation
2485,synthetic-user-013,validation
2486,synthetic-user-013,validation
2487,synthetic-user-013,validation
2488,synthetic-user-013,validation
2489,synthetic-user-013,validation
2490,synthetic-user-013,validation
2491,synthetic-user-013,validation
2492,synthetic-user-013,validation
2493,synthetic-user-013,validation
2494,synthetic-user-013,validation
2495,synthetic-user-013,validation
2496,synthetic-user-013,validation
2497,synthetic-user-013,validation
2498,synthetic-user-013,validation
2499,synthetic-user-013,validation
2500,synthetic-user-013,validation
2501,synthetic-user-013,validation
2502,synthetic-user-013,validation
2503,synthetic-user-013,validation
2504,synthetic-user-013,validation
2505,synthetic-user-013,validation
2506,synthetic-user-013,validation
2507,synthetic-user-013,validation
2508,synthetic-user-013,validation
2509,synthetic-user-013,validation
2510,synthetic-user-013,validation
2511,synthetic-user-013,validation
2512,synthetic-user-013,validation
2513,synthetic-user-013,validation
2514,synthetic-user-013,validation
2515,synthetic-user-013,validation
2516,synthetic-user-013,validation
2517,synthetic-user-013,validation
2518,synthetic-user-013,validation
2519,synthetic-user-013,validation
2520,synthetic-user-013,validation
2521,synthetic-user-013,validation
2522,synthetic-user-013,validation
2523,synthetic-user-013,validation
2524,synthetic-user-013,validation
2525,synthetic-user-013,validation
2526,synthetic-user-013,validation
2527,synthetic-user-013,validation
2528,synthetic-user-013,validation
2529,synthetic-user-013,validation
2530,synthetic-user-013,validation
2531,synthetic-user-013,validation
2532,synthetic-user-013,validation
2533,synthetic-user-013,validation
2534,synthetic-user-013,validation
2535,synthetic-user-013,validation
2536,synthetic-user-013,validation
2537,synthetic-user-013,validation
2538,synthetic-user-013,validation
2539,synthetic-user-013,validation
2540,synthetic-user-013,validation
2541,synthetic-user-013,validation
2542,synthetic-user-013,validation
2543,synthetic-user-013,validation
2544,synthetic-user-013,validation
2545,synthetic-user-013,validation
2546,synthetic-user-013,validation
2547,synthetic-user-013,validation
2548,synthetic-user-013,validation
2549,synthetic-user-013,validation
2550,synthetic-user-013,validation
2551,synthetic-user-013,validation
2552,synthetic-user-013,validation
2553,synthetic-user-013,validation
2554,synthetic-user-013,validation
2555,synthetic-user-013,validation
2556,synthetic-user-013,validation
2557,synthetic-user-013,validation
2558,synthetic-user-013,validation
2559,synthetic-user-013,validation
2560,synthetic-user-013,validation
2561,synthetic-user-013,validation
2562,synthetic-user-013,validation
2563,synthetic-user-013,validation
2564,synthetic-user-013,validation
2565,synthetic-user-013,validation
2566,synthetic-user-013,validation
2567,synthetic-user-013,validation
2568,synthetic-user-013,validation
2569,synthetic-user-013,validation
2570,synthetic-user-013,validation
2571,synthetic-user-013,validation
2572,synthetic-user-013,validation
2573,synthetic-user-013,validation
2574,synthetic-user-013,validation
2575,synthetic-user-013,validation
2576,synthetic-user-013,validation
2577,synthetic-user-013,validation
2578,synthetic-user-013,validation
2579,synthetic-user-013,validation
2580,synthetic-user-013,validation
2581,synthetic-user-013,validation
2582,synthetic-user-013,validation
2583,synthetic-user-013,validation
2584,synthetic-user-013,validation
2585,synthetic-user-013,validation
2586,synthetic-user-013,validation
2587,synthetic-user-013,validation
2588,synthetic-user-013,validation
2589,synthetic-user-013,validation
2590,synthetic-user-013,validation
2591,synthetic-user-013,validation
2592,synthetic-user-013,validation
2593,synthetic-user-013,validation
2594,synthetic-user-013,validation
2595,synthetic-user-013,validation
2596,synthetic-user-013,validation
2597,synthetic-user-013,validation
2598,synthetic-user-013,validation
2599,synthetic-user-013,validation
2600,synthetic-user-013,validation
2601,synthetic-user-014,train
2602,synthetic-user-014,train
2603,synthetic-user-014,train
2604,synthetic-user-014,train
2605,synthetic-user-014,train
2606,synthetic-user-014,train
2607,synthetic-user-014,train
2608,synthetic-user-014,train
2609,synthetic-user-014,train
2610,synthetic-user-014,train
2611,synthetic-user-014,train
2612,synthetic-user-014,train
2613,synthetic-user-014,train
2614,synthetic-user-014,train
2615,synthetic-user-014,train
2616,synthetic-user-014,train
2617,synthetic-user-014,train
2618,synthetic-user-014,train
2619,synthetic-user-014,train
2620,synthetic-user-014,train
2621,synthetic-user-014,train
2622,synthetic-user-014,train
2623,synthetic-user-014,train
2624,synthetic-user-014,train
2625,synthetic-user-014,train
2626,synthetic-user-014,train
2627,synthetic-user-014,train
2628,synthetic-user-014,train
2629,synthetic-user-014,train
2630,synthetic-user-014,train
2631,synthetic-user-014,train
2632,synthetic-user-014,train
2633,synthetic-user-014,train
2634,synthetic-user-014,train
2635,synthetic-user-014,train
2636,synthetic-user-014,train
2637,synthetic-user-014,train
2638,synthetic-user-014,train
2639,synthetic-user-014,train
2640,synthetic-user-014,train
2641,synthetic-user-014,train
2642,synthetic-user-014,train
2643,synthetic-user-014,train
2644,synthetic-user-014,train
2645,synthetic-user-014,train
2646,synthetic-user-014,train
2647,synthetic-user-014,train
2648,synthetic-user-014,train
2649,synthetic-user-014,train
2650,synthetic-user-014,train
2651,synthetic-user-014,train
2652,synthetic-user-014,train
2653,synthetic-user-014,train
2654,synthetic-user-014,train
2655,synthetic-user-014,train
2656,synthetic-user-014,train
2657,synthetic-user-014,train
2658,synthetic-user-014,train
2659,synthetic-user-014,train
2660,synthetic-user-014,train
2661,synthetic-user-014,train
2662,synthetic-user-014,train
2663,synthetic-user-014,train
2664,synthetic-user-014,train
2665,synthetic-user-014,train
2666,synthetic-user-014,train
2667,synthetic-user-014,train
2668,synthetic-user-014,train
2669,synthetic-user-014,train
2670,synthetic-user-014,train
2671,synthetic-user-014,train
2672,synthetic-user-014,train
2673,synthetic-user-014,train
2674,synthetic-user-014,train
2675,synthetic-user-014,train
2676,synthetic-user-014,train
2677,synthetic-user-014,train
2678,synthetic-user-014,train
2679,synthetic-user-014,train
2680,synthetic-user-014,train
2681,synthetic-user-014,train
2682,synthetic-user-014,train
2683,synthetic-user-014,train
2684,synthetic-user-014,train
2685,synthetic-user-014,train
2686,synthetic-user-014,train
2687,synthetic-user-014,train
2688,synthetic-user-014,train
2689,synthetic-user-014,train
2690,synthetic-user-014,train
2691,synthetic-user-014,train
2692,synthetic-user-014,train
2693,synthetic-user-014,train
2694,synthetic-user-014,train
2695,synthetic-user-014,train
2696,synthetic-user-014,train
2697,synthetic-user-014,train
2698,synthetic-user-014,train
2699,synthetic-user-014,train
2700,synthetic-user-014,train
2701,synthetic-user-014,train
2702,synthetic-user-014,train
2703,synthetic-user-014,train
2704,synthetic-user-014,train
2705,synthetic-user-014,train
2706,synthetic-user-014,train
2707,synthetic-user-014,train
2708,synthetic-user-014,train
2709,synthetic-user-014,train
2710,synthetic-user-014,train
2711,synthetic-user-014,train
2712,synthetic-user-014,train
2713,synthetic-user-014,train
2714,synthetic-user-014,train
2715,synthetic-user-014,train
2716,synthetic-user-014,train
2717,synthetic-user-014,train
2718,synthetic-user-014,train
2719,synthetic-user-014,train
2720,synthetic-user-014,train
2721,synthetic-user-014,train
2722,synthetic-user-014,train
2723,synthetic-user-014,train
2724,synthetic-user-014,train
2725,synthetic-user-014,train
2726,synthetic-user-014,train
2727,synthetic-user-014,train
2728,synthetic-user-014,train
2729,synthetic-user-014,train
2730,synthetic-user-014,train
2731,synthetic-user-014,train
2732,synthetic-user-014,train
2733,synthetic-user-014,train
2734,synthetic-user-014,train
2735,synthetic-user-014,train
2736,synthetic-user-014,train
2737,synthetic-user-014,train
2738,synthetic-user-014,train
2739,synthetic-user-014,train
2740,synthetic-user-014,train
2741,synthetic-user-014,train
2742,synthetic-user-014,train
2743,synthetic-user-014,train
2744,synthetic-user-014,train
2745,synthetic-user-014,train
2746,synthetic-user-014,train
2747,synthetic-user-014,train
2748,synthetic-user-014,train
2749,synthetic-user-014,train
2750,synthetic-user-014,train
2751,synthetic-user-014,train
2752,synthetic-user-014,train
2753,synthetic-user-014,train
2754,synthetic-user-014,train
2755,synthetic-user-014,train
2756,synthetic-user-014,train
2757,synthetic-user-014,train
2758,synthetic-user-014,train
2759,synthetic-user-014,train
2760,synthetic-user-014,train
2761,synthetic-user-014,train
2762,synthetic-user-014,train
2763,synthetic-user-014,train
2764,synthetic-user-014,train
2765,synthetic-user-014,train
2766,synthetic-user-014,train
2767,synthetic-user-014,train
2768,synthetic-user-014,train
2769,synthetic-user-014,train
2770,synthetic-user-014,train
2771,synthetic-user-014,train
2772,synthetic-user-014,train
2773,synthetic-user-014,train
2774,synthetic-user-014,train
2775,synthetic-user-014,train
2776,synthetic-user-014,train
2777,synthetic-user-014,train
2778,synthetic-user-014,train
2779,synthetic-user-014,train
2780,synthetic-user-014,train
2781,synthetic-user-014,train
2782,synthetic-user-014,train
2783,synthetic-user-014,train
2784,synthetic-user-014,train
2785,synthetic-user-014,train
2786,synthetic-user-014,train
2787,synthetic-user-014,train
2788,synthetic-user-014,train
2789,synthetic-user-014,train
2790,synthetic-user-014,train
2791,synthetic-user-014,train
2792,synthetic-user-014,train
2793,synthetic-user-014,train
2794,synthetic-user-014,train
2795,synthetic-user-014,train
2796,synthetic-user-014,train
2797,synthetic-user-014,train
2798,synthetic-user-014,train
2799,synthetic-user-014,train
2800,synthetic-user-014,train
2801,synthetic-user-015,train
2802,synthetic-user-015,train
2803,synthetic-user-015,train
2804,synthetic-user-015,train
2805,synthetic-user-015,train
2806,synthetic-user-015,train
2807,synthetic-user-015,train
2808,synthetic-user-015,train
2809,synthetic-user-015,train
2810,synthetic-user-015,train
2811,synthetic-user-015,train
2812,synthetic-user-015,train
2813,synthetic-user-015,train
2814,synthetic-user-015,train
2815,synthetic-user-015,train
2816,synthetic-user-015,train
2817,synthetic-user-015,train
2818,synthetic-user-015,train
2819,synthetic-user-015,train
2820,synthetic-user-015,train
2821,synthetic-user-015,train
2822,synthetic-user-015,train
2823,synthetic-user-015,train
2824,synthetic-user-015,train
2825,synthetic-user-015,train
2826,synthetic-user-015,train
2827,synthetic-user-015,train
2828,synthetic-user-015,train
2829,synthetic-user-015,train
2830,synthetic-user-015,train
2831,synthetic-user-015,train
2832,synthetic-user-015,train
2833,synthetic-user-015,train
2834,synthetic-user-015,train
2835,synthetic-user-015,train
2836,synthetic-user-015,train
2837,synthetic-user-015,train
2838,synthetic-user-015,train
2839,synthetic-user-015,train
2840,synthetic-user-015,train
2841,synthetic-user-015,train
2842,synthetic-user-015,train
2843,synthetic-user-015,train
2844,synthetic-user-015,train
2845,synthetic-user-015,train
2846,synthetic-user-015,train
2847,synthetic-user-015,train
2848,synthetic-user-015,train
2849,synthetic-user-015,train
2850,synthetic-user-015,train
2851,synthetic-user-015,train
2852,synthetic-user-015,train
2853,synthetic-user-015,train
2854,synthetic-user-015,train
2855,synthetic-user-015,train
2856,synthetic-user-015,train
2857,synthetic-user-015,train
2858,synthetic-user-015,train
2859,synthetic-user-015,train
2860,synthetic-user-015,train
2861,synthetic-user-015,train
2862,synthetic-user-015,train
2863,synthetic-user-015,train
2864,synthetic-user-015,train
2865,synthetic-user-015,train
2866,synthetic-user-015,train
2867,synthetic-user-015,train
2868,synthetic-user-015,train
2869,synthetic-user-015,train
2870,synthetic-user-015,train
2871,synthetic-user-015,train
2872,synthetic-user-015,train
2873,synthetic-user-015,train
2874,synthetic-user-015,train
2875,synthetic-user-015,train
2876,synthetic-user-015,train
2877,synthetic-user-015,train
2878,synthetic-user-015,train
2879,synthetic-user-015,train
2880,synthetic-user-015,train
2881,synthetic-user-015,train
2882,synthetic-user-015,train
2883,synthetic-user-015,train
2884,synthetic-user-015,train
2885,synthetic-user-015,train
2886,synthetic-user-015,train
2887,synthetic-user-015,train
2888,synthetic-user-015,train
2889,synthetic-user-015,train
2890,synthetic-user-015,train
2891,synthetic-user-015,train
2892,synthetic-user-015,train
2893,synthetic-user-015,train
2894,synthetic-user-015,train
2895,synthetic-user-015,train
2896,synthetic-user-015,train
2897,synthetic-user-015,train
2898,synthetic-user-015,train
2899,synthetic-user-015,train
2900,synthetic-user-015,train
2901,synthetic-user-015,train
2902,synthetic-user-015,train
2903,synthetic-user-015,train
2904,synthetic-user-015,train
2905,synthetic-user-015,train
2906,synthetic-user-015,train
2907,synthetic-user-015,train
2908,synthetic-user-015,train
2909,synthetic-user-015,train
2910,synthetic-user-015,train
2911,synthetic-user-015,train
2912,synthetic-user-015,train
2913,synthetic-user-015,train
2914,synthetic-user-015,train
2915,synthetic-user-015,train
2916,synthetic-user-015,train
2917,synthetic-user-015,train
2918,synthetic-user-015,train
2919,synthetic-user-015,train
2920,synthetic-user-015,train
2921,synthetic-user-015,train
2922,synthetic-user-015,train
2923,synthetic-user-015,train
2924,synthetic-user-015,train
2925,synthetic-user-015,train
2926,synthetic-user-015,train
2927,synthetic-user-015,train
2928,synthetic-user-015,train
2929,synthetic-user-015,train
2930,synthetic-user-015,train
2931,synthetic-user-015,train
2932,synthetic-user-015,train
2933,synthetic-user-015,train
2934,synthetic-user-015,train
2935,synthetic-user-015,train
2936,synthetic-user-015,train
2937,synthetic-user-015,train
2938,synthetic-user-015,train
2939,synthetic-user-015,train
2940,synthetic-user-015,train
2941,synthetic-user-015,train
2942,synthetic-user-015,train
2943,synthetic-user-015,train
2944,synthetic-user-015,train
2945,synthetic-user-015,train
2946,synthetic-user-015,train
2947,synthetic-user-015,train
2948,synthetic-user-015,train
2949,synthetic-user-015,train
2950,synthetic-user-015,train
2951,synthetic-user-015,train
2952,synthetic-user-015,train
2953,synthetic-user-015,train
2954,synthetic-user-015,train
2955,synthetic-user-015,train
2956,synthetic-user-015,train
2957,synthetic-user-015,train
2958,synthetic-user-015,train
2959,synthetic-user-015,train
2960,synthetic-user-015,train
2961,synthetic-user-015,train
2962,synthetic-user-015,train
2963,synthetic-user-015,train
2964,synthetic-user-015,train
2965,synthetic-user-015,train
2966,synthetic-user-015,train
2967,synthetic-user-015,train
2968,synthetic-user-015,train
2969,synthetic-user-015,train
2970,synthetic-user-015,train
2971,synthetic-user-015,train
2972,synthetic-user-015,train
2973,synthetic-user-015,train
2974,synthetic-user-015,train
2975,synthetic-user-015,train
2976,synthetic-user-015,train
2977,synthetic-user-015,train
2978,synthetic-user-015,train
2979,synthetic-user-015,train
2980,synthetic-user-015,train
2981,synthetic-user-015,train
2982,synthetic-user-015,train
2983,synthetic-user-015,train
2984,synthetic-user-015,train
2985,synthetic-user-015,train
2986,synthetic-user-015,train
2987,synthetic-user-015,train
2988,synthetic-user-015,train
2989,synthetic-user-015,train
2990,synthetic-user-015,train
2991,synthetic-user-015,train
2992,synthetic-user-015,train
2993,synthetic-user-015,train
2994,synthetic-user-015,train
2995,synthetic-user-015,train
2996,synthetic-user-015,train
2997,synthetic-user-015,train
2998,synthetic-user-015,train
2999,synthetic-user-015,train
3000,synthetic-user-015,train
3001,synthetic-user-016,test
3002,synthetic-user-016,test
3003,synthetic-user-016,test
3004,synthetic-user-016,test
3005,synthetic-user-016,test
3006,synthetic-user-016,test
3007,synthetic-user-016,test
3008,synthetic-user-016,test
3009,synthetic-user-016,test
3010,synthetic-user-016,test
3011,synthetic-user-016,test
3012,synthetic-user-016,test
3013,synthetic-user-016,test
3014,synthetic-user-016,test
3015,synthetic-user-016,test
3016,synthetic-user-016,test
3017,synthetic-user-016,test
3018,synthetic-user-016,test
3019,synthetic-user-016,test
3020,synthetic-user-016,test
3021,synthetic-user-016,test
3022,synthetic-user-016,test
3023,synthetic-user-016,test
3024,synthetic-user-016,test
3025,synthetic-user-016,test
3026,synthetic-user-016,test
3027,synthetic-user-016,test
3028,synthetic-user-016,test
3029,synthetic-user-016,test
3030,synthetic-user-016,test
3031,synthetic-user-016,test
3032,synthetic-user-016,test
3033,synthetic-user-016,test
3034,synthetic-user-016,test
3035,synthetic-user-016,test
3036,synthetic-user-016,test
3037,synthetic-user-016,test
3038,synthetic-user-016,test
3039,synthetic-user-016,test
3040,synthetic-user-016,test
3041,synthetic-user-016,test
3042,synthetic-user-016,test
3043,synthetic-user-016,test
3044,synthetic-user-016,test
3045,synthetic-user-016,test
3046,synthetic-user-016,test
3047,synthetic-user-016,test
3048,synthetic-user-016,test
3049,synthetic-user-016,test
3050,synthetic-user-016,test
3051,synthetic-user-016,test
3052,synthetic-user-016,test
3053,synthetic-user-016,test
3054,synthetic-user-016,test
3055,synthetic-user-016,test
3056,synthetic-user-016,test
3057,synthetic-user-016,test
3058,synthetic-user-016,test
3059,synthetic-user-016,test
3060,synthetic-user-016,test
3061,synthetic-user-016,test
3062,synthetic-user-016,test
3063,synthetic-user-016,test
3064,synthetic-user-016,test
3065,synthetic-user-016,test
3066,synthetic-user-016,test
3067,synthetic-user-016,test
3068,synthetic-user-016,test
3069,synthetic-user-016,test
3070,synthetic-user-016,test
3071,synthetic-user-016,test
3072,synthetic-user-016,test
3073,synthetic-user-016,test
3074,synthetic-user-016,test
3075,synthetic-user-016,test
3076,synthetic-user-016,test
3077,synthetic-user-016,test
3078,synthetic-user-016,test
3079,synthetic-user-016,test
3080,synthetic-user-016,test
3081,synthetic-user-016,test
3082,synthetic-user-016,test
3083,synthetic-user-016,test
3084,synthetic-user-016,test
3085,synthetic-user-016,test
3086,synthetic-user-016,test
3087,synthetic-user-016,test
3088,synthetic-user-016,test
3089,synthetic-user-016,test
3090,synthetic-user-016,test
3091,synthetic-user-016,test
3092,synthetic-user-016,test
3093,synthetic-user-016,test
3094,synthetic-user-016,test
3095,synthetic-user-016,test
3096,synthetic-user-016,test
3097,synthetic-user-016,test
3098,synthetic-user-016,test
3099,synthetic-user-016,test
3100,synthetic-user-016,test
3101,synthetic-user-016,test
3102,synthetic-user-016,test
3103,synthetic-user-016,test
3104,synthetic-user-016,test
3105,synthetic-user-016,test
3106,synthetic-user-016,test
3107,synthetic-user-016,test
3108,synthetic-user-016,test
3109,synthetic-user-016,test
3110,synthetic-user-016,test
3111,synthetic-user-016,test
3112,synthetic-user-016,test
3113,synthetic-user-016,test
3114,synthetic-user-016,test
3115,synthetic-user-016,test
3116,synthetic-user-016,test
3117,synthetic-user-016,test
3118,synthetic-user-016,test
3119,synthetic-user-016,test
3120,synthetic-user-016,test
3121,synthetic-user-016,test
3122,synthetic-user-016,test
3123,synthetic-user-016,test
3124,synthetic-user-016,test
3125,synthetic-user-016,test
3126,synthetic-user-016,test
3127,synthetic-user-016,test
3128,synthetic-user-016,test
3129,synthetic-user-016,test
3130,synthetic-user-016,test
3131,synthetic-user-016,test
3132,synthetic-user-016,test
3133,synthetic-user-016,test
3134,synthetic-user-016,test
3135,synthetic-user-016,test
3136,synthetic-user-016,test
3137,synthetic-user-016,test
3138,synthetic-user-016,test
3139,synthetic-user-016,test
3140,synthetic-user-016,test
3141,synthetic-user-016,test
3142,synthetic-user-016,test
3143,synthetic-user-016,test
3144,synthetic-user-016,test
3145,synthetic-user-016,test
3146,synthetic-user-016,test
3147,synthetic-user-016,test
3148,synthetic-user-016,test
3149,synthetic-user-016,test
3150,synthetic-user-016,test
3151,synthetic-user-016,test
3152,synthetic-user-016,test
3153,synthetic-user-016,test
3154,synthetic-user-016,test
3155,synthetic-user-016,test
3156,synthetic-user-016,test
3157,synthetic-user-016,test
3158,synthetic-user-016,test
3159,synthetic-user-016,test
3160,synthetic-user-016,test
3161,synthetic-user-016,test
3162,synthetic-user-016,test
3163,synthetic-user-016,test
3164,synthetic-user-016,test
3165,synthetic-user-016,test
3166,synthetic-user-016,test
3167,synthetic-user-016,test
3168,synthetic-user-016,test
3169,synthetic-user-016,test
3170,synthetic-user-016,test
3171,synthetic-user-016,test
3172,synthetic-user-016,test
3173,synthetic-user-016,test
3174,synthetic-user-016,test
3175,synthetic-user-016,test
3176,synthetic-user-016,test
3177,synthetic-user-016,test
3178,synthetic-user-016,test
3179,synthetic-user-016,test
3180,synthetic-user-016,test
3181,synthetic-user-016,test
3182,synthetic-user-016,test
3183,synthetic-user-016,test
3184,synthetic-user-016,test
3185,synthetic-user-016,test
3186,synthetic-user-016,test
3187,synthetic-user-016,test
3188,synthetic-user-016,test
3189,synthetic-user-016,test
3190,synthetic-user-016,test
3191,synthetic-user-016,test
3192,synthetic-user-016,test
3193,synthetic-user-016,test
3194,synthetic-user-016,test
3195,synthetic-user-016,test
3196,synthetic-user-016,test
3197,synthetic-user-016,test
3198,synthetic-user-016,test
3199,synthetic-user-016,test
3200,synthetic-user-016,test
3201,synthetic-user-017,validation
3202,synthetic-user-017,validation
3203,synthetic-user-017,validation
3204,synthetic-user-017,validation
3205,synthetic-user-017,validation
3206,synthetic-user-017,validation
3207,synthetic-user-017,validation
3208,synthetic-user-017,validation
3209,synthetic-user-017,validation
3210,synthetic-user-017,validation
3211,synthetic-user-017,validation
3212,synthetic-user-017,validation
3213,synthetic-user-017,validation
3214,synthetic-user-017,validation
3215,synthetic-user-017,validation
3216,synthetic-user-017,validation
3217,synthetic-user-017,validation
3218,synthetic-user-017,validation
3219,synthetic-user-017,validation
3220,synthetic-user-017,validation
3221,synthetic-user-017,validation
3222,synthetic-user-017,validation
3223,synthetic-user-017,validation
3224,synthetic-user-017,validation
3225,synthetic-user-017,validation
3226,synthetic-user-017,validation
3227,synthetic-user-017,validation
3228,synthetic-user-017,validation
3229,synthetic-user-017,validation
3230,synthetic-user-017,validation
3231,synthetic-user-017,validation
3232,synthetic-user-017,validation
3233,synthetic-user-017,validation
3234,synthetic-user-017,validation
3235,synthetic-user-017,validation
3236,synthetic-user-017,validation
3237,synthetic-user-017,validation
3238,synthetic-user-017,validation
3239,synthetic-user-017,validation
3240,synthetic-user-017,validation
3241,synthetic-user-017,validation
3242,synthetic-user-017,validation
3243,synthetic-user-017,validation
3244,synthetic-user-017,validation
3245,synthetic-user-017,validation
3246,synthetic-user-017,validation
3247,synthetic-user-017,validation
3248,synthetic-user-017,validation
3249,synthetic-user-017,validation
3250,synthetic-user-017,validation
3251,synthetic-user-017,validation
3252,synthetic-user-017,validation
3253,synthetic-user-017,validation
3254,synthetic-user-017,validation
3255,synthetic-user-017,validation
3256,synthetic-user-017,validation
3257,synthetic-user-017,validation
3258,synthetic-user-017,validation
3259,synthetic-user-017,validation
3260,synthetic-user-017,validation
3261,synthetic-user-017,validation
3262,synthetic-user-017,validation
3263,synthetic-user-017,validation
3264,synthetic-user-017,validation
3265,synthetic-user-017,validation
3266,synthetic-user-017,validation
3267,synthetic-user-017,validation
3268,synthetic-user-017,validation
3269,synthetic-user-017,validation
3270,synthetic-user-017,validation
3271,synthetic-user-017,validation
3272,synthetic-user-017,validation
3273,synthetic-user-017,validation
3274,synthetic-user-017,validation
3275,synthetic-user-017,validation
3276,synthetic-user-017,validation
3277,synthetic-user-017,validation
3278,synthetic-user-017,validation
3279,synthetic-user-017,validation
3280,synthetic-user-017,validation
3281,synthetic-user-017,validation
3282,synthetic-user-017,validation
3283,synthetic-user-017,validation
3284,synthetic-user-017,validation
3285,synthetic-user-017,validation
3286,synthetic-user-017,validation
3287,synthetic-user-017,validation
3288,synthetic-user-017,validation
3289,synthetic-user-017,validation
3290,synthetic-user-017,validation
3291,synthetic-user-017,validation
3292,synthetic-user-017,validation
3293,synthetic-user-017,validation
3294,synthetic-user-017,validation
3295,synthetic-user-017,validation
3296,synthetic-user-017,validation
3297,synthetic-user-017,validation
3298,synthetic-user-017,validation
3299,synthetic-user-017,validation
3300,synthetic-user-017,validation
3301,synthetic-user-017,validation
3302,synthetic-user-017,validation
3303,synthetic-user-017,validation
3304,synthetic-user-017,validation
3305,synthetic-user-017,validation
3306,synthetic-user-017,validation
3307,synthetic-user-017,validation
3308,synthetic-user-017,validation
3309,synthetic-user-017,validation
3310,synthetic-user-017,validation
3311,synthetic-user-017,validation
3312,synthetic-user-017,validation
3313,synthetic-user-017,validation
3314,synthetic-user-017,validation
3315,synthetic-user-017,validation
3316,synthetic-user-017,validation
3317,synthetic-user-017,validation
3318,synthetic-user-017,validation
3319,synthetic-user-017,validation
3320,synthetic-user-017,validation
3321,synthetic-user-017,validation
3322,synthetic-user-017,validation
3323,synthetic-user-017,validation
3324,synthetic-user-017,validation
3325,synthetic-user-017,validation
3326,synthetic-user-017,validation
3327,synthetic-user-017,validation
3328,synthetic-user-017,validation
3329,synthetic-user-017,validation
3330,synthetic-user-017,validation
3331,synthetic-user-017,validation
3332,synthetic-user-017,validation
3333,synthetic-user-017,validation
3334,synthetic-user-017,validation
3335,synthetic-user-017,validation
3336,synthetic-user-017,validation
3337,synthetic-user-017,validation
3338,synthetic-user-017,validation
3339,synthetic-user-017,validation
3340,synthetic-user-017,validation
3341,synthetic-user-017,validation
3342,synthetic-user-017,validation
3343,synthetic-user-017,validation
3344,synthetic-user-017,validation
3345,synthetic-user-017,validation
3346,synthetic-user-017,validation
3347,synthetic-user-017,validation
3348,synthetic-user-017,validation
3349,synthetic-user-017,validation
3350,synthetic-user-017,validation
3351,synthetic-user-017,validation
3352,synthetic-user-017,validation
3353,synthetic-user-017,validation
3354,synthetic-user-017,validation
3355,synthetic-user-017,validation
3356,synthetic-user-017,validation
3357,synthetic-user-017,validation
3358,synthetic-user-017,validation
3359,synthetic-user-017,validation
3360,synthetic-user-017,validation
3361,synthetic-user-017,validation
3362,synthetic-user-017,validation
3363,synthetic-user-017,validation
3364,synthetic-user-017,validation
3365,synthetic-user-017,validation
3366,synthetic-user-017,validation
3367,synthetic-user-017,validation
3368,synthetic-user-017,validation
3369,synthetic-user-017,validation
3370,synthetic-user-017,validation
3371,synthetic-user-017,validation
3372,synthetic-user-017,validation
3373,synthetic-user-017,validation
3374,synthetic-user-017,validation
3375,synthetic-user-017,validation
3376,synthetic-user-017,validation
3377,synthetic-user-017,validation
3378,synthetic-user-017,validation
3379,synthetic-user-017,validation
3380,synthetic-user-017,validation
3381,synthetic-user-017,validation
3382,synthetic-user-017,validation
3383,synthetic-user-017,validation
3384,synthetic-user-017,validation
3385,synthetic-user-017,validation
3386,synthetic-user-017,validation
3387,synthetic-user-017,validation
3388,synthetic-user-017,validation
3389,synthetic-user-017,validation
3390,synthetic-user-017,validation
3391,synthetic-user-017,validation
3392,synthetic-user-017,validation
3393,synthetic-user-017,validation
3394,synthetic-user-017,validation
3395,synthetic-user-017,validation
3396,synthetic-user-017,validation
3397,synthetic-user-017,validation
3398,synthetic-user-017,validation
3399,synthetic-user-017,validation
3400,synthetic-user-017,validation
3401,synthetic-user-018,train
3402,synthetic-user-018,train
3403,synthetic-user-018,train
3404,synthetic-user-018,train
3405,synthetic-user-018,train
3406,synthetic-user-018,train
3407,synthetic-user-018,train
3408,synthetic-user-018,train
3409,synthetic-user-018,train
3410,synthetic-user-018,train
3411,synthetic-user-018,train
3412,synthetic-user-018,train
3413,synthetic-user-018,train
3414,synthetic-user-018,train
3415,synthetic-user-018,train
3416,synthetic-user-018,train
3417,synthetic-user-018,train
3418,synthetic-user-018,train
3419,synthetic-user-018,train
3420,synthetic-user-018,train
3421,synthetic-user-018,train
3422,synthetic-user-018,train
3423,synthetic-user-018,train
3424,synthetic-user-018,train
3425,synthetic-user-018,train
3426,synthetic-user-018,train
3427,synthetic-user-018,train
3428,synthetic-user-018,train
3429,synthetic-user-018,train
3430,synthetic-user-018,train
3431,synthetic-user-018,train
3432,synthetic-user-018,train
3433,synthetic-user-018,train
3434,synthetic-user-018,train
3435,synthetic-user-018,train
3436,synthetic-user-018,train
3437,synthetic-user-018,train
3438,synthetic-user-018,train
3439,synthetic-user-018,train
3440,synthetic-user-018,train
3441,synthetic-user-018,train
3442,synthetic-user-018,train
3443,synthetic-user-018,train
3444,synthetic-user-018,train
3445,synthetic-user-018,train
3446,synthetic-user-018,train
3447,synthetic-user-018,train
3448,synthetic-user-018,train
3449,synthetic-user-018,train
3450,synthetic-user-018,train
3451,synthetic-user-018,train
3452,synthetic-user-018,train
3453,synthetic-user-018,train
3454,synthetic-user-018,train
3455,synthetic-user-018,train
3456,synthetic-user-018,train
3457,synthetic-user-018,train
3458,synthetic-user-018,train
3459,synthetic-user-018,train
3460,synthetic-user-018,train
3461,synthetic-user-018,train
3462,synthetic-user-018,train
3463,synthetic-user-018,train
3464,synthetic-user-018,train
3465,synthetic-user-018,train
3466,synthetic-user-018,train
3467,synthetic-user-018,train
3468,synthetic-user-018,train
3469,synthetic-user-018,train
3470,synthetic-user-018,train
3471,synthetic-user-018,train
3472,synthetic-user-018,train
3473,synthetic-user-018,train
3474,synthetic-user-018,train
3475,synthetic-user-018,train
3476,synthetic-user-018,train
3477,synthetic-user-018,train
3478,synthetic-user-018,train
3479,synthetic-user-018,train
3480,synthetic-user-018,train
3481,synthetic-user-018,train
3482,synthetic-user-018,train
3483,synthetic-user-018,train
3484,synthetic-user-018,train
3485,synthetic-user-018,train
3486,synthetic-user-018,train
3487,synthetic-user-018,train
3488,synthetic-user-018,train
3489,synthetic-user-018,train
3490,synthetic-user-018,train
3491,synthetic-user-018,train
3492,synthetic-user-018,train
3493,synthetic-user-018,train
3494,synthetic-user-018,train
3495,synthetic-user-018,train
3496,synthetic-user-018,train
3497,synthetic-user-018,train
3498,synthetic-user-018,train
3499,synthetic-user-018,train
3500,synthetic-user-018,train
3501,synthetic-user-018,train
3502,synthetic-user-018,train
3503,synthetic-user-018,train
3504,synthetic-user-018,train
3505,synthetic-user-018,train
3506,synthetic-user-018,train
3507,synthetic-user-018,train
3508,synthetic-user-018,train
3509,synthetic-user-018,train
3510,synthetic-user-018,train
3511,synthetic-user-018,train
3512,synthetic-user-018,train
3513,synthetic-user-018,train
3514,synthetic-user-018,train
3515,synthetic-user-018,train
3516,synthetic-user-018,train
3517,synthetic-user-018,train
3518,synthetic-user-018,train
3519,synthetic-user-018,train
3520,synthetic-user-018,train
3521,synthetic-user-018,train
3522,synthetic-user-018,train
3523,synthetic-user-018,train
3524,synthetic-user-018,train
3525,synthetic-user-018,train
3526,synthetic-user-018,train
3527,synthetic-user-018,train
3528,synthetic-user-018,train
3529,synthetic-user-018,train
3530,synthetic-user-018,train
3531,synthetic-user-018,train
3532,synthetic-user-018,train
3533,synthetic-user-018,train
3534,synthetic-user-018,train
3535,synthetic-user-018,train
3536,synthetic-user-018,train
3537,synthetic-user-018,train
3538,synthetic-user-018,train
3539,synthetic-user-018,train
3540,synthetic-user-018,train
3541,synthetic-user-018,train
3542,synthetic-user-018,train
3543,synthetic-user-018,train
3544,synthetic-user-018,train
3545,synthetic-user-018,train
3546,synthetic-user-018,train
3547,synthetic-user-018,train
3548,synthetic-user-018,train
3549,synthetic-user-018,train
3550,synthetic-user-018,train
3551,synthetic-user-018,train
3552,synthetic-user-018,train
3553,synthetic-user-018,train
3554,synthetic-user-018,train
3555,synthetic-user-018,train
3556,synthetic-user-018,train
3557,synthetic-user-018,train
3558,synthetic-user-018,train
3559,synthetic-user-018,train
3560,synthetic-user-018,train
3561,synthetic-user-018,train
3562,synthetic-user-018,train
3563,synthetic-user-018,train
3564,synthetic-user-018,train
3565,synthetic-user-018,train
3566,synthetic-user-018,train
3567,synthetic-user-018,train
3568,synthetic-user-018,train
3569,synthetic-user-018,train
3570,synthetic-user-018,train
3571,synthetic-user-018,train
3572,synthetic-user-018,train
3573,synthetic-user-018,train
3574,synthetic-user-018,train
3575,synthetic-user-018,train
3576,synthetic-user-018,train
3577,synthetic-user-018,train
3578,synthetic-user-018,train
3579,synthetic-user-018,train
3580,synthetic-user-018,train
3581,synthetic-user-018,train
3582,synthetic-user-018,train
3583,synthetic-user-018,train
3584,synthetic-user-018,train
3585,synthetic-user-018,train
3586,synthetic-user-018,train
3587,synthetic-user-018,train
3588,synthetic-user-018,train
3589,synthetic-user-018,train
3590,synthetic-user-018,train
3591,synthetic-user-018,train
3592,synthetic-user-018,train
3593,synthetic-user-018,train
3594,synthetic-user-018,train
3595,synthetic-user-018,train
3596,synthetic-user-018,train
3597,synthetic-user-018,train
3598,synthetic-user-018,train
3599,synthetic-user-018,train
3600,synthetic-user-018,train
3601,synthetic-user-019,train
3602,synthetic-user-019,train
3603,synthetic-user-019,train
3604,synthetic-user-019,train
3605,synthetic-user-019,train
3606,synthetic-user-019,train
3607,synthetic-user-019,train
3608,synthetic-user-019,train
3609,synthetic-user-019,train
3610,synthetic-user-019,train
3611,synthetic-user-019,train
3612,synthetic-user-019,train
3613,synthetic-user-019,train
3614,synthetic-user-019,train
3615,synthetic-user-019,train
3616,synthetic-user-019,train
3617,synthetic-user-019,train
3618,synthetic-user-019,train
3619,synthetic-user-019,train
3620,synthetic-user-019,train
3621,synthetic-user-019,train
3622,synthetic-user-019,train
3623,synthetic-user-019,train
3624,synthetic-user-019,train
3625,synthetic-user-019,train
3626,synthetic-user-019,train
3627,synthetic-user-019,train
3628,synthetic-user-019,train
3629,synthetic-user-019,train
3630,synthetic-user-019,train
3631,synthetic-user-019,train
3632,synthetic-user-019,train
3633,synthetic-user-019,train
3634,synthetic-user-019,train
3635,synthetic-user-019,train
3636,synthetic-user-019,train
3637,synthetic-user-019,train
3638,synthetic-user-019,train
3639,synthetic-user-019,train
3640,synthetic-user-019,train
3641,synthetic-user-019,train
3642,synthetic-user-019,train
3643,synthetic-user-019,train
3644,synthetic-user-019,train
3645,synthetic-user-019,train
3646,synthetic-user-019,train
3647,synthetic-user-019,train
3648,synthetic-user-019,train
3649,synthetic-user-019,train
3650,synthetic-user-019,train
3651,synthetic-user-019,train
3652,synthetic-user-019,train
3653,synthetic-user-019,train
3654,synthetic-user-019,train
3655,synthetic-user-019,train
3656,synthetic-user-019,train
3657,synthetic-user-019,train
3658,synthetic-user-019,train
3659,synthetic-user-019,train
3660,synthetic-user-019,train
3661,synthetic-user-019,train
3662,synthetic-user-019,train
3663,synthetic-user-019,train
3664,synthetic-user-019,train
3665,synthetic-user-019,train
3666,synthetic-user-019,train
3667,synthetic-user-019,train
3668,synthetic-user-019,train
3669,synthetic-user-019,train
3670,synthetic-user-019,train
3671,synthetic-user-019,train
3672,synthetic-user-019,train
3673,synthetic-user-019,train
3674,synthetic-user-019,train
3675,synthetic-user-019,train
3676,synthetic-user-019,train
3677,synthetic-user-019,train
3678,synthetic-user-019,train
3679,synthetic-user-019,train
3680,synthetic-user-019,train
3681,synthetic-user-019,train
3682,synthetic-user-019,train
3683,synthetic-user-019,train
3684,synthetic-user-019,train
3685,synthetic-user-019,train
3686,synthetic-user-019,train
3687,synthetic-user-019,train
3688,synthetic-user-019,train
3689,synthetic-user-019,train
3690,synthetic-user-019,train
3691,synthetic-user-019,train
3692,synthetic-user-019,train
3693,synthetic-user-019,train
3694,synthetic-user-019,train
3695,synthetic-user-019,train
3696,synthetic-user-019,train
3697,synthetic-user-019,train
3698,synthetic-user-019,train
3699,synthetic-user-019,train
3700,synthetic-user-019,train
3701,synthetic-user-019,train
3702,synthetic-user-019,train
3703,synthetic-user-019,train
3704,synthetic-user-019,train
3705,synthetic-user-019,train
3706,synthetic-user-019,train
3707,synthetic-user-019,train
3708,synthetic-user-019,train
3709,synthetic-user-019,train
3710,synthetic-user-019,train
3711,synthetic-user-019,train
3712,synthetic-user-019,train
3713,synthetic-user-019,train
3714,synthetic-user-019,train
3715,synthetic-user-019,train
3716,synthetic-user-019,train
3717,synthetic-user-019,train
3718,synthetic-user-019,train
3719,synthetic-user-019,train
3720,synthetic-user-019,train
3721,synthetic-user-019,train
3722,synthetic-user-019,train
3723,synthetic-user-019,train
3724,synthetic-user-019,train
3725,synthetic-user-019,train
3726,synthetic-user-019,train
3727,synthetic-user-019,train
3728,synthetic-user-019,train
3729,synthetic-user-019,train
3730,synthetic-user-019,train
3731,synthetic-user-019,train
3732,synthetic-user-019,train
3733,synthetic-user-019,train
3734,synthetic-user-019,train
3735,synthetic-user-019,train
3736,synthetic-user-019,train
3737,synthetic-user-019,train
3738,synthetic-user-019,train
3739,synthetic-user-019,train
3740,synthetic-user-019,train
3741,synthetic-user-019,train
3742,synthetic-user-019,train
3743,synthetic-user-019,train
3744,synthetic-user-019,train
3745,synthetic-user-019,train
3746,synthetic-user-019,train
3747,synthetic-user-019,train
3748,synthetic-user-019,train
3749,synthetic-user-019,train
3750,synthetic-user-019,train
3751,synthetic-user-019,train
3752,synthetic-user-019,train
3753,synthetic-user-019,train
3754,synthetic-user-019,train
3755,synthetic-user-019,train
3756,synthetic-user-019,train
3757,synthetic-user-019,train
3758,synthetic-user-019,train
3759,synthetic-user-019,train
3760,synthetic-user-019,train
3761,synthetic-user-019,train
3762,synthetic-user-019,train
3763,synthetic-user-019,train
3764,synthetic-user-019,train
3765,synthetic-user-019,train
3766,synthetic-user-019,train
3767,synthetic-user-019,train
3768,synthetic-user-019,train
3769,synthetic-user-019,train
3770,synthetic-user-019,train
3771,synthetic-user-019,train
3772,synthetic-user-019,train
3773,synthetic-user-019,train
3774,synthetic-user-019,train
3775,synthetic-user-019,train
3776,synthetic-user-019,train
3777,synthetic-user-019,train
3778,synthetic-user-019,train
3779,synthetic-user-019,train
3780,synthetic-user-019,train
3781,synthetic-user-019,train
3782,synthetic-user-019,train
3783,synthetic-user-019,train
3784,synthetic-user-019,train
3785,synthetic-user-019,train
3786,synthetic-user-019,train
3787,synthetic-user-019,train
3788,synthetic-user-019,train
3789,synthetic-user-019,train
3790,synthetic-user-019,train
3791,synthetic-user-019,train
3792,synthetic-user-019,train
3793,synthetic-user-019,train
3794,synthetic-user-019,train
3795,synthetic-user-019,train
3796,synthetic-user-019,train
3797,synthetic-user-019,train
3798,synthetic-user-019,train
3799,synthetic-user-019,train
3800,synthetic-user-019,train
3801,synthetic-user-020,train
3802,synthetic-user-020,train
3803,synthetic-user-020,train
3804,synthetic-user-020,train
3805,synthetic-user-020,train
3806,synthetic-user-020,train
3807,synthetic-user-020,train
3808,synthetic-user-020,train
3809,synthetic-user-020,train
3810,synthetic-user-020,train
3811,synthetic-user-020,train
3812,synthetic-user-020,train
3813,synthetic-user-020,train
3814,synthetic-user-020,train
3815,synthetic-user-020,train
3816,synthetic-user-020,train
3817,synthetic-user-020,train
3818,synthetic-user-020,train
3819,synthetic-user-020,train
3820,synthetic-user-020,train
3821,synthetic-user-020,train
3822,synthetic-user-020,train
3823,synthetic-user-020,train
3824,synthetic-user-020,train
3825,synthetic-user-020,train
3826,synthetic-user-020,train
3827,synthetic-user-020,train
3828,synthetic-user-020,train
3829,synthetic-user-020,train
3830,synthetic-user-020,train
3831,synthetic-user-020,train
3832,synthetic-user-020,train
3833,synthetic-user-020,train
3834,synthetic-user-020,train
3835,synthetic-user-020,train
3836,synthetic-user-020,train
3837,synthetic-user-020,train
3838,synthetic-user-020,train
3839,synthetic-user-020,train
3840,synthetic-user-020,train
3841,synthetic-user-020,train
3842,synthetic-user-020,train
3843,synthetic-user-020,train
3844,synthetic-user-020,train
3845,synthetic-user-020,train
3846,synthetic-user-020,train
3847,synthetic-user-020,train
3848,synthetic-user-020,train
3849,synthetic-user-020,train
3850,synthetic-user-020,train
3851,synthetic-user-020,train
3852,synthetic-user-020,train
3853,synthetic-user-020,train
3854,synthetic-user-020,train
3855,synthetic-user-020,train
3856,synthetic-user-020,train
3857,synthetic-user-020,train
3858,synthetic-user-020,train
3859,synthetic-user-020,train
3860,synthetic-user-020,train
3861,synthetic-user-020,train
3862,synthetic-user-020,train
3863,synthetic-user-020,train
3864,synthetic-user-020,train
3865,synthetic-user-020,train
3866,synthetic-user-020,train
3867,synthetic-user-020,train
3868,synthetic-user-020,train
3869,synthetic-user-020,train
3870,synthetic-user-020,train
3871,synthetic-user-020,train
3872,synthetic-user-020,train
3873,synthetic-user-020,train
3874,synthetic-user-020,train
3875,synthetic-user-020,train
3876,synthetic-user-020,train
3877,synthetic-user-020,train
3878,synthetic-user-020,train
3879,synthetic-user-020,train
3880,synthetic-user-020,train
3881,synthetic-user-020,train
3882,synthetic-user-020,train
3883,synthetic-user-020,train
3884,synthetic-user-020,train
3885,synthetic-user-020,train
3886,synthetic-user-020,train
3887,synthetic-user-020,train
3888,synthetic-user-020,train
3889,synthetic-user-020,train
3890,synthetic-user-020,train
3891,synthetic-user-020,train
3892,synthetic-user-020,train
3893,synthetic-user-020,train
3894,synthetic-user-020,train
3895,synthetic-user-020,train
3896,synthetic-user-020,train
3897,synthetic-user-020,train
3898,synthetic-user-020,train
3899,synthetic-user-020,train
3900,synthetic-user-020,train
3901,synthetic-user-020,train
3902,synthetic-user-020,train
3903,synthetic-user-020,train
3904,synthetic-user-020,train
3905,synthetic-user-020,train
3906,synthetic-user-020,train
3907,synthetic-user-020,train
3908,synthetic-user-020,train
3909,synthetic-user-020,train
3910,synthetic-user-020,train
3911,synthetic-user-020,train
3912,synthetic-user-020,train
3913,synthetic-user-020,train
3914,synthetic-user-020,train
3915,synthetic-user-020,train
3916,synthetic-user-020,train
3917,synthetic-user-020,train
3918,synthetic-user-020,train
3919,synthetic-user-020,train
3920,synthetic-user-020,train
3921,synthetic-user-020,train
3922,synthetic-user-020,train
3923,synthetic-user-020,train
3924,synthetic-user-020,train
3925,synthetic-user-020,train
3926,synthetic-user-020,train
3927,synthetic-user-020,train
3928,synthetic-user-020,train
3929,synthetic-user-020,train
3930,synthetic-user-020,train
3931,synthetic-user-020,train
3932,synthetic-user-020,train
3933,synthetic-user-020,train
3934,synthetic-user-020,train
3935,synthetic-user-020,train
3936,synthetic-user-020,train
3937,synthetic-user-020,train
3938,synthetic-user-020,train
3939,synthetic-user-020,train
3940,synthetic-user-020,train
3941,synthetic-user-020,train
3942,synthetic-user-020,train
3943,synthetic-user-020,train
3944,synthetic-user-020,train
3945,synthetic-user-020,train
3946,synthetic-user-020,train
3947,synthetic-user-020,train
3948,synthetic-user-020,train
3949,synthetic-user-020,train
3950,synthetic-user-020,train
3951,synthetic-user-020,train
3952,synthetic-user-020,train
3953,synthetic-user-020,train
3954,synthetic-user-020,train
3955,synthetic-user-020,train
3956,synthetic-user-020,train
3957,synthetic-user-020,train
3958,synthetic-user-020,train
3959,synthetic-user-020,train
3960,synthetic-user-020,train
3961,synthetic-user-020,train
3962,synthetic-user-020,train
3963,synthetic-user-020,train
3964,synthetic-user-020,train
3965,synthetic-user-020,train
3966,synthetic-user-020,train
3967,synthetic-user-020,train
3968,synthetic-user-020,train
3969,synthetic-user-020,train
3970,synthetic-user-020,train
3971,synthetic-user-020,train
3972,synthetic-user-020,train
3973,synthetic-user-020,train
3974,synthetic-user-020,train
3975,synthetic-user-020,train
3976,synthetic-user-020,train
3977,synthetic-user-020,train
3978,synthetic-user-020,train
3979,synthetic-user-020,train
3980,synthetic-user-020,train
3981,synthetic-user-020,train
3982,synthetic-user-020,train
3983,synthetic-user-020,train
3984,synthetic-user-020,train
3985,synthetic-user-020,train
3986,synthetic-user-020,train
3987,synthetic-user-020,train
3988,synthetic-user-020,train
3989,synthetic-user-020,train
3990,synthetic-user-020,train
3991,synthetic-user-020,train
3992,synthetic-user-020,train
3993,synthetic-user-020,train
3994,synthetic-user-020,train
3995,synthetic-user-020,train
3996,synthetic-user-020,train
3997,synthetic-user-020,train
3998,synthetic-user-020,train
3999,synthetic-user-020,train
4000,synthetic-user-020,train
4001,synthetic-user-021,test
4002,synthetic-user-021,test
4003,synthetic-user-021,test
4004,synthetic-user-021,test
4005,synthetic-user-021,test
4006,synthetic-user-021,test
4007,synthetic-user-021,test
4008,synthetic-user-021,test
4009,synthetic-user-021,test
4010,synthetic-user-021,test
4011,synthetic-user-021,test
4012,synthetic-user-021,test
4013,synthetic-user-021,test
4014,synthetic-user-021,test
4015,synthetic-user-021,test
4016,synthetic-user-021,test
4017,synthetic-user-021,test
4018,synthetic-user-021,test
4019,synthetic-user-021,test
4020,synthetic-user-021,test
4021,synthetic-user-021,test
4022,synthetic-user-021,test
4023,synthetic-user-021,test
4024,synthetic-user-021,test
4025,synthetic-user-021,test
4026,synthetic-user-021,test
4027,synthetic-user-021,test
4028,synthetic-user-021,test
4029,synthetic-user-021,test
4030,synthetic-user-021,test
4031,synthetic-user-021,test
4032,synthetic-user-021,test
4033,synthetic-user-021,test
4034,synthetic-user-021,test
4035,synthetic-user-021,test
4036,synthetic-user-021,test
4037,synthetic-user-021,test
4038,synthetic-user-021,test
4039,synthetic-user-021,test
4040,synthetic-user-021,test
4041,synthetic-user-021,test
4042,synthetic-user-021,test
4043,synthetic-user-021,test
4044,synthetic-user-021,test
4045,synthetic-user-021,test
4046,synthetic-user-021,test
4047,synthetic-user-021,test
4048,synthetic-user-021,test
4049,synthetic-user-021,test
4050,synthetic-user-021,test
4051,synthetic-user-021,test
4052,synthetic-user-021,test
4053,synthetic-user-021,test
4054,synthetic-user-021,test
4055,synthetic-user-021,test
4056,synthetic-user-021,test
4057,synthetic-user-021,test
4058,synthetic-user-021,test
4059,synthetic-user-021,test
4060,synthetic-user-021,test
4061,synthetic-user-021,test
4062,synthetic-user-021,test
4063,synthetic-user-021,test
4064,synthetic-user-021,test
4065,synthetic-user-021,test
4066,synthetic-user-021,test
4067,synthetic-user-021,test
4068,synthetic-user-021,test
4069,synthetic-user-021,test
4070,synthetic-user-021,test
4071,synthetic-user-021,test
4072,synthetic-user-021,test
4073,synthetic-user-021,test
4074,synthetic-user-021,test
4075,synthetic-user-021,test
4076,synthetic-user-021,test
4077,synthetic-user-021,test
4078,synthetic-user-021,test
4079,synthetic-user-021,test
4080,synthetic-user-021,test
4081,synthetic-user-021,test
4082,synthetic-user-021,test
4083,synthetic-user-021,test
4084,synthetic-user-021,test
4085,synthetic-user-021,test
4086,synthetic-user-021,test
4087,synthetic-user-021,test
4088,synthetic-user-021,test
4089,synthetic-user-021,test
4090,synthetic-user-021,test
4091,synthetic-user-021,test
4092,synthetic-user-021,test
4093,synthetic-user-021,test
4094,synthetic-user-021,test
4095,synthetic-user-021,test
4096,synthetic-user-021,test
4097,synthetic-user-021,test
4098,synthetic-user-021,test
4099,synthetic-user-021,test
4100,synthetic-user-021,test
4101,synthetic-user-021,test
4102,synthetic-user-021,test
4103,synthetic-user-021,test
4104,synthetic-user-021,test
4105,synthetic-user-021,test
4106,synthetic-user-021,test
4107,synthetic-user-021,test
4108,synthetic-user-021,test
4109,synthetic-user-021,test
4110,synthetic-user-021,test
4111,synthetic-user-021,test
4112,synthetic-user-021,test
4113,synthetic-user-021,test
4114,synthetic-user-021,test
4115,synthetic-user-021,test
4116,synthetic-user-021,test
4117,synthetic-user-021,test
4118,synthetic-user-021,test
4119,synthetic-user-021,test
4120,synthetic-user-021,test
4121,synthetic-user-021,test
4122,synthetic-user-021,test
4123,synthetic-user-021,test
4124,synthetic-user-021,test
4125,synthetic-user-021,test
4126,synthetic-user-021,test
4127,synthetic-user-021,test
4128,synthetic-user-021,test
4129,synthetic-user-021,test
4130,synthetic-user-021,test
4131,synthetic-user-021,test
4132,synthetic-user-021,test
4133,synthetic-user-021,test
4134,synthetic-user-021,test
4135,synthetic-user-021,test
4136,synthetic-user-021,test
4137,synthetic-user-021,test
4138,synthetic-user-021,test
4139,synthetic-user-021,test
4140,synthetic-user-021,test
4141,synthetic-user-021,test
4142,synthetic-user-021,test
4143,synthetic-user-021,test
4144,synthetic-user-021,test
4145,synthetic-user-021,test
4146,synthetic-user-021,test
4147,synthetic-user-021,test
4148,synthetic-user-021,test
4149,synthetic-user-021,test
4150,synthetic-user-021,test
4151,synthetic-user-021,test
4152,synthetic-user-021,test
4153,synthetic-user-021,test
4154,synthetic-user-021,test
4155,synthetic-user-021,test
4156,synthetic-user-021,test
4157,synthetic-user-021,test
4158,synthetic-user-021,test
4159,synthetic-user-021,test
4160,synthetic-user-021,test
4161,synthetic-user-021,test
4162,synthetic-user-021,test
4163,synthetic-user-021,test
4164,synthetic-user-021,test
4165,synthetic-user-021,test
4166,synthetic-user-021,test
4167,synthetic-user-021,test
4168,synthetic-user-021,test
4169,synthetic-user-021,test
4170,synthetic-user-021,test
4171,synthetic-user-021,test
4172,synthetic-user-021,test
4173,synthetic-user-021,test
4174,synthetic-user-021,test
4175,synthetic-user-021,test
4176,synthetic-user-021,test
4177,synthetic-user-021,test
4178,synthetic-user-021,test
4179,synthetic-user-021,test
4180,synthetic-user-021,test
4181,synthetic-user-021,test
4182,synthetic-user-021,test
4183,synthetic-user-021,test
4184,synthetic-user-021,test
4185,synthetic-user-021,test
4186,synthetic-user-021,test
4187,synthetic-user-021,test
4188,synthetic-user-021,test
4189,synthetic-user-021,test
4190,synthetic-user-021,test
4191,synthetic-user-021,test
4192,synthetic-user-021,test
4193,synthetic-user-021,test
4194,synthetic-user-021,test
4195,synthetic-user-021,test
4196,synthetic-user-021,test
4197,synthetic-user-021,test
4198,synthetic-user-021,test
4199,synthetic-user-021,test
4200,synthetic-user-021,test
4201,synthetic-user-022,validation
4202,synthetic-user-022,validation
4203,synthetic-user-022,validation
4204,synthetic-user-022,validation
4205,synthetic-user-022,validation
4206,synthetic-user-022,validation
4207,synthetic-user-022,validation
4208,synthetic-user-022,validation
4209,synthetic-user-022,validation
4210,synthetic-user-022,validation
4211,synthetic-user-022,validation
4212,synthetic-user-022,validation
4213,synthetic-user-022,validation
4214,synthetic-user-022,validation
4215,synthetic-user-022,validation
4216,synthetic-user-022,validation
4217,synthetic-user-022,validation
4218,synthetic-user-022,validation
4219,synthetic-user-022,validation
4220,synthetic-user-022,validation
4221,synthetic-user-022,validation
4222,synthetic-user-022,validation
4223,synthetic-user-022,validation
4224,synthetic-user-022,validation
4225,synthetic-user-022,validation
4226,synthetic-user-022,validation
4227,synthetic-user-022,validation
4228,synthetic-user-022,validation
4229,synthetic-user-022,validation
4230,synthetic-user-022,validation
4231,synthetic-user-022,validation
4232,synthetic-user-022,validation
4233,synthetic-user-022,validation
4234,synthetic-user-022,validation
4235,synthetic-user-022,validation
4236,synthetic-user-022,validation
4237,synthetic-user-022,validation
4238,synthetic-user-022,validation
4239,synthetic-user-022,validation
4240,synthetic-user-022,validation
4241,synthetic-user-022,validation
4242,synthetic-user-022,validation
4243,synthetic-user-022,validation
4244,synthetic-user-022,validation
4245,synthetic-user-022,validation
4246,synthetic-user-022,validation
4247,synthetic-user-022,validation
4248,synthetic-user-022,validation
4249,synthetic-user-022,validation
4250,synthetic-user-022,validation
4251,synthetic-user-022,validation
4252,synthetic-user-022,validation
4253,synthetic-user-022,validation
4254,synthetic-user-022,validation
4255,synthetic-user-022,validation
4256,synthetic-user-022,validation
4257,synthetic-user-022,validation
4258,synthetic-user-022,validation
4259,synthetic-user-022,validation
4260,synthetic-user-022,validation
4261,synthetic-user-022,validation
4262,synthetic-user-022,validation
4263,synthetic-user-022,validation
4264,synthetic-user-022,validation
4265,synthetic-user-022,validation
4266,synthetic-user-022,validation
4267,synthetic-user-022,validation
4268,synthetic-user-022,validation
4269,synthetic-user-022,validation
4270,synthetic-user-022,validation
4271,synthetic-user-022,validation
4272,synthetic-user-022,validation
4273,synthetic-user-022,validation
4274,synthetic-user-022,validation
4275,synthetic-user-022,validation
4276,synthetic-user-022,validation
4277,synthetic-user-022,validation
4278,synthetic-user-022,validation
4279,synthetic-user-022,validation
4280,synthetic-user-022,validation
4281,synthetic-user-022,validation
4282,synthetic-user-022,validation
4283,synthetic-user-022,validation
4284,synthetic-user-022,validation
4285,synthetic-user-022,validation
4286,synthetic-user-022,validation
4287,synthetic-user-022,validation
4288,synthetic-user-022,validation
4289,synthetic-user-022,validation
4290,synthetic-user-022,validation
4291,synthetic-user-022,validation
4292,synthetic-user-022,validation
4293,synthetic-user-022,validation
4294,synthetic-user-022,validation
4295,synthetic-user-022,validation
4296,synthetic-user-022,validation
4297,synthetic-user-022,validation
4298,synthetic-user-022,validation
4299,synthetic-user-022,validation
4300,synthetic-user-022,validation
4301,synthetic-user-022,validation
4302,synthetic-user-022,validation
4303,synthetic-user-022,validation
4304,synthetic-user-022,validation
4305,synthetic-user-022,validation
4306,synthetic-user-022,validation
4307,synthetic-user-022,validation
4308,synthetic-user-022,validation
4309,synthetic-user-022,validation
4310,synthetic-user-022,validation
4311,synthetic-user-022,validation
4312,synthetic-user-022,validation
4313,synthetic-user-022,validation
4314,synthetic-user-022,validation
4315,synthetic-user-022,validation
4316,synthetic-user-022,validation
4317,synthetic-user-022,validation
4318,synthetic-user-022,validation
4319,synthetic-user-022,validation
4320,synthetic-user-022,validation
4321,synthetic-user-022,validation
4322,synthetic-user-022,validation
4323,synthetic-user-022,validation
4324,synthetic-user-022,validation
4325,synthetic-user-022,validation
4326,synthetic-user-022,validation
4327,synthetic-user-022,validation
4328,synthetic-user-022,validation
4329,synthetic-user-022,validation
4330,synthetic-user-022,validation
4331,synthetic-user-022,validation
4332,synthetic-user-022,validation
4333,synthetic-user-022,validation
4334,synthetic-user-022,validation
4335,synthetic-user-022,validation
4336,synthetic-user-022,validation
4337,synthetic-user-022,validation
4338,synthetic-user-022,validation
4339,synthetic-user-022,validation
4340,synthetic-user-022,validation
4341,synthetic-user-022,validation
4342,synthetic-user-022,validation
4343,synthetic-user-022,validation
4344,synthetic-user-022,validation
4345,synthetic-user-022,validation
4346,synthetic-user-022,validation
4347,synthetic-user-022,validation
4348,synthetic-user-022,validation
4349,synthetic-user-022,validation
4350,synthetic-user-022,validation
4351,synthetic-user-022,validation
4352,synthetic-user-022,validation
4353,synthetic-user-022,validation
4354,synthetic-user-022,validation
4355,synthetic-user-022,validation
4356,synthetic-user-022,validation
4357,synthetic-user-022,validation
4358,synthetic-user-022,validation
4359,synthetic-user-022,validation
4360,synthetic-user-022,validation
4361,synthetic-user-022,validation
4362,synthetic-user-022,validation
4363,synthetic-user-022,validation
4364,synthetic-user-022,validation
4365,synthetic-user-022,validation
4366,synthetic-user-022,validation
4367,synthetic-user-022,validation
4368,synthetic-user-022,validation
4369,synthetic-user-022,validation
4370,synthetic-user-022,validation
4371,synthetic-user-022,validation
4372,synthetic-user-022,validation
4373,synthetic-user-022,validation
4374,synthetic-user-022,validation
4375,synthetic-user-022,validation
4376,synthetic-user-022,validation
4377,synthetic-user-022,validation
4378,synthetic-user-022,validation
4379,synthetic-user-022,validation
4380,synthetic-user-022,validation
4381,synthetic-user-022,validation
4382,synthetic-user-022,validation
4383,synthetic-user-022,validation
4384,synthetic-user-022,validation
4385,synthetic-user-022,validation
4386,synthetic-user-022,validation
4387,synthetic-user-022,validation
4388,synthetic-user-022,validation
4389,synthetic-user-022,validation
4390,synthetic-user-022,validation
4391,synthetic-user-022,validation
4392,synthetic-user-022,validation
4393,synthetic-user-022,validation
4394,synthetic-user-022,validation
4395,synthetic-user-022,validation
4396,synthetic-user-022,validation
4397,synthetic-user-022,validation
4398,synthetic-user-022,validation
4399,synthetic-user-022,validation
4400,synthetic-user-022,validation
4401,synthetic-user-023,train
4402,synthetic-user-023,train
4403,synthetic-user-023,train
4404,synthetic-user-023,train
4405,synthetic-user-023,train
4406,synthetic-user-023,train
4407,synthetic-user-023,train
4408,synthetic-user-023,train
4409,synthetic-user-023,train
4410,synthetic-user-023,train
4411,synthetic-user-023,train
4412,synthetic-user-023,train
4413,synthetic-user-023,train
4414,synthetic-user-023,train
4415,synthetic-user-023,train
4416,synthetic-user-023,train
4417,synthetic-user-023,train
4418,synthetic-user-023,train
4419,synthetic-user-023,train
4420,synthetic-user-023,train
4421,synthetic-user-023,train
4422,synthetic-user-023,train
4423,synthetic-user-023,train
4424,synthetic-user-023,train
4425,synthetic-user-023,train
4426,synthetic-user-023,train
4427,synthetic-user-023,train
4428,synthetic-user-023,train
4429,synthetic-user-023,train
4430,synthetic-user-023,train
4431,synthetic-user-023,train
4432,synthetic-user-023,train
4433,synthetic-user-023,train
4434,synthetic-user-023,train
4435,synthetic-user-023,train
4436,synthetic-user-023,train
4437,synthetic-user-023,train
4438,synthetic-user-023,train
4439,synthetic-user-023,train
4440,synthetic-user-023,train
4441,synthetic-user-023,train
4442,synthetic-user-023,train
4443,synthetic-user-023,train
4444,synthetic-user-023,train
4445,synthetic-user-023,train
4446,synthetic-user-023,train
4447,synthetic-user-023,train
4448,synthetic-user-023,train
4449,synthetic-user-023,train
4450,synthetic-user-023,train
4451,synthetic-user-023,train
4452,synthetic-user-023,train
4453,synthetic-user-023,train
4454,synthetic-user-023,train
4455,synthetic-user-023,train
4456,synthetic-user-023,train
4457,synthetic-user-023,train
4458,synthetic-user-023,train
4459,synthetic-user-023,train
4460,synthetic-user-023,train
4461,synthetic-user-023,train
4462,synthetic-user-023,train
4463,synthetic-user-023,train
4464,synthetic-user-023,train
4465,synthetic-user-023,train
4466,synthetic-user-023,train
4467,synthetic-user-023,train
4468,synthetic-user-023,train
4469,synthetic-user-023,train
4470,synthetic-user-023,train
4471,synthetic-user-023,train
4472,synthetic-user-023,train
4473,synthetic-user-023,train
4474,synthetic-user-023,train
4475,synthetic-user-023,train
4476,synthetic-user-023,train
4477,synthetic-user-023,train
4478,synthetic-user-023,train
4479,synthetic-user-023,train
4480,synthetic-user-023,train
4481,synthetic-user-023,train
4482,synthetic-user-023,train
4483,synthetic-user-023,train
4484,synthetic-user-023,train
4485,synthetic-user-023,train
4486,synthetic-user-023,train
4487,synthetic-user-023,train
4488,synthetic-user-023,train
4489,synthetic-user-023,train
4490,synthetic-user-023,train
4491,synthetic-user-023,train
4492,synthetic-user-023,train
4493,synthetic-user-023,train
4494,synthetic-user-023,train
4495,synthetic-user-023,train
4496,synthetic-user-023,train
4497,synthetic-user-023,train
4498,synthetic-user-023,train
4499,synthetic-user-023,train
4500,synthetic-user-023,train
4501,synthetic-user-023,train
4502,synthetic-user-023,train
4503,synthetic-user-023,train
4504,synthetic-user-023,train
4505,synthetic-user-023,train
4506,synthetic-user-023,train
4507,synthetic-user-023,train
4508,synthetic-user-023,train
4509,synthetic-user-023,train
4510,synthetic-user-023,train
4511,synthetic-user-023,train
4512,synthetic-user-023,train
4513,synthetic-user-023,train
4514,synthetic-user-023,train
4515,synthetic-user-023,train
4516,synthetic-user-023,train
4517,synthetic-user-023,train
4518,synthetic-user-023,train
4519,synthetic-user-023,train
4520,synthetic-user-023,train
4521,synthetic-user-023,train
4522,synthetic-user-023,train
4523,synthetic-user-023,train
4524,synthetic-user-023,train
4525,synthetic-user-023,train
4526,synthetic-user-023,train
4527,synthetic-user-023,train
4528,synthetic-user-023,train
4529,synthetic-user-023,train
4530,synthetic-user-023,train
4531,synthetic-user-023,train
4532,synthetic-user-023,train
4533,synthetic-user-023,train
4534,synthetic-user-023,train
4535,synthetic-user-023,train
4536,synthetic-user-023,train
4537,synthetic-user-023,train
4538,synthetic-user-023,train
4539,synthetic-user-023,train
4540,synthetic-user-023,train
4541,synthetic-user-023,train
4542,synthetic-user-023,train
4543,synthetic-user-023,train
4544,synthetic-user-023,train
4545,synthetic-user-023,train
4546,synthetic-user-023,train
4547,synthetic-user-023,train
4548,synthetic-user-023,train
4549,synthetic-user-023,train
4550,synthetic-user-023,train
4551,synthetic-user-023,train
4552,synthetic-user-023,train
4553,synthetic-user-023,train
4554,synthetic-user-023,train
4555,synthetic-user-023,train
4556,synthetic-user-023,train
4557,synthetic-user-023,train
4558,synthetic-user-023,train
4559,synthetic-user-023,train
4560,synthetic-user-023,train
4561,synthetic-user-023,train
4562,synthetic-user-023,train
4563,synthetic-user-023,train
4564,synthetic-user-023,train
4565,synthetic-user-023,train
4566,synthetic-user-023,train
4567,synthetic-user-023,train
4568,synthetic-user-023,train
4569,synthetic-user-023,train
4570,synthetic-user-023,train
4571,synthetic-user-023,train
4572,synthetic-user-023,train
4573,synthetic-user-023,train
4574,synthetic-user-023,train
4575,synthetic-user-023,train
4576,synthetic-user-023,train
4577,synthetic-user-023,train
4578,synthetic-user-023,train
4579,synthetic-user-023,train
4580,synthetic-user-023,train
4581,synthetic-user-023,train
4582,synthetic-user-023,train
4583,synthetic-user-023,train
4584,synthetic-user-023,train
4585,synthetic-user-023,train
4586,synthetic-user-023,train
4587,synthetic-user-023,train
4588,synthetic-user-023,train
4589,synthetic-user-023,train
4590,synthetic-user-023,train
4591,synthetic-user-023,train
4592,synthetic-user-023,train
4593,synthetic-user-023,train
4594,synthetic-user-023,train
4595,synthetic-user-023,train
4596,synthetic-user-023,train
4597,synthetic-user-023,train
4598,synthetic-user-023,train
4599,synthetic-user-023,train
4600,synthetic-user-023,train
4601,synthetic-user-024,train
4602,synthetic-user-024,train
4603,synthetic-user-024,train
4604,synthetic-user-024,train
4605,synthetic-user-024,train
4606,synthetic-user-024,train
4607,synthetic-user-024,train
4608,synthetic-user-024,train
4609,synthetic-user-024,train
4610,synthetic-user-024,train
4611,synthetic-user-024,train
4612,synthetic-user-024,train
4613,synthetic-user-024,train
4614,synthetic-user-024,train
4615,synthetic-user-024,train
4616,synthetic-user-024,train
4617,synthetic-user-024,train
4618,synthetic-user-024,train
4619,synthetic-user-024,train
4620,synthetic-user-024,train
4621,synthetic-user-024,train
4622,synthetic-user-024,train
4623,synthetic-user-024,train
4624,synthetic-user-024,train
4625,synthetic-user-024,train
4626,synthetic-user-024,train
4627,synthetic-user-024,train
4628,synthetic-user-024,train
4629,synthetic-user-024,train
4630,synthetic-user-024,train
4631,synthetic-user-024,train
4632,synthetic-user-024,train
4633,synthetic-user-024,train
4634,synthetic-user-024,train
4635,synthetic-user-024,train
4636,synthetic-user-024,train
4637,synthetic-user-024,train
4638,synthetic-user-024,train
4639,synthetic-user-024,train
4640,synthetic-user-024,train
4641,synthetic-user-024,train
4642,synthetic-user-024,train
4643,synthetic-user-024,train
4644,synthetic-user-024,train
4645,synthetic-user-024,train
4646,synthetic-user-024,train
4647,synthetic-user-024,train
4648,synthetic-user-024,train
4649,synthetic-user-024,train
4650,synthetic-user-024,train
4651,synthetic-user-024,train
4652,synthetic-user-024,train
4653,synthetic-user-024,train
4654,synthetic-user-024,train
4655,synthetic-user-024,train
4656,synthetic-user-024,train
4657,synthetic-user-024,train
4658,synthetic-user-024,train
4659,synthetic-user-024,train
4660,synthetic-user-024,train
4661,synthetic-user-024,train
4662,synthetic-user-024,train
4663,synthetic-user-024,train
4664,synthetic-user-024,train
4665,synthetic-user-024,train
4666,synthetic-user-024,train
4667,synthetic-user-024,train
4668,synthetic-user-024,train
4669,synthetic-user-024,train
4670,synthetic-user-024,train
4671,synthetic-user-024,train
4672,synthetic-user-024,train
4673,synthetic-user-024,train
4674,synthetic-user-024,train
4675,synthetic-user-024,train
4676,synthetic-user-024,train
4677,synthetic-user-024,train
4678,synthetic-user-024,train
4679,synthetic-user-024,train
4680,synthetic-user-024,train
4681,synthetic-user-024,train
4682,synthetic-user-024,train
4683,synthetic-user-024,train
4684,synthetic-user-024,train
4685,synthetic-user-024,train
4686,synthetic-user-024,train
4687,synthetic-user-024,train
4688,synthetic-user-024,train
4689,synthetic-user-024,train
4690,synthetic-user-024,train
4691,synthetic-user-024,train
4692,synthetic-user-024,train
4693,synthetic-user-024,train
4694,synthetic-user-024,train
4695,synthetic-user-024,train
4696,synthetic-user-024,train
4697,synthetic-user-024,train
4698,synthetic-user-024,train
4699,synthetic-user-024,train
4700,synthetic-user-024,train
4701,synthetic-user-024,train
4702,synthetic-user-024,train
4703,synthetic-user-024,train
4704,synthetic-user-024,train
4705,synthetic-user-024,train
4706,synthetic-user-024,train
4707,synthetic-user-024,train
4708,synthetic-user-024,train
4709,synthetic-user-024,train
4710,synthetic-user-024,train
4711,synthetic-user-024,train
4712,synthetic-user-024,train
4713,synthetic-user-024,train
4714,synthetic-user-024,train
4715,synthetic-user-024,train
4716,synthetic-user-024,train
4717,synthetic-user-024,train
4718,synthetic-user-024,train
4719,synthetic-user-024,train
4720,synthetic-user-024,train
4721,synthetic-user-024,train
4722,synthetic-user-024,train
4723,synthetic-user-024,train
4724,synthetic-user-024,train
4725,synthetic-user-024,train
4726,synthetic-user-024,train
4727,synthetic-user-024,train
4728,synthetic-user-024,train
4729,synthetic-user-024,train
4730,synthetic-user-024,train
4731,synthetic-user-024,train
4732,synthetic-user-024,train
4733,synthetic-user-024,train
4734,synthetic-user-024,train
4735,synthetic-user-024,train
4736,synthetic-user-024,train
4737,synthetic-user-024,train
4738,synthetic-user-024,train
4739,synthetic-user-024,train
4740,synthetic-user-024,train
4741,synthetic-user-024,train
4742,synthetic-user-024,train
4743,synthetic-user-024,train
4744,synthetic-user-024,train
4745,synthetic-user-024,train
4746,synthetic-user-024,train
4747,synthetic-user-024,train
4748,synthetic-user-024,train
4749,synthetic-user-024,train
4750,synthetic-user-024,train
4751,synthetic-user-024,train
4752,synthetic-user-024,train
4753,synthetic-user-024,train
4754,synthetic-user-024,train
4755,synthetic-user-024,train
4756,synthetic-user-024,train
4757,synthetic-user-024,train
4758,synthetic-user-024,train
4759,synthetic-user-024,train
4760,synthetic-user-024,train
4761,synthetic-user-024,train
4762,synthetic-user-024,train
4763,synthetic-user-024,train
4764,synthetic-user-024,train
4765,synthetic-user-024,train
4766,synthetic-user-024,train
4767,synthetic-user-024,train
4768,synthetic-user-024,train
4769,synthetic-user-024,train
4770,synthetic-user-024,train
4771,synthetic-user-024,train
4772,synthetic-user-024,train
4773,synthetic-user-024,train
4774,synthetic-user-024,train
4775,synthetic-user-024,train
4776,synthetic-user-024,train
4777,synthetic-user-024,train
4778,synthetic-user-024,train
4779,synthetic-user-024,train
4780,synthetic-user-024,train
4781,synthetic-user-024,train
4782,synthetic-user-024,train
4783,synthetic-user-024,train
4784,synthetic-user-024,train
4785,synthetic-user-024,train
4786,synthetic-user-024,train
4787,synthetic-user-024,train
4788,synthetic-user-024,train
4789,synthetic-user-024,train
4790,synthetic-user-024,train
4791,synthetic-user-024,train
4792,synthetic-user-024,train
4793,synthetic-user-024,train
4794,synthetic-user-024,train
4795,synthetic-user-024,train
4796,synthetic-user-024,train
4797,synthetic-user-024,train
4798,synthetic-user-024,train
4799,synthetic-user-024,train
4800,synthetic-user-024,train
4801,synthetic-user-025,train
4802,synthetic-user-025,train
4803,synthetic-user-025,train
4804,synthetic-user-025,train
4805,synthetic-user-025,train
4806,synthetic-user-025,train
4807,synthetic-user-025,train
4808,synthetic-user-025,train
4809,synthetic-user-025,train
4810,synthetic-user-025,train
4811,synthetic-user-025,train
4812,synthetic-user-025,train
4813,synthetic-user-025,train
4814,synthetic-user-025,train
4815,synthetic-user-025,train
4816,synthetic-user-025,train
4817,synthetic-user-025,train
4818,synthetic-user-025,train
4819,synthetic-user-025,train
4820,synthetic-user-025,train
4821,synthetic-user-025,train
4822,synthetic-user-025,train
4823,synthetic-user-025,train
4824,synthetic-user-025,train
4825,synthetic-user-025,train
4826,synthetic-user-025,train
4827,synthetic-user-025,train
4828,synthetic-user-025,train
4829,synthetic-user-025,train
4830,synthetic-user-025,train
4831,synthetic-user-025,train
4832,synthetic-user-025,train
4833,synthetic-user-025,train
4834,synthetic-user-025,train
4835,synthetic-user-025,train
4836,synthetic-user-025,train
4837,synthetic-user-025,train
4838,synthetic-user-025,train
4839,synthetic-user-025,train
4840,synthetic-user-025,train
4841,synthetic-user-025,train
4842,synthetic-user-025,train
4843,synthetic-user-025,train
4844,synthetic-user-025,train
4845,synthetic-user-025,train
4846,synthetic-user-025,train
4847,synthetic-user-025,train
4848,synthetic-user-025,train
4849,synthetic-user-025,train
4850,synthetic-user-025,train
4851,synthetic-user-025,train
4852,synthetic-user-025,train
4853,synthetic-user-025,train
4854,synthetic-user-025,train
4855,synthetic-user-025,train
4856,synthetic-user-025,train
4857,synthetic-user-025,train
4858,synthetic-user-025,train
4859,synthetic-user-025,train
4860,synthetic-user-025,train
4861,synthetic-user-025,train
4862,synthetic-user-025,train
4863,synthetic-user-025,train
4864,synthetic-user-025,train
4865,synthetic-user-025,train
4866,synthetic-user-025,train
4867,synthetic-user-025,train
4868,synthetic-user-025,train
4869,synthetic-user-025,train
4870,synthetic-user-025,train
4871,synthetic-user-025,train
4872,synthetic-user-025,train
4873,synthetic-user-025,train
4874,synthetic-user-025,train
4875,synthetic-user-025,train
4876,synthetic-user-025,train
4877,synthetic-user-025,train
4878,synthetic-user-025,train
4879,synthetic-user-025,train
4880,synthetic-user-025,train
4881,synthetic-user-025,train
4882,synthetic-user-025,train
4883,synthetic-user-025,train
4884,synthetic-user-025,train
4885,synthetic-user-025,train
4886,synthetic-user-025,train
4887,synthetic-user-025,train
4888,synthetic-user-025,train
4889,synthetic-user-025,train
4890,synthetic-user-025,train
4891,synthetic-user-025,train
4892,synthetic-user-025,train
4893,synthetic-user-025,train
4894,synthetic-user-025,train
4895,synthetic-user-025,train
4896,synthetic-user-025,train
4897,synthetic-user-025,train
4898,synthetic-user-025,train
4899,synthetic-user-025,train
4900,synthetic-user-025,train
4901,synthetic-user-025,train
4902,synthetic-user-025,train
4903,synthetic-user-025,train
4904,synthetic-user-025,train
4905,synthetic-user-025,train
4906,synthetic-user-025,train
4907,synthetic-user-025,train
4908,synthetic-user-025,train
4909,synthetic-user-025,train
4910,synthetic-user-025,train
4911,synthetic-user-025,train
4912,synthetic-user-025,train
4913,synthetic-user-025,train
4914,synthetic-user-025,train
4915,synthetic-user-025,train
4916,synthetic-user-025,train
4917,synthetic-user-025,train
4918,synthetic-user-025,train
4919,synthetic-user-025,train
4920,synthetic-user-025,train
4921,synthetic-user-025,train
4922,synthetic-user-025,train
4923,synthetic-user-025,train
4924,synthetic-user-025,train
4925,synthetic-user-025,train
4926,synthetic-user-025,train
4927,synthetic-user-025,train
4928,synthetic-user-025,train
4929,synthetic-user-025,train
4930,synthetic-user-025,train
4931,synthetic-user-025,train
4932,synthetic-user-025,train
4933,synthetic-user-025,train
4934,synthetic-user-025,train
4935,synthetic-user-025,train
4936,synthetic-user-025,train
4937,synthetic-user-025,train
4938,synthetic-user-025,train
4939,synthetic-user-025,train
4940,synthetic-user-025,train
4941,synthetic-user-025,train
4942,synthetic-user-025,train
4943,synthetic-user-025,train
4944,synthetic-user-025,train
4945,synthetic-user-025,train
4946,synthetic-user-025,train
4947,synthetic-user-025,train
4948,synthetic-user-025,train
4949,synthetic-user-025,train
4950,synthetic-user-025,train
4951,synthetic-user-025,train
4952,synthetic-user-025,train
4953,synthetic-user-025,train
4954,synthetic-user-025,train
4955,synthetic-user-025,train
4956,synthetic-user-025,train
4957,synthetic-user-025,train
4958,synthetic-user-025,train
4959,synthetic-user-025,train
4960,synthetic-user-025,train
4961,synthetic-user-025,train
4962,synthetic-user-025,train
4963,synthetic-user-025,train
4964,synthetic-user-025,train
4965,synthetic-user-025,train
4966,synthetic-user-025,train
4967,synthetic-user-025,train
4968,synthetic-user-025,train
4969,synthetic-user-025,train
4970,synthetic-user-025,train
4971,synthetic-user-025,train
4972,synthetic-user-025,train
4973,synthetic-user-025,train
4974,synthetic-user-025,train
4975,synthetic-user-025,train
4976,synthetic-user-025,train
4977,synthetic-user-025,train
4978,synthetic-user-025,train
4979,synthetic-user-025,train
4980,synthetic-user-025,train
4981,synthetic-user-025,train
4982,synthetic-user-025,train
4983,synthetic-user-025,train
4984,synthetic-user-025,train
4985,synthetic-user-025,train
4986,synthetic-user-025,train
4987,synthetic-user-025,train
4988,synthetic-user-025,train
4989,synthetic-user-025,train
4990,synthetic-user-025,train
4991,synthetic-user-025,train
4992,synthetic-user-025,train
4993,synthetic-user-025,train
4994,synthetic-user-025,train
4995,synthetic-user-025,train
4996,synthetic-user-025,train
4997,synthetic-user-025,train
4998,synthetic-user-025,train
4999,synthetic-user-025,train
5000,synthetic-user-025,train
5001,synthetic-user-026,test
5002,synthetic-user-026,test
5003,synthetic-user-026,test
5004,synthetic-user-026,test
5005,synthetic-user-026,test
5006,synthetic-user-026,test
5007,synthetic-user-026,test
5008,synthetic-user-026,test
5009,synthetic-user-026,test
5010,synthetic-user-026,test
5011,synthetic-user-026,test
5012,synthetic-user-026,test
5013,synthetic-user-026,test
5014,synthetic-user-026,test
5015,synthetic-user-026,test
5016,synthetic-user-026,test
5017,synthetic-user-026,test
5018,synthetic-user-026,test
5019,synthetic-user-026,test
5020,synthetic-user-026,test
5021,synthetic-user-026,test
5022,synthetic-user-026,test
5023,synthetic-user-026,test
5024,synthetic-user-026,test
5025,synthetic-user-026,test
5026,synthetic-user-026,test
5027,synthetic-user-026,test
5028,synthetic-user-026,test
5029,synthetic-user-026,test
5030,synthetic-user-026,test
5031,synthetic-user-026,test
5032,synthetic-user-026,test
5033,synthetic-user-026,test
5034,synthetic-user-026,test
5035,synthetic-user-026,test
5036,synthetic-user-026,test
5037,synthetic-user-026,test
5038,synthetic-user-026,test
5039,synthetic-user-026,test
5040,synthetic-user-026,test
5041,synthetic-user-026,test
5042,synthetic-user-026,test
5043,synthetic-user-026,test
5044,synthetic-user-026,test
5045,synthetic-user-026,test
5046,synthetic-user-026,test
5047,synthetic-user-026,test
5048,synthetic-user-026,test
5049,synthetic-user-026,test
5050,synthetic-user-026,test
5051,synthetic-user-026,test
5052,synthetic-user-026,test
5053,synthetic-user-026,test
5054,synthetic-user-026,test
5055,synthetic-user-026,test
5056,synthetic-user-026,test
5057,synthetic-user-026,test
5058,synthetic-user-026,test
5059,synthetic-user-026,test
5060,synthetic-user-026,test
5061,synthetic-user-026,test
5062,synthetic-user-026,test
5063,synthetic-user-026,test
5064,synthetic-user-026,test
5065,synthetic-user-026,test
5066,synthetic-user-026,test
5067,synthetic-user-026,test
5068,synthetic-user-026,test
5069,synthetic-user-026,test
5070,synthetic-user-026,test
5071,synthetic-user-026,test
5072,synthetic-user-026,test
5073,synthetic-user-026,test
5074,synthetic-user-026,test
5075,synthetic-user-026,test
5076,synthetic-user-026,test
5077,synthetic-user-026,test
5078,synthetic-user-026,test
5079,synthetic-user-026,test
5080,synthetic-user-026,test
5081,synthetic-user-026,test
5082,synthetic-user-026,test
5083,synthetic-user-026,test
5084,synthetic-user-026,test
5085,synthetic-user-026,test
5086,synthetic-user-026,test
5087,synthetic-user-026,test
5088,synthetic-user-026,test
5089,synthetic-user-026,test
5090,synthetic-user-026,test
5091,synthetic-user-026,test
5092,synthetic-user-026,test
5093,synthetic-user-026,test
5094,synthetic-user-026,test
5095,synthetic-user-026,test
5096,synthetic-user-026,test
5097,synthetic-user-026,test
5098,synthetic-user-026,test
5099,synthetic-user-026,test
5100,synthetic-user-026,test
5101,synthetic-user-026,test
5102,synthetic-user-026,test
5103,synthetic-user-026,test
5104,synthetic-user-026,test
5105,synthetic-user-026,test
5106,synthetic-user-026,test
5107,synthetic-user-026,test
5108,synthetic-user-026,test
5109,synthetic-user-026,test
5110,synthetic-user-026,test
5111,synthetic-user-026,test
5112,synthetic-user-026,test
5113,synthetic-user-026,test
5114,synthetic-user-026,test
5115,synthetic-user-026,test
5116,synthetic-user-026,test
5117,synthetic-user-026,test
5118,synthetic-user-026,test
5119,synthetic-user-026,test
5120,synthetic-user-026,test
5121,synthetic-user-026,test
5122,synthetic-user-026,test
5123,synthetic-user-026,test
5124,synthetic-user-026,test
5125,synthetic-user-026,test
5126,synthetic-user-026,test
5127,synthetic-user-026,test
5128,synthetic-user-026,test
5129,synthetic-user-026,test
5130,synthetic-user-026,test
5131,synthetic-user-026,test
5132,synthetic-user-026,test
5133,synthetic-user-026,test
5134,synthetic-user-026,test
5135,synthetic-user-026,test
5136,synthetic-user-026,test
5137,synthetic-user-026,test
5138,synthetic-user-026,test
5139,synthetic-user-026,test
5140,synthetic-user-026,test
5141,synthetic-user-026,test
5142,synthetic-user-026,test
5143,synthetic-user-026,test
5144,synthetic-user-026,test
5145,synthetic-user-026,test
5146,synthetic-user-026,test
5147,synthetic-user-026,test
5148,synthetic-user-026,test
5149,synthetic-user-026,test
5150,synthetic-user-026,test
5151,synthetic-user-026,test
5152,synthetic-user-026,test
5153,synthetic-user-026,test
5154,synthetic-user-026,test
5155,synthetic-user-026,test
5156,synthetic-user-026,test
5157,synthetic-user-026,test
5158,synthetic-user-026,test
5159,synthetic-user-026,test
5160,synthetic-user-026,test
5161,synthetic-user-026,test
5162,synthetic-user-026,test
5163,synthetic-user-026,test
5164,synthetic-user-026,test
5165,synthetic-user-026,test
5166,synthetic-user-026,test
5167,synthetic-user-026,test
5168,synthetic-user-026,test
5169,synthetic-user-026,test
5170,synthetic-user-026,test
5171,synthetic-user-026,test
5172,synthetic-user-026,test
5173,synthetic-user-026,test
5174,synthetic-user-026,test
5175,synthetic-user-026,test
5176,synthetic-user-026,test
5177,synthetic-user-026,test
5178,synthetic-user-026,test
5179,synthetic-user-026,test
5180,synthetic-user-026,test
5181,synthetic-user-026,test
5182,synthetic-user-026,test
5183,synthetic-user-026,test
5184,synthetic-user-026,test
5185,synthetic-user-026,test
5186,synthetic-user-026,test
5187,synthetic-user-026,test
5188,synthetic-user-026,test
5189,synthetic-user-026,test
5190,synthetic-user-026,test
5191,synthetic-user-026,test
5192,synthetic-user-026,test
5193,synthetic-user-026,test
5194,synthetic-user-026,test
5195,synthetic-user-026,test
5196,synthetic-user-026,test
5197,synthetic-user-026,test
5198,synthetic-user-026,test
5199,synthetic-user-026,test
5200,synthetic-user-026,test
5201,synthetic-user-027,validation
5202,synthetic-user-027,validation
5203,synthetic-user-027,validation
5204,synthetic-user-027,validation
5205,synthetic-user-027,validation
5206,synthetic-user-027,validation
5207,synthetic-user-027,validation
5208,synthetic-user-027,validation
5209,synthetic-user-027,validation
5210,synthetic-user-027,validation
5211,synthetic-user-027,validation
5212,synthetic-user-027,validation
5213,synthetic-user-027,validation
5214,synthetic-user-027,validation
5215,synthetic-user-027,validation
5216,synthetic-user-027,validation
5217,synthetic-user-027,validation
5218,synthetic-user-027,validation
5219,synthetic-user-027,validation
5220,synthetic-user-027,validation
5221,synthetic-user-027,validation
5222,synthetic-user-027,validation
5223,synthetic-user-027,validation
5224,synthetic-user-027,validation
5225,synthetic-user-027,validation
5226,synthetic-user-027,validation
5227,synthetic-user-027,validation
5228,synthetic-user-027,validation
5229,synthetic-user-027,validation
5230,synthetic-user-027,validation
5231,synthetic-user-027,validation
5232,synthetic-user-027,validation
5233,synthetic-user-027,validation
5234,synthetic-user-027,validation
5235,synthetic-user-027,validation
5236,synthetic-user-027,validation
5237,synthetic-user-027,validation
5238,synthetic-user-027,validation
5239,synthetic-user-027,validation
5240,synthetic-user-027,validation
5241,synthetic-user-027,validation
5242,synthetic-user-027,validation
5243,synthetic-user-027,validation
5244,synthetic-user-027,validation
5245,synthetic-user-027,validation
5246,synthetic-user-027,validation
5247,synthetic-user-027,validation
5248,synthetic-user-027,validation
5249,synthetic-user-027,validation
5250,synthetic-user-027,validation
5251,synthetic-user-027,validation
5252,synthetic-user-027,validation
5253,synthetic-user-027,validation
5254,synthetic-user-027,validation
5255,synthetic-user-027,validation
5256,synthetic-user-027,validation
5257,synthetic-user-027,validation
5258,synthetic-user-027,validation
5259,synthetic-user-027,validation
5260,synthetic-user-027,validation
5261,synthetic-user-027,validation
5262,synthetic-user-027,validation
5263,synthetic-user-027,validation
5264,synthetic-user-027,validation
5265,synthetic-user-027,validation
5266,synthetic-user-027,validation
5267,synthetic-user-027,validation
5268,synthetic-user-027,validation
5269,synthetic-user-027,validation
5270,synthetic-user-027,validation
5271,synthetic-user-027,validation
5272,synthetic-user-027,validation
5273,synthetic-user-027,validation
5274,synthetic-user-027,validation
5275,synthetic-user-027,validation
5276,synthetic-user-027,validation
5277,synthetic-user-027,validation
5278,synthetic-user-027,validation
5279,synthetic-user-027,validation
5280,synthetic-user-027,validation
5281,synthetic-user-027,validation
5282,synthetic-user-027,validation
5283,synthetic-user-027,validation
5284,synthetic-user-027,validation
5285,synthetic-user-027,validation
5286,synthetic-user-027,validation
5287,synthetic-user-027,validation
5288,synthetic-user-027,validation
5289,synthetic-user-027,validation
5290,synthetic-user-027,validation
5291,synthetic-user-027,validation
5292,synthetic-user-027,validation
5293,synthetic-user-027,validation
5294,synthetic-user-027,validation
5295,synthetic-user-027,validation
5296,synthetic-user-027,validation
5297,synthetic-user-027,validation
5298,synthetic-user-027,validation
5299,synthetic-user-027,validation
5300,synthetic-user-027,validation
5301,synthetic-user-027,validation
5302,synthetic-user-027,validation
5303,synthetic-user-027,validation
5304,synthetic-user-027,validation
5305,synthetic-user-027,validation
5306,synthetic-user-027,validation
5307,synthetic-user-027,validation
5308,synthetic-user-027,validation
5309,synthetic-user-027,validation
5310,synthetic-user-027,validation
5311,synthetic-user-027,validation
5312,synthetic-user-027,validation
5313,synthetic-user-027,validation
5314,synthetic-user-027,validation
5315,synthetic-user-027,validation
5316,synthetic-user-027,validation
5317,synthetic-user-027,validation
5318,synthetic-user-027,validation
5319,synthetic-user-027,validation
5320,synthetic-user-027,validation
5321,synthetic-user-027,validation
5322,synthetic-user-027,validation
5323,synthetic-user-027,validation
5324,synthetic-user-027,validation
5325,synthetic-user-027,validation
5326,synthetic-user-027,validation
5327,synthetic-user-027,validation
5328,synthetic-user-027,validation
5329,synthetic-user-027,validation
5330,synthetic-user-027,validation
5331,synthetic-user-027,validation
5332,synthetic-user-027,validation
5333,synthetic-user-027,validation
5334,synthetic-user-027,validation
5335,synthetic-user-027,validation
5336,synthetic-user-027,validation
5337,synthetic-user-027,validation
5338,synthetic-user-027,validation
5339,synthetic-user-027,validation
5340,synthetic-user-027,validation
5341,synthetic-user-027,validation
5342,synthetic-user-027,validation
5343,synthetic-user-027,validation
5344,synthetic-user-027,validation
5345,synthetic-user-027,validation
5346,synthetic-user-027,validation
5347,synthetic-user-027,validation
5348,synthetic-user-027,validation
5349,synthetic-user-027,validation
5350,synthetic-user-027,validation
5351,synthetic-user-027,validation
5352,synthetic-user-027,validation
5353,synthetic-user-027,validation
5354,synthetic-user-027,validation
5355,synthetic-user-027,validation
5356,synthetic-user-027,validation
5357,synthetic-user-027,validation
5358,synthetic-user-027,validation
5359,synthetic-user-027,validation
5360,synthetic-user-027,validation
5361,synthetic-user-027,validation
5362,synthetic-user-027,validation
5363,synthetic-user-027,validation
5364,synthetic-user-027,validation
5365,synthetic-user-027,validation
5366,synthetic-user-027,validation
5367,synthetic-user-027,validation
5368,synthetic-user-027,validation
5369,synthetic-user-027,validation
5370,synthetic-user-027,validation
5371,synthetic-user-027,validation
5372,synthetic-user-027,validation
5373,synthetic-user-027,validation
5374,synthetic-user-027,validation
5375,synthetic-user-027,validation
5376,synthetic-user-027,validation
5377,synthetic-user-027,validation
5378,synthetic-user-027,validation
5379,synthetic-user-027,validation
5380,synthetic-user-027,validation
5381,synthetic-user-027,validation
5382,synthetic-user-027,validation
5383,synthetic-user-027,validation
5384,synthetic-user-027,validation
5385,synthetic-user-027,validation
5386,synthetic-user-027,validation
5387,synthetic-user-027,validation
5388,synthetic-user-027,validation
5389,synthetic-user-027,validation
5390,synthetic-user-027,validation
5391,synthetic-user-027,validation
5392,synthetic-user-027,validation
5393,synthetic-user-027,validation
5394,synthetic-user-027,validation
5395,synthetic-user-027,validation
5396,synthetic-user-027,validation
5397,synthetic-user-027,validation
5398,synthetic-user-027,validation
5399,synthetic-user-027,validation
5400,synthetic-user-027,validation
5401,synthetic-user-028,train
5402,synthetic-user-028,train
5403,synthetic-user-028,train
5404,synthetic-user-028,train
5405,synthetic-user-028,train
5406,synthetic-user-028,train
5407,synthetic-user-028,train
5408,synthetic-user-028,train
5409,synthetic-user-028,train
5410,synthetic-user-028,train
5411,synthetic-user-028,train
5412,synthetic-user-028,train
5413,synthetic-user-028,train
5414,synthetic-user-028,train
5415,synthetic-user-028,train
5416,synthetic-user-028,train
5417,synthetic-user-028,train
5418,synthetic-user-028,train
5419,synthetic-user-028,train
5420,synthetic-user-028,train
5421,synthetic-user-028,train
5422,synthetic-user-028,train
5423,synthetic-user-028,train
5424,synthetic-user-028,train
5425,synthetic-user-028,train
5426,synthetic-user-028,train
5427,synthetic-user-028,train
5428,synthetic-user-028,train
5429,synthetic-user-028,train
5430,synthetic-user-028,train
5431,synthetic-user-028,train
5432,synthetic-user-028,train
5433,synthetic-user-028,train
5434,synthetic-user-028,train
5435,synthetic-user-028,train
5436,synthetic-user-028,train
5437,synthetic-user-028,train
5438,synthetic-user-028,train
5439,synthetic-user-028,train
5440,synthetic-user-028,train
5441,synthetic-user-028,train
5442,synthetic-user-028,train
5443,synthetic-user-028,train
5444,synthetic-user-028,train
5445,synthetic-user-028,train
5446,synthetic-user-028,train
5447,synthetic-user-028,train
5448,synthetic-user-028,train
5449,synthetic-user-028,train
5450,synthetic-user-028,train
5451,synthetic-user-028,train
5452,synthetic-user-028,train
5453,synthetic-user-028,train
5454,synthetic-user-028,train
5455,synthetic-user-028,train
5456,synthetic-user-028,train
5457,synthetic-user-028,train
5458,synthetic-user-028,train
5459,synthetic-user-028,train
5460,synthetic-user-028,train
5461,synthetic-user-028,train
5462,synthetic-user-028,train
5463,synthetic-user-028,train
5464,synthetic-user-028,train
5465,synthetic-user-028,train
5466,synthetic-user-028,train
5467,synthetic-user-028,train
5468,synthetic-user-028,train
5469,synthetic-user-028,train
5470,synthetic-user-028,train
5471,synthetic-user-028,train
5472,synthetic-user-028,train
5473,synthetic-user-028,train
5474,synthetic-user-028,train
5475,synthetic-user-028,train
5476,synthetic-user-028,train
5477,synthetic-user-028,train
5478,synthetic-user-028,train
5479,synthetic-user-028,train
5480,synthetic-user-028,train
5481,synthetic-user-028,train
5482,synthetic-user-028,train
5483,synthetic-user-028,train
5484,synthetic-user-028,train
5485,synthetic-user-028,train
5486,synthetic-user-028,train
5487,synthetic-user-028,train
5488,synthetic-user-028,train
5489,synthetic-user-028,train
5490,synthetic-user-028,train
5491,synthetic-user-028,train
5492,synthetic-user-028,train
5493,synthetic-user-028,train
5494,synthetic-user-028,train
5495,synthetic-user-028,train
5496,synthetic-user-028,train
5497,synthetic-user-028,train
5498,synthetic-user-028,train
5499,synthetic-user-028,train
5500,synthetic-user-028,train
5501,synthetic-user-028,train
5502,synthetic-user-028,train
5503,synthetic-user-028,train
5504,synthetic-user-028,train
5505,synthetic-user-028,train
5506,synthetic-user-028,train
5507,synthetic-user-028,train
5508,synthetic-user-028,train
5509,synthetic-user-028,train
5510,synthetic-user-028,train
5511,synthetic-user-028,train
5512,synthetic-user-028,train
5513,synthetic-user-028,train
5514,synthetic-user-028,train
5515,synthetic-user-028,train
5516,synthetic-user-028,train
5517,synthetic-user-028,train
5518,synthetic-user-028,train
5519,synthetic-user-028,train
5520,synthetic-user-028,train
5521,synthetic-user-028,train
5522,synthetic-user-028,train
5523,synthetic-user-028,train
5524,synthetic-user-028,train
5525,synthetic-user-028,train
5526,synthetic-user-028,train
5527,synthetic-user-028,train
5528,synthetic-user-028,train
5529,synthetic-user-028,train
5530,synthetic-user-028,train
5531,synthetic-user-028,train
5532,synthetic-user-028,train
5533,synthetic-user-028,train
5534,synthetic-user-028,train
5535,synthetic-user-028,train
5536,synthetic-user-028,train
5537,synthetic-user-028,train
5538,synthetic-user-028,train
5539,synthetic-user-028,train
5540,synthetic-user-028,train
5541,synthetic-user-028,train
5542,synthetic-user-028,train
5543,synthetic-user-028,train
5544,synthetic-user-028,train
5545,synthetic-user-028,train
5546,synthetic-user-028,train
5547,synthetic-user-028,train
5548,synthetic-user-028,train
5549,synthetic-user-028,train
5550,synthetic-user-028,train
5551,synthetic-user-028,train
5552,synthetic-user-028,train
5553,synthetic-user-028,train
5554,synthetic-user-028,train
5555,synthetic-user-028,train
5556,synthetic-user-028,train
5557,synthetic-user-028,train
5558,synthetic-user-028,train
5559,synthetic-user-028,train
5560,synthetic-user-028,train
5561,synthetic-user-028,train
5562,synthetic-user-028,train
5563,synthetic-user-028,train
5564,synthetic-user-028,train
5565,synthetic-user-028,train
5566,synthetic-user-028,train
5567,synthetic-user-028,train
5568,synthetic-user-028,train
5569,synthetic-user-028,train
5570,synthetic-user-028,train
5571,synthetic-user-028,train
5572,synthetic-user-028,train
5573,synthetic-user-028,train
5574,synthetic-user-028,train
5575,synthetic-user-028,train
5576,synthetic-user-028,train
5577,synthetic-user-028,train
5578,synthetic-user-028,train
5579,synthetic-user-028,train
5580,synthetic-user-028,train
5581,synthetic-user-028,train
5582,synthetic-user-028,train
5583,synthetic-user-028,train
5584,synthetic-user-028,train
5585,synthetic-user-028,train
5586,synthetic-user-028,train
5587,synthetic-user-028,train
5588,synthetic-user-028,train
5589,synthetic-user-028,train
5590,synthetic-user-028,train
5591,synthetic-user-028,train
5592,synthetic-user-028,train
5593,synthetic-user-028,train
5594,synthetic-user-028,train
5595,synthetic-user-028,train
5596,synthetic-user-028,train
5597,synthetic-user-028,train
5598,synthetic-user-028,train
5599,synthetic-user-028,train
5600,synthetic-user-028,train
5601,synthetic-user-029,train
5602,synthetic-user-029,train
5603,synthetic-user-029,train
5604,synthetic-user-029,train
5605,synthetic-user-029,train
5606,synthetic-user-029,train
5607,synthetic-user-029,train
5608,synthetic-user-029,train
5609,synthetic-user-029,train
5610,synthetic-user-029,train
5611,synthetic-user-029,train
5612,synthetic-user-029,train
5613,synthetic-user-029,train
5614,synthetic-user-029,train
5615,synthetic-user-029,train
5616,synthetic-user-029,train
5617,synthetic-user-029,train
5618,synthetic-user-029,train
5619,synthetic-user-029,train
5620,synthetic-user-029,train
5621,synthetic-user-029,train
5622,synthetic-user-029,train
5623,synthetic-user-029,train
5624,synthetic-user-029,train
5625,synthetic-user-029,train
5626,synthetic-user-029,train
5627,synthetic-user-029,train
5628,synthetic-user-029,train
5629,synthetic-user-029,train
5630,synthetic-user-029,train
5631,synthetic-user-029,train
5632,synthetic-user-029,train
5633,synthetic-user-029,train
5634,synthetic-user-029,train
5635,synthetic-user-029,train
5636,synthetic-user-029,train
5637,synthetic-user-029,train
5638,synthetic-user-029,train
5639,synthetic-user-029,train
5640,synthetic-user-029,train
5641,synthetic-user-029,train
5642,synthetic-user-029,train
5643,synthetic-user-029,train
5644,synthetic-user-029,train
5645,synthetic-user-029,train
5646,synthetic-user-029,train
5647,synthetic-user-029,train
5648,synthetic-user-029,train
5649,synthetic-user-029,train
5650,synthetic-user-029,train
5651,synthetic-user-029,train
5652,synthetic-user-029,train
5653,synthetic-user-029,train
5654,synthetic-user-029,train
5655,synthetic-user-029,train
5656,synthetic-user-029,train
5657,synthetic-user-029,train
5658,synthetic-user-029,train
5659,synthetic-user-029,train
5660,synthetic-user-029,train
5661,synthetic-user-029,train
5662,synthetic-user-029,train
5663,synthetic-user-029,train
5664,synthetic-user-029,train
5665,synthetic-user-029,train
5666,synthetic-user-029,train
5667,synthetic-user-029,train
5668,synthetic-user-029,train
5669,synthetic-user-029,train
5670,synthetic-user-029,train
5671,synthetic-user-029,train
5672,synthetic-user-029,train
5673,synthetic-user-029,train
5674,synthetic-user-029,train
5675,synthetic-user-029,train
5676,synthetic-user-029,train
5677,synthetic-user-029,train
5678,synthetic-user-029,train
5679,synthetic-user-029,train
5680,synthetic-user-029,train
5681,synthetic-user-029,train
5682,synthetic-user-029,train
5683,synthetic-user-029,train
5684,synthetic-user-029,train
5685,synthetic-user-029,train
5686,synthetic-user-029,train
5687,synthetic-user-029,train
5688,synthetic-user-029,train
5689,synthetic-user-029,train
5690,synthetic-user-029,train
5691,synthetic-user-029,train
5692,synthetic-user-029,train
5693,synthetic-user-029,train
5694,synthetic-user-029,train
5695,synthetic-user-029,train
5696,synthetic-user-029,train
5697,synthetic-user-029,train
5698,synthetic-user-029,train
5699,synthetic-user-029,train
5700,synthetic-user-029,train
5701,synthetic-user-029,train
5702,synthetic-user-029,train
5703,synthetic-user-029,train
5704,synthetic-user-029,train
5705,synthetic-user-029,train
5706,synthetic-user-029,train
5707,synthetic-user-029,train
5708,synthetic-user-029,train
5709,synthetic-user-029,train
5710,synthetic-user-029,train
5711,synthetic-user-029,train
5712,synthetic-user-029,train
5713,synthetic-user-029,train
5714,synthetic-user-029,train
5715,synthetic-user-029,train
5716,synthetic-user-029,train
5717,synthetic-user-029,train
5718,synthetic-user-029,train
5719,synthetic-user-029,train
5720,synthetic-user-029,train
5721,synthetic-user-029,train
5722,synthetic-user-029,train
5723,synthetic-user-029,train
5724,synthetic-user-029,train
5725,synthetic-user-029,train
5726,synthetic-user-029,train
5727,synthetic-user-029,train
5728,synthetic-user-029,train
5729,synthetic-user-029,train
5730,synthetic-user-029,train
5731,synthetic-user-029,train
5732,synthetic-user-029,train
5733,synthetic-user-029,train
5734,synthetic-user-029,train
5735,synthetic-user-029,train
5736,synthetic-user-029,train
5737,synthetic-user-029,train
5738,synthetic-user-029,train
5739,synthetic-user-029,train
5740,synthetic-user-029,train
5741,synthetic-user-029,train
5742,synthetic-user-029,train
5743,synthetic-user-029,train
5744,synthetic-user-029,train
5745,synthetic-user-029,train
5746,synthetic-user-029,train
5747,synthetic-user-029,train
5748,synthetic-user-029,train
5749,synthetic-user-029,train
5750,synthetic-user-029,train
5751,synthetic-user-029,train
5752,synthetic-user-029,train
5753,synthetic-user-029,train
5754,synthetic-user-029,train
5755,synthetic-user-029,train
5756,synthetic-user-029,train
5757,synthetic-user-029,train
5758,synthetic-user-029,train
5759,synthetic-user-029,train
5760,synthetic-user-029,train
5761,synthetic-user-029,train
5762,synthetic-user-029,train
5763,synthetic-user-029,train
5764,synthetic-user-029,train
5765,synthetic-user-029,train
5766,synthetic-user-029,train
5767,synthetic-user-029,train
5768,synthetic-user-029,train
5769,synthetic-user-029,train
5770,synthetic-user-029,train
5771,synthetic-user-029,train
5772,synthetic-user-029,train
5773,synthetic-user-029,train
5774,synthetic-user-029,train
5775,synthetic-user-029,train
5776,synthetic-user-029,train
5777,synthetic-user-029,train
5778,synthetic-user-029,train
5779,synthetic-user-029,train
5780,synthetic-user-029,train
5781,synthetic-user-029,train
5782,synthetic-user-029,train
5783,synthetic-user-029,train
5784,synthetic-user-029,train
5785,synthetic-user-029,train
5786,synthetic-user-029,train
5787,synthetic-user-029,train
5788,synthetic-user-029,train
5789,synthetic-user-029,train
5790,synthetic-user-029,train
5791,synthetic-user-029,train
5792,synthetic-user-029,train
5793,synthetic-user-029,train
5794,synthetic-user-029,train
5795,synthetic-user-029,train
5796,synthetic-user-029,train
5797,synthetic-user-029,train
5798,synthetic-user-029,train
5799,synthetic-user-029,train
5800,synthetic-user-029,train
5801,synthetic-user-030,train
5802,synthetic-user-030,train
5803,synthetic-user-030,train
5804,synthetic-user-030,train
5805,synthetic-user-030,train
5806,synthetic-user-030,train
5807,synthetic-user-030,train
5808,synthetic-user-030,train
5809,synthetic-user-030,train
5810,synthetic-user-030,train
5811,synthetic-user-030,train
5812,synthetic-user-030,train
5813,synthetic-user-030,train
5814,synthetic-user-030,train
5815,synthetic-user-030,train
5816,synthetic-user-030,train
5817,synthetic-user-030,train
5818,synthetic-user-030,train
5819,synthetic-user-030,train
5820,synthetic-user-030,train
5821,synthetic-user-030,train
5822,synthetic-user-030,train
5823,synthetic-user-030,train
5824,synthetic-user-030,train
5825,synthetic-user-030,train
5826,synthetic-user-030,train
5827,synthetic-user-030,train
5828,synthetic-user-030,train
5829,synthetic-user-030,train
5830,synthetic-user-030,train
5831,synthetic-user-030,train
5832,synthetic-user-030,train
5833,synthetic-user-030,train
5834,synthetic-user-030,train
5835,synthetic-user-030,train
5836,synthetic-user-030,train
5837,synthetic-user-030,train
5838,synthetic-user-030,train
5839,synthetic-user-030,train
5840,synthetic-user-030,train
5841,synthetic-user-030,train
5842,synthetic-user-030,train
5843,synthetic-user-030,train
5844,synthetic-user-030,train
5845,synthetic-user-030,train
5846,synthetic-user-030,train
5847,synthetic-user-030,train
5848,synthetic-user-030,train
5849,synthetic-user-030,train
5850,synthetic-user-030,train
5851,synthetic-user-030,train
5852,synthetic-user-030,train
5853,synthetic-user-030,train
5854,synthetic-user-030,train
5855,synthetic-user-030,train
5856,synthetic-user-030,train
5857,synthetic-user-030,train
5858,synthetic-user-030,train
5859,synthetic-user-030,train
5860,synthetic-user-030,train
5861,synthetic-user-030,train
5862,synthetic-user-030,train
5863,synthetic-user-030,train
5864,synthetic-user-030,train
5865,synthetic-user-030,train
5866,synthetic-user-030,train
5867,synthetic-user-030,train
5868,synthetic-user-030,train
5869,synthetic-user-030,train
5870,synthetic-user-030,train
5871,synthetic-user-030,train
5872,synthetic-user-030,train
5873,synthetic-user-030,train
5874,synthetic-user-030,train
5875,synthetic-user-030,train
5876,synthetic-user-030,train
5877,synthetic-user-030,train
5878,synthetic-user-030,train
5879,synthetic-user-030,train
5880,synthetic-user-030,train
5881,synthetic-user-030,train
5882,synthetic-user-030,train
5883,synthetic-user-030,train
5884,synthetic-user-030,train
5885,synthetic-user-030,train
5886,synthetic-user-030,train
5887,synthetic-user-030,train
5888,synthetic-user-030,train
5889,synthetic-user-030,train
5890,synthetic-user-030,train
5891,synthetic-user-030,train
5892,synthetic-user-030,train
5893,synthetic-user-030,train
5894,synthetic-user-030,train
5895,synthetic-user-030,train
5896,synthetic-user-030,train
5897,synthetic-user-030,train
5898,synthetic-user-030,train
5899,synthetic-user-030,train
5900,synthetic-user-030,train
5901,synthetic-user-030,train
5902,synthetic-user-030,train
5903,synthetic-user-030,train
5904,synthetic-user-030,train
5905,synthetic-user-030,train
5906,synthetic-user-030,train
5907,synthetic-user-030,train
5908,synthetic-user-030,train
5909,synthetic-user-030,train
5910,synthetic-user-030,train
5911,synthetic-user-030,train
5912,synthetic-user-030,train
5913,synthetic-user-030,train
5914,synthetic-user-030,train
5915,synthetic-user-030,train
5916,synthetic-user-030,train
5917,synthetic-user-030,train
5918,synthetic-user-030,train
5919,synthetic-user-030,train
5920,synthetic-user-030,train
5921,synthetic-user-030,train
5922,synthetic-user-030,train
5923,synthetic-user-030,train
5924,synthetic-user-030,train
5925,synthetic-user-030,train
5926,synthetic-user-030,train
5927,synthetic-user-030,train
5928,synthetic-user-030,train
5929,synthetic-user-030,train
5930,synthetic-user-030,train
5931,synthetic-user-030,train
5932,synthetic-user-030,train
5933,synthetic-user-030,train
5934,synthetic-user-030,train
5935,synthetic-user-030,train
5936,synthetic-user-030,train
5937,synthetic-user-030,train
5938,synthetic-user-030,train
5939,synthetic-user-030,train
5940,synthetic-user-030,train
5941,synthetic-user-030,train
5942,synthetic-user-030,train
5943,synthetic-user-030,train
5944,synthetic-user-030,train
5945,synthetic-user-030,train
5946,synthetic-user-030,train
5947,synthetic-user-030,train
5948,synthetic-user-030,train
5949,synthetic-user-030,train
5950,synthetic-user-030,train
5951,synthetic-user-030,train
5952,synthetic-user-030,train
5953,synthetic-user-030,train
5954,synthetic-user-030,train
5955,synthetic-user-030,train
5956,synthetic-user-030,train
5957,synthetic-user-030,train
5958,synthetic-user-030,train
5959,synthetic-user-030,train
5960,synthetic-user-030,train
5961,synthetic-user-030,train
5962,synthetic-user-030,train
5963,synthetic-user-030,train
5964,synthetic-user-030,train
5965,synthetic-user-030,train
5966,synthetic-user-030,train
5967,synthetic-user-030,train
5968,synthetic-user-030,train
5969,synthetic-user-030,train
5970,synthetic-user-030,train
5971,synthetic-user-030,train
5972,synthetic-user-030,train
5973,synthetic-user-030,train
5974,synthetic-user-030,train
5975,synthetic-user-030,train
5976,synthetic-user-030,train
5977,synthetic-user-030,train
5978,synthetic-user-030,train
5979,synthetic-user-030,train
5980,synthetic-user-030,train
5981,synthetic-user-030,train
5982,synthetic-user-030,train
5983,synthetic-user-030,train
5984,synthetic-user-030,train
5985,synthetic-user-030,train
5986,synthetic-user-030,train
5987,synthetic-user-030,train
5988,synthetic-user-030,train
5989,synthetic-user-030,train
5990,synthetic-user-030,train
5991,synthetic-user-030,train
5992,synthetic-user-030,train
5993,synthetic-user-030,train
5994,synthetic-user-030,train
5995,synthetic-user-030,train
5996,synthetic-user-030,train
5997,synthetic-user-030,train
5998,synthetic-user-030,train
5999,synthetic-user-030,train
6000,synthetic-user-030,train
6001,synthetic-user-031,test
6002,synthetic-user-031,test
6003,synthetic-user-031,test
6004,synthetic-user-031,test
6005,synthetic-user-031,test
6006,synthetic-user-031,test
6007,synthetic-user-031,test
6008,synthetic-user-031,test
6009,synthetic-user-031,test
6010,synthetic-user-031,test
6011,synthetic-user-031,test
6012,synthetic-user-031,test
6013,synthetic-user-031,test
6014,synthetic-user-031,test
6015,synthetic-user-031,test
6016,synthetic-user-031,test
6017,synthetic-user-031,test
6018,synthetic-user-031,test
6019,synthetic-user-031,test
6020,synthetic-user-031,test
6021,synthetic-user-031,test
6022,synthetic-user-031,test
6023,synthetic-user-031,test
6024,synthetic-user-031,test
6025,synthetic-user-031,test
6026,synthetic-user-031,test
6027,synthetic-user-031,test
6028,synthetic-user-031,test
6029,synthetic-user-031,test
6030,synthetic-user-031,test
6031,synthetic-user-031,test
6032,synthetic-user-031,test
6033,synthetic-user-031,test
6034,synthetic-user-031,test
6035,synthetic-user-031,test
6036,synthetic-user-031,test
6037,synthetic-user-031,test
6038,synthetic-user-031,test
6039,synthetic-user-031,test
6040,synthetic-user-031,test
6041,synthetic-user-031,test
6042,synthetic-user-031,test
6043,synthetic-user-031,test
6044,synthetic-user-031,test
6045,synthetic-user-031,test
6046,synthetic-user-031,test
6047,synthetic-user-031,test
6048,synthetic-user-031,test
6049,synthetic-user-031,test
6050,synthetic-user-031,test
6051,synthetic-user-031,test
6052,synthetic-user-031,test
6053,synthetic-user-031,test
6054,synthetic-user-031,test
6055,synthetic-user-031,test
6056,synthetic-user-031,test
6057,synthetic-user-031,test
6058,synthetic-user-031,test
6059,synthetic-user-031,test
6060,synthetic-user-031,test
6061,synthetic-user-031,test
6062,synthetic-user-031,test
6063,synthetic-user-031,test
6064,synthetic-user-031,test
6065,synthetic-user-031,test
6066,synthetic-user-031,test
6067,synthetic-user-031,test
6068,synthetic-user-031,test
6069,synthetic-user-031,test
6070,synthetic-user-031,test
6071,synthetic-user-031,test
6072,synthetic-user-031,test
6073,synthetic-user-031,test
6074,synthetic-user-031,test
6075,synthetic-user-031,test
6076,synthetic-user-031,test
6077,synthetic-user-031,test
6078,synthetic-user-031,test
6079,synthetic-user-031,test
6080,synthetic-user-031,test
6081,synthetic-user-031,test
6082,synthetic-user-031,test
6083,synthetic-user-031,test
6084,synthetic-user-031,test
6085,synthetic-user-031,test
6086,synthetic-user-031,test
6087,synthetic-user-031,test
6088,synthetic-user-031,test
6089,synthetic-user-031,test
6090,synthetic-user-031,test
6091,synthetic-user-031,test
6092,synthetic-user-031,test
6093,synthetic-user-031,test
6094,synthetic-user-031,test
6095,synthetic-user-031,test
6096,synthetic-user-031,test
6097,synthetic-user-031,test
6098,synthetic-user-031,test
6099,synthetic-user-031,test
6100,synthetic-user-031,test
6101,synthetic-user-031,test
6102,synthetic-user-031,test
6103,synthetic-user-031,test
6104,synthetic-user-031,test
6105,synthetic-user-031,test
6106,synthetic-user-031,test
6107,synthetic-user-031,test
6108,synthetic-user-031,test
6109,synthetic-user-031,test
6110,synthetic-user-031,test
6111,synthetic-user-031,test
6112,synthetic-user-031,test
6113,synthetic-user-031,test
6114,synthetic-user-031,test
6115,synthetic-user-031,test
6116,synthetic-user-031,test
6117,synthetic-user-031,test
6118,synthetic-user-031,test
6119,synthetic-user-031,test
6120,synthetic-user-031,test
6121,synthetic-user-031,test
6122,synthetic-user-031,test
6123,synthetic-user-031,test
6124,synthetic-user-031,test
6125,synthetic-user-031,test
6126,synthetic-user-031,test
6127,synthetic-user-031,test
6128,synthetic-user-031,test
6129,synthetic-user-031,test
6130,synthetic-user-031,test
6131,synthetic-user-031,test
6132,synthetic-user-031,test
6133,synthetic-user-031,test
6134,synthetic-user-031,test
6135,synthetic-user-031,test
6136,synthetic-user-031,test
6137,synthetic-user-031,test
6138,synthetic-user-031,test
6139,synthetic-user-031,test
6140,synthetic-user-031,test
6141,synthetic-user-031,test
6142,synthetic-user-031,test
6143,synthetic-user-031,test
6144,synthetic-user-031,test
6145,synthetic-user-031,test
6146,synthetic-user-031,test
6147,synthetic-user-031,test
6148,synthetic-user-031,test
6149,synthetic-user-031,test
6150,synthetic-user-031,test
6151,synthetic-user-031,test
6152,synthetic-user-031,test
6153,synthetic-user-031,test
6154,synthetic-user-031,test
6155,synthetic-user-031,test
6156,synthetic-user-031,test
6157,synthetic-user-031,test
6158,synthetic-user-031,test
6159,synthetic-user-031,test
6160,synthetic-user-031,test
6161,synthetic-user-031,test
6162,synthetic-user-031,test
6163,synthetic-user-031,test
6164,synthetic-user-031,test
6165,synthetic-user-031,test
6166,synthetic-user-031,test
6167,synthetic-user-031,test
6168,synthetic-user-031,test
6169,synthetic-user-031,test
6170,synthetic-user-031,test
6171,synthetic-user-031,test
6172,synthetic-user-031,test
6173,synthetic-user-031,test
6174,synthetic-user-031,test
6175,synthetic-user-031,test
6176,synthetic-user-031,test
6177,synthetic-user-031,test
6178,synthetic-user-031,test
6179,synthetic-user-031,test
6180,synthetic-user-031,test
6181,synthetic-user-031,test
6182,synthetic-user-031,test
6183,synthetic-user-031,test
6184,synthetic-user-031,test
6185,synthetic-user-031,test
6186,synthetic-user-031,test
6187,synthetic-user-031,test
6188,synthetic-user-031,test
6189,synthetic-user-031,test
6190,synthetic-user-031,test
6191,synthetic-user-031,test
6192,synthetic-user-031,test
6193,synthetic-user-031,test
6194,synthetic-user-031,test
6195,synthetic-user-031,test
6196,synthetic-user-031,test
6197,synthetic-user-031,test
6198,synthetic-user-031,test
6199,synthetic-user-031,test
6200,synthetic-user-031,test
6201,synthetic-user-032,validation
6202,synthetic-user-032,validation
6203,synthetic-user-032,validation
6204,synthetic-user-032,validation
6205,synthetic-user-032,validation
6206,synthetic-user-032,validation
6207,synthetic-user-032,validation
6208,synthetic-user-032,validation
6209,synthetic-user-032,validation
6210,synthetic-user-032,validation
6211,synthetic-user-032,validation
6212,synthetic-user-032,validation
6213,synthetic-user-032,validation
6214,synthetic-user-032,validation
6215,synthetic-user-032,validation
6216,synthetic-user-032,validation
6217,synthetic-user-032,validation
6218,synthetic-user-032,validation
6219,synthetic-user-032,validation
6220,synthetic-user-032,validation
6221,synthetic-user-032,validation
6222,synthetic-user-032,validation
6223,synthetic-user-032,validation
6224,synthetic-user-032,validation
6225,synthetic-user-032,validation
6226,synthetic-user-032,validation
6227,synthetic-user-032,validation
6228,synthetic-user-032,validation
6229,synthetic-user-032,validation
6230,synthetic-user-032,validation
6231,synthetic-user-032,validation
6232,synthetic-user-032,validation
6233,synthetic-user-032,validation
6234,synthetic-user-032,validation
6235,synthetic-user-032,validation
6236,synthetic-user-032,validation
6237,synthetic-user-032,validation
6238,synthetic-user-032,validation
6239,synthetic-user-032,validation
6240,synthetic-user-032,validation
6241,synthetic-user-032,validation
6242,synthetic-user-032,validation
6243,synthetic-user-032,validation
6244,synthetic-user-032,validation
6245,synthetic-user-032,validation
6246,synthetic-user-032,validation
6247,synthetic-user-032,validation
6248,synthetic-user-032,validation
6249,synthetic-user-032,validation
6250,synthetic-user-032,validation
6251,synthetic-user-032,validation
6252,synthetic-user-032,validation
6253,synthetic-user-032,validation
6254,synthetic-user-032,validation
6255,synthetic-user-032,validation
6256,synthetic-user-032,validation
6257,synthetic-user-032,validation
6258,synthetic-user-032,validation
6259,synthetic-user-032,validation
6260,synthetic-user-032,validation
6261,synthetic-user-032,validation
6262,synthetic-user-032,validation
6263,synthetic-user-032,validation
6264,synthetic-user-032,validation
6265,synthetic-user-032,validation
6266,synthetic-user-032,validation
6267,synthetic-user-032,validation
6268,synthetic-user-032,validation
6269,synthetic-user-032,validation
6270,synthetic-user-032,validation
6271,synthetic-user-032,validation
6272,synthetic-user-032,validation
6273,synthetic-user-032,validation
6274,synthetic-user-032,validation
6275,synthetic-user-032,validation
6276,synthetic-user-032,validation
6277,synthetic-user-032,validation
6278,synthetic-user-032,validation
6279,synthetic-user-032,validation
6280,synthetic-user-032,validation
6281,synthetic-user-032,validation
6282,synthetic-user-032,validation
6283,synthetic-user-032,validation
6284,synthetic-user-032,validation
6285,synthetic-user-032,validation
6286,synthetic-user-032,validation
6287,synthetic-user-032,validation
6288,synthetic-user-032,validation
6289,synthetic-user-032,validation
6290,synthetic-user-032,validation
6291,synthetic-user-032,validation
6292,synthetic-user-032,validation
6293,synthetic-user-032,validation
6294,synthetic-user-032,validation
6295,synthetic-user-032,validation
6296,synthetic-user-032,validation
6297,synthetic-user-032,validation
6298,synthetic-user-032,validation
6299,synthetic-user-032,validation
6300,synthetic-user-032,validation
6301,synthetic-user-032,validation
6302,synthetic-user-032,validation
6303,synthetic-user-032,validation
6304,synthetic-user-032,validation
6305,synthetic-user-032,validation
6306,synthetic-user-032,validation
6307,synthetic-user-032,validation
6308,synthetic-user-032,validation
6309,synthetic-user-032,validation
6310,synthetic-user-032,validation
6311,synthetic-user-032,validation
6312,synthetic-user-032,validation
6313,synthetic-user-032,validation
6314,synthetic-user-032,validation
6315,synthetic-user-032,validation
6316,synthetic-user-032,validation
6317,synthetic-user-032,validation
6318,synthetic-user-032,validation
6319,synthetic-user-032,validation
6320,synthetic-user-032,validation
6321,synthetic-user-032,validation
6322,synthetic-user-032,validation
6323,synthetic-user-032,validation
6324,synthetic-user-032,validation
6325,synthetic-user-032,validation
6326,synthetic-user-032,validation
6327,synthetic-user-032,validation
6328,synthetic-user-032,validation
6329,synthetic-user-032,validation
6330,synthetic-user-032,validation
6331,synthetic-user-032,validation
6332,synthetic-user-032,validation
6333,synthetic-user-032,validation
6334,synthetic-user-032,validation
6335,synthetic-user-032,validation
6336,synthetic-user-032,validation
6337,synthetic-user-032,validation
6338,synthetic-user-032,validation
6339,synthetic-user-032,validation
6340,synthetic-user-032,validation
6341,synthetic-user-032,validation
6342,synthetic-user-032,validation
6343,synthetic-user-032,validation
6344,synthetic-user-032,validation
6345,synthetic-user-032,validation
6346,synthetic-user-032,validation
6347,synthetic-user-032,validation
6348,synthetic-user-032,validation
6349,synthetic-user-032,validation
6350,synthetic-user-032,validation
6351,synthetic-user-032,validation
6352,synthetic-user-032,validation
6353,synthetic-user-032,validation
6354,synthetic-user-032,validation
6355,synthetic-user-032,validation
6356,synthetic-user-032,validation
6357,synthetic-user-032,validation
6358,synthetic-user-032,validation
6359,synthetic-user-032,validation
6360,synthetic-user-032,validation
6361,synthetic-user-032,validation
6362,synthetic-user-032,validation
6363,synthetic-user-032,validation
6364,synthetic-user-032,validation
6365,synthetic-user-032,validation
6366,synthetic-user-032,validation
6367,synthetic-user-032,validation
6368,synthetic-user-032,validation
6369,synthetic-user-032,validation
6370,synthetic-user-032,validation
6371,synthetic-user-032,validation
6372,synthetic-user-032,validation
6373,synthetic-user-032,validation
6374,synthetic-user-032,validation
6375,synthetic-user-032,validation
6376,synthetic-user-032,validation
6377,synthetic-user-032,validation
6378,synthetic-user-032,validation
6379,synthetic-user-032,validation
6380,synthetic-user-032,validation
6381,synthetic-user-032,validation
6382,synthetic-user-032,validation
6383,synthetic-user-032,validation
6384,synthetic-user-032,validation
6385,synthetic-user-032,validation
6386,synthetic-user-032,validation
6387,synthetic-user-032,validation
6388,synthetic-user-032,validation
6389,synthetic-user-032,validation
6390,synthetic-user-032,validation
6391,synthetic-user-032,validation
6392,synthetic-user-032,validation
6393,synthetic-user-032,validation
6394,synthetic-user-032,validation
6395,synthetic-user-032,validation
6396,synthetic-user-032,validation
6397,synthetic-user-032,validation
6398,synthetic-user-032,validation
6399,synthetic-user-032,validation
6400,synthetic-user-032,validation
6401,synthetic-user-033,train
6402,synthetic-user-033,train
6403,synthetic-user-033,train
6404,synthetic-user-033,train
6405,synthetic-user-033,train
6406,synthetic-user-033,train
6407,synthetic-user-033,train
6408,synthetic-user-033,train
6409,synthetic-user-033,train
6410,synthetic-user-033,train
6411,synthetic-user-033,train
6412,synthetic-user-033,train
6413,synthetic-user-033,train
6414,synthetic-user-033,train
6415,synthetic-user-033,train
6416,synthetic-user-033,train
6417,synthetic-user-033,train
6418,synthetic-user-033,train
6419,synthetic-user-033,train
6420,synthetic-user-033,train
6421,synthetic-user-033,train
6422,synthetic-user-033,train
6423,synthetic-user-033,train
6424,synthetic-user-033,train
6425,synthetic-user-033,train
6426,synthetic-user-033,train
6427,synthetic-user-033,train
6428,synthetic-user-033,train
6429,synthetic-user-033,train
6430,synthetic-user-033,train
6431,synthetic-user-033,train
6432,synthetic-user-033,train
6433,synthetic-user-033,train
6434,synthetic-user-033,train
6435,synthetic-user-033,train
6436,synthetic-user-033,train
6437,synthetic-user-033,train
6438,synthetic-user-033,train
6439,synthetic-user-033,train
6440,synthetic-user-033,train
6441,synthetic-user-033,train
6442,synthetic-user-033,train
6443,synthetic-user-033,train
6444,synthetic-user-033,train
6445,synthetic-user-033,train
6446,synthetic-user-033,train
6447,synthetic-user-033,train
6448,synthetic-user-033,train
6449,synthetic-user-033,train
6450,synthetic-user-033,train
6451,synthetic-user-033,train
6452,synthetic-user-033,train
6453,synthetic-user-033,train
6454,synthetic-user-033,train
6455,synthetic-user-033,train
6456,synthetic-user-033,train
6457,synthetic-user-033,train
6458,synthetic-user-033,train
6459,synthetic-user-033,train
6460,synthetic-user-033,train
6461,synthetic-user-033,train
6462,synthetic-user-033,train
6463,synthetic-user-033,train
6464,synthetic-user-033,train
6465,synthetic-user-033,train
6466,synthetic-user-033,train
6467,synthetic-user-033,train
6468,synthetic-user-033,train
6469,synthetic-user-033,train
6470,synthetic-user-033,train
6471,synthetic-user-033,train
6472,synthetic-user-033,train
6473,synthetic-user-033,train
6474,synthetic-user-033,train
6475,synthetic-user-033,train
6476,synthetic-user-033,train
6477,synthetic-user-033,train
6478,synthetic-user-033,train
6479,synthetic-user-033,train
6480,synthetic-user-033,train
6481,synthetic-user-033,train
6482,synthetic-user-033,train
6483,synthetic-user-033,train
6484,synthetic-user-033,train
6485,synthetic-user-033,train
6486,synthetic-user-033,train
6487,synthetic-user-033,train
6488,synthetic-user-033,train
6489,synthetic-user-033,train
6490,synthetic-user-033,train
6491,synthetic-user-033,train
6492,synthetic-user-033,train
6493,synthetic-user-033,train
6494,synthetic-user-033,train
6495,synthetic-user-033,train
6496,synthetic-user-033,train
6497,synthetic-user-033,train
6498,synthetic-user-033,train
6499,synthetic-user-033,train
6500,synthetic-user-033,train
6501,synthetic-user-033,train
6502,synthetic-user-033,train
6503,synthetic-user-033,train
6504,synthetic-user-033,train
6505,synthetic-user-033,train
6506,synthetic-user-033,train
6507,synthetic-user-033,train
6508,synthetic-user-033,train
6509,synthetic-user-033,train
6510,synthetic-user-033,train
6511,synthetic-user-033,train
6512,synthetic-user-033,train
6513,synthetic-user-033,train
6514,synthetic-user-033,train
6515,synthetic-user-033,train
6516,synthetic-user-033,train
6517,synthetic-user-033,train
6518,synthetic-user-033,train
6519,synthetic-user-033,train
6520,synthetic-user-033,train
6521,synthetic-user-033,train
6522,synthetic-user-033,train
6523,synthetic-user-033,train
6524,synthetic-user-033,train
6525,synthetic-user-033,train
6526,synthetic-user-033,train
6527,synthetic-user-033,train
6528,synthetic-user-033,train
6529,synthetic-user-033,train
6530,synthetic-user-033,train
6531,synthetic-user-033,train
6532,synthetic-user-033,train
6533,synthetic-user-033,train
6534,synthetic-user-033,train
6535,synthetic-user-033,train
6536,synthetic-user-033,train
6537,synthetic-user-033,train
6538,synthetic-user-033,train
6539,synthetic-user-033,train
6540,synthetic-user-033,train
6541,synthetic-user-033,train
6542,synthetic-user-033,train
6543,synthetic-user-033,train
6544,synthetic-user-033,train
6545,synthetic-user-033,train
6546,synthetic-user-033,train
6547,synthetic-user-033,train
6548,synthetic-user-033,train
6549,synthetic-user-033,train
6550,synthetic-user-033,train
6551,synthetic-user-033,train
6552,synthetic-user-033,train
6553,synthetic-user-033,train
6554,synthetic-user-033,train
6555,synthetic-user-033,train
6556,synthetic-user-033,train
6557,synthetic-user-033,train
6558,synthetic-user-033,train
6559,synthetic-user-033,train
6560,synthetic-user-033,train
6561,synthetic-user-033,train
6562,synthetic-user-033,train
6563,synthetic-user-033,train
6564,synthetic-user-033,train
6565,synthetic-user-033,train
6566,synthetic-user-033,train
6567,synthetic-user-033,train
6568,synthetic-user-033,train
6569,synthetic-user-033,train
6570,synthetic-user-033,train
6571,synthetic-user-033,train
6572,synthetic-user-033,train
6573,synthetic-user-033,train
6574,synthetic-user-033,train
6575,synthetic-user-033,train
6576,synthetic-user-033,train
6577,synthetic-user-033,train
6578,synthetic-user-033,train
6579,synthetic-user-033,train
6580,synthetic-user-033,train
6581,synthetic-user-033,train
6582,synthetic-user-033,train
6583,synthetic-user-033,train
6584,synthetic-user-033,train
6585,synthetic-user-033,train
6586,synthetic-user-033,train
6587,synthetic-user-033,train
6588,synthetic-user-033,train
6589,synthetic-user-033,train
6590,synthetic-user-033,train
6591,synthetic-user-033,train
6592,synthetic-user-033,train
6593,synthetic-user-033,train
6594,synthetic-user-033,train
6595,synthetic-user-033,train
6596,synthetic-user-033,train
6597,synthetic-user-033,train
6598,synthetic-user-033,train
6599,synthetic-user-033,train
6600,synthetic-user-033,train
6601,synthetic-user-034,train
6602,synthetic-user-034,train
6603,synthetic-user-034,train
6604,synthetic-user-034,train
6605,synthetic-user-034,train
6606,synthetic-user-034,train
6607,synthetic-user-034,train
6608,synthetic-user-034,train
6609,synthetic-user-034,train
6610,synthetic-user-034,train
6611,synthetic-user-034,train
6612,synthetic-user-034,train
6613,synthetic-user-034,train
6614,synthetic-user-034,train
6615,synthetic-user-034,train
6616,synthetic-user-034,train
6617,synthetic-user-034,train
6618,synthetic-user-034,train
6619,synthetic-user-034,train
6620,synthetic-user-034,train
6621,synthetic-user-034,train
6622,synthetic-user-034,train
6623,synthetic-user-034,train
6624,synthetic-user-034,train
6625,synthetic-user-034,train
6626,synthetic-user-034,train
6627,synthetic-user-034,train
6628,synthetic-user-034,train
6629,synthetic-user-034,train
6630,synthetic-user-034,train
6631,synthetic-user-034,train
6632,synthetic-user-034,train
6633,synthetic-user-034,train
6634,synthetic-user-034,train
6635,synthetic-user-034,train
6636,synthetic-user-034,train
6637,synthetic-user-034,train
6638,synthetic-user-034,train
6639,synthetic-user-034,train
6640,synthetic-user-034,train
6641,synthetic-user-034,train
6642,synthetic-user-034,train
6643,synthetic-user-034,train
6644,synthetic-user-034,train
6645,synthetic-user-034,train
6646,synthetic-user-034,train
6647,synthetic-user-034,train
6648,synthetic-user-034,train
6649,synthetic-user-034,train
6650,synthetic-user-034,train
6651,synthetic-user-034,train
6652,synthetic-user-034,train
6653,synthetic-user-034,train
6654,synthetic-user-034,train
6655,synthetic-user-034,train
6656,synthetic-user-034,train
6657,synthetic-user-034,train
6658,synthetic-user-034,train
6659,synthetic-user-034,train
6660,synthetic-user-034,train
6661,synthetic-user-034,train
6662,synthetic-user-034,train
6663,synthetic-user-034,train
6664,synthetic-user-034,train
6665,synthetic-user-034,train
6666,synthetic-user-034,train
6667,synthetic-user-034,train
6668,synthetic-user-034,train
6669,synthetic-user-034,train
6670,synthetic-user-034,train
6671,synthetic-user-034,train
6672,synthetic-user-034,train
6673,synthetic-user-034,train
6674,synthetic-user-034,train
6675,synthetic-user-034,train
6676,synthetic-user-034,train
6677,synthetic-user-034,train
6678,synthetic-user-034,train
6679,synthetic-user-034,train
6680,synthetic-user-034,train
6681,synthetic-user-034,train
6682,synthetic-user-034,train
6683,synthetic-user-034,train
6684,synthetic-user-034,train
6685,synthetic-user-034,train
6686,synthetic-user-034,train
6687,synthetic-user-034,train
6688,synthetic-user-034,train
6689,synthetic-user-034,train
6690,synthetic-user-034,train
6691,synthetic-user-034,train
6692,synthetic-user-034,train
6693,synthetic-user-034,train
6694,synthetic-user-034,train
6695,synthetic-user-034,train
6696,synthetic-user-034,train
6697,synthetic-user-034,train
6698,synthetic-user-034,train
6699,synthetic-user-034,train
6700,synthetic-user-034,train
6701,synthetic-user-034,train
6702,synthetic-user-034,train
6703,synthetic-user-034,train
6704,synthetic-user-034,train
6705,synthetic-user-034,train
6706,synthetic-user-034,train
6707,synthetic-user-034,train
6708,synthetic-user-034,train
6709,synthetic-user-034,train
6710,synthetic-user-034,train
6711,synthetic-user-034,train
6712,synthetic-user-034,train
6713,synthetic-user-034,train
6714,synthetic-user-034,train
6715,synthetic-user-034,train
6716,synthetic-user-034,train
6717,synthetic-user-034,train
6718,synthetic-user-034,train
6719,synthetic-user-034,train
6720,synthetic-user-034,train
6721,synthetic-user-034,train
6722,synthetic-user-034,train
6723,synthetic-user-034,train
6724,synthetic-user-034,train
6725,synthetic-user-034,train
6726,synthetic-user-034,train
6727,synthetic-user-034,train
6728,synthetic-user-034,train
6729,synthetic-user-034,train
6730,synthetic-user-034,train
6731,synthetic-user-034,train
6732,synthetic-user-034,train
6733,synthetic-user-034,train
6734,synthetic-user-034,train
6735,synthetic-user-034,train
6736,synthetic-user-034,train
6737,synthetic-user-034,train
6738,synthetic-user-034,train
6739,synthetic-user-034,train
6740,synthetic-user-034,train
6741,synthetic-user-034,train
6742,synthetic-user-034,train
6743,synthetic-user-034,train
6744,synthetic-user-034,train
6745,synthetic-user-034,train
6746,synthetic-user-034,train
6747,synthetic-user-034,train
6748,synthetic-user-034,train
6749,synthetic-user-034,train
6750,synthetic-user-034,train
6751,synthetic-user-034,train
6752,synthetic-user-034,train
6753,synthetic-user-034,train
6754,synthetic-user-034,train
6755,synthetic-user-034,train
6756,synthetic-user-034,train
6757,synthetic-user-034,train
6758,synthetic-user-034,train
6759,synthetic-user-034,train
6760,synthetic-user-034,train
6761,synthetic-user-034,train
6762,synthetic-user-034,train
6763,synthetic-user-034,train
6764,synthetic-user-034,train
6765,synthetic-user-034,train
6766,synthetic-user-034,train
6767,synthetic-user-034,train
6768,synthetic-user-034,train
6769,synthetic-user-034,train
6770,synthetic-user-034,train
6771,synthetic-user-034,train
6772,synthetic-user-034,train
6773,synthetic-user-034,train
6774,synthetic-user-034,train
6775,synthetic-user-034,train
6776,synthetic-user-034,train
6777,synthetic-user-034,train
6778,synthetic-user-034,train
6779,synthetic-user-034,train
6780,synthetic-user-034,train
6781,synthetic-user-034,train
6782,synthetic-user-034,train
6783,synthetic-user-034,train
6784,synthetic-user-034,train
6785,synthetic-user-034,train
6786,synthetic-user-034,train
6787,synthetic-user-034,train
6788,synthetic-user-034,train
6789,synthetic-user-034,train
6790,synthetic-user-034,train
6791,synthetic-user-034,train
6792,synthetic-user-034,train
6793,synthetic-user-034,train
6794,synthetic-user-034,train
6795,synthetic-user-034,train
6796,synthetic-user-034,train
6797,synthetic-user-034,train
6798,synthetic-user-034,train
6799,synthetic-user-034,train
6800,synthetic-user-034,train
6801,synthetic-user-035,train
6802,synthetic-user-035,train
6803,synthetic-user-035,train
6804,synthetic-user-035,train
6805,synthetic-user-035,train
6806,synthetic-user-035,train
6807,synthetic-user-035,train
6808,synthetic-user-035,train
6809,synthetic-user-035,train
6810,synthetic-user-035,train
6811,synthetic-user-035,train
6812,synthetic-user-035,train
6813,synthetic-user-035,train
6814,synthetic-user-035,train
6815,synthetic-user-035,train
6816,synthetic-user-035,train
6817,synthetic-user-035,train
6818,synthetic-user-035,train
6819,synthetic-user-035,train
6820,synthetic-user-035,train
6821,synthetic-user-035,train
6822,synthetic-user-035,train
6823,synthetic-user-035,train
6824,synthetic-user-035,train
6825,synthetic-user-035,train
6826,synthetic-user-035,train
6827,synthetic-user-035,train
6828,synthetic-user-035,train
6829,synthetic-user-035,train
6830,synthetic-user-035,train
6831,synthetic-user-035,train
6832,synthetic-user-035,train
6833,synthetic-user-035,train
6834,synthetic-user-035,train
6835,synthetic-user-035,train
6836,synthetic-user-035,train
6837,synthetic-user-035,train
6838,synthetic-user-035,train
6839,synthetic-user-035,train
6840,synthetic-user-035,train
6841,synthetic-user-035,train
6842,synthetic-user-035,train
6843,synthetic-user-035,train
6844,synthetic-user-035,train
6845,synthetic-user-035,train
6846,synthetic-user-035,train
6847,synthetic-user-035,train
6848,synthetic-user-035,train
6849,synthetic-user-035,train
6850,synthetic-user-035,train
6851,synthetic-user-035,train
6852,synthetic-user-035,train
6853,synthetic-user-035,train
6854,synthetic-user-035,train
6855,synthetic-user-035,train
6856,synthetic-user-035,train
6857,synthetic-user-035,train
6858,synthetic-user-035,train
6859,synthetic-user-035,train
6860,synthetic-user-035,train
6861,synthetic-user-035,train
6862,synthetic-user-035,train
6863,synthetic-user-035,train
6864,synthetic-user-035,train
6865,synthetic-user-035,train
6866,synthetic-user-035,train
6867,synthetic-user-035,train
6868,synthetic-user-035,train
6869,synthetic-user-035,train
6870,synthetic-user-035,train
6871,synthetic-user-035,train
6872,synthetic-user-035,train
6873,synthetic-user-035,train
6874,synthetic-user-035,train
6875,synthetic-user-035,train
6876,synthetic-user-035,train
6877,synthetic-user-035,train
6878,synthetic-user-035,train
6879,synthetic-user-035,train
6880,synthetic-user-035,train
6881,synthetic-user-035,train
6882,synthetic-user-035,train
6883,synthetic-user-035,train
6884,synthetic-user-035,train
6885,synthetic-user-035,train
6886,synthetic-user-035,train
6887,synthetic-user-035,train
6888,synthetic-user-035,train
6889,synthetic-user-035,train
6890,synthetic-user-035,train
6891,synthetic-user-035,train
6892,synthetic-user-035,train
6893,synthetic-user-035,train
6894,synthetic-user-035,train
6895,synthetic-user-035,train
6896,synthetic-user-035,train
6897,synthetic-user-035,train
6898,synthetic-user-035,train
6899,synthetic-user-035,train
6900,synthetic-user-035,train
6901,synthetic-user-035,train
6902,synthetic-user-035,train
6903,synthetic-user-035,train
6904,synthetic-user-035,train
6905,synthetic-user-035,train
6906,synthetic-user-035,train
6907,synthetic-user-035,train
6908,synthetic-user-035,train
6909,synthetic-user-035,train
6910,synthetic-user-035,train
6911,synthetic-user-035,train
6912,synthetic-user-035,train
6913,synthetic-user-035,train
6914,synthetic-user-035,train
6915,synthetic-user-035,train
6916,synthetic-user-035,train
6917,synthetic-user-035,train
6918,synthetic-user-035,train
6919,synthetic-user-035,train
6920,synthetic-user-035,train
6921,synthetic-user-035,train
6922,synthetic-user-035,train
6923,synthetic-user-035,train
6924,synthetic-user-035,train
6925,synthetic-user-035,train
6926,synthetic-user-035,train
6927,synthetic-user-035,train
6928,synthetic-user-035,train
6929,synthetic-user-035,train
6930,synthetic-user-035,train
6931,synthetic-user-035,train
6932,synthetic-user-035,train
6933,synthetic-user-035,train
6934,synthetic-user-035,train
6935,synthetic-user-035,train
6936,synthetic-user-035,train
6937,synthetic-user-035,train
6938,synthetic-user-035,train
6939,synthetic-user-035,train
6940,synthetic-user-035,train
6941,synthetic-user-035,train
6942,synthetic-user-035,train
6943,synthetic-user-035,train
6944,synthetic-user-035,train
6945,synthetic-user-035,train
6946,synthetic-user-035,train
6947,synthetic-user-035,train
6948,synthetic-user-035,train
6949,synthetic-user-035,train
6950,synthetic-user-035,train
6951,synthetic-user-035,train
6952,synthetic-user-035,train
6953,synthetic-user-035,train
6954,synthetic-user-035,train
6955,synthetic-user-035,train
6956,synthetic-user-035,train
6957,synthetic-user-035,train
6958,synthetic-user-035,train
6959,synthetic-user-035,train
6960,synthetic-user-035,train
6961,synthetic-user-035,train
6962,synthetic-user-035,train
6963,synthetic-user-035,train
6964,synthetic-user-035,train
6965,synthetic-user-035,train
6966,synthetic-user-035,train
6967,synthetic-user-035,train
6968,synthetic-user-035,train
6969,synthetic-user-035,train
6970,synthetic-user-035,train
6971,synthetic-user-035,train
6972,synthetic-user-035,train
6973,synthetic-user-035,train
6974,synthetic-user-035,train
6975,synthetic-user-035,train
6976,synthetic-user-035,train
6977,synthetic-user-035,train
6978,synthetic-user-035,train
6979,synthetic-user-035,train
6980,synthetic-user-035,train
6981,synthetic-user-035,train
6982,synthetic-user-035,train
6983,synthetic-user-035,train
6984,synthetic-user-035,train
6985,synthetic-user-035,train
6986,synthetic-user-035,train
6987,synthetic-user-035,train
6988,synthetic-user-035,train
6989,synthetic-user-035,train
6990,synthetic-user-035,train
6991,synthetic-user-035,train
6992,synthetic-user-035,train
6993,synthetic-user-035,train
6994,synthetic-user-035,train
6995,synthetic-user-035,train
6996,synthetic-user-035,train
6997,synthetic-user-035,train
6998,synthetic-user-035,train
6999,synthetic-user-035,train
7000,synthetic-user-035,train
7001,synthetic-user-036,test
7002,synthetic-user-036,test
7003,synthetic-user-036,test
7004,synthetic-user-036,test
7005,synthetic-user-036,test
7006,synthetic-user-036,test
7007,synthetic-user-036,test
7008,synthetic-user-036,test
7009,synthetic-user-036,test
7010,synthetic-user-036,test
7011,synthetic-user-036,test
7012,synthetic-user-036,test
7013,synthetic-user-036,test
7014,synthetic-user-036,test
7015,synthetic-user-036,test
7016,synthetic-user-036,test
7017,synthetic-user-036,test
7018,synthetic-user-036,test
7019,synthetic-user-036,test
7020,synthetic-user-036,test
7021,synthetic-user-036,test
7022,synthetic-user-036,test
7023,synthetic-user-036,test
7024,synthetic-user-036,test
7025,synthetic-user-036,test
7026,synthetic-user-036,test
7027,synthetic-user-036,test
7028,synthetic-user-036,test
7029,synthetic-user-036,test
7030,synthetic-user-036,test
7031,synthetic-user-036,test
7032,synthetic-user-036,test
7033,synthetic-user-036,test
7034,synthetic-user-036,test
7035,synthetic-user-036,test
7036,synthetic-user-036,test
7037,synthetic-user-036,test
7038,synthetic-user-036,test
7039,synthetic-user-036,test
7040,synthetic-user-036,test
7041,synthetic-user-036,test
7042,synthetic-user-036,test
7043,synthetic-user-036,test
7044,synthetic-user-036,test
7045,synthetic-user-036,test
7046,synthetic-user-036,test
7047,synthetic-user-036,test
7048,synthetic-user-036,test
7049,synthetic-user-036,test
7050,synthetic-user-036,test
7051,synthetic-user-036,test
7052,synthetic-user-036,test
7053,synthetic-user-036,test
7054,synthetic-user-036,test
7055,synthetic-user-036,test
7056,synthetic-user-036,test
7057,synthetic-user-036,test
7058,synthetic-user-036,test
7059,synthetic-user-036,test
7060,synthetic-user-036,test
7061,synthetic-user-036,test
7062,synthetic-user-036,test
7063,synthetic-user-036,test
7064,synthetic-user-036,test
7065,synthetic-user-036,test
7066,synthetic-user-036,test
7067,synthetic-user-036,test
7068,synthetic-user-036,test
7069,synthetic-user-036,test
7070,synthetic-user-036,test
7071,synthetic-user-036,test
7072,synthetic-user-036,test
7073,synthetic-user-036,test
7074,synthetic-user-036,test
7075,synthetic-user-036,test
7076,synthetic-user-036,test
7077,synthetic-user-036,test
7078,synthetic-user-036,test
7079,synthetic-user-036,test
7080,synthetic-user-036,test
7081,synthetic-user-036,test
7082,synthetic-user-036,test
7083,synthetic-user-036,test
7084,synthetic-user-036,test
7085,synthetic-user-036,test
7086,synthetic-user-036,test
7087,synthetic-user-036,test
7088,synthetic-user-036,test
7089,synthetic-user-036,test
7090,synthetic-user-036,test
7091,synthetic-user-036,test
7092,synthetic-user-036,test
7093,synthetic-user-036,test
7094,synthetic-user-036,test
7095,synthetic-user-036,test
7096,synthetic-user-036,test
7097,synthetic-user-036,test
7098,synthetic-user-036,test
7099,synthetic-user-036,test
7100,synthetic-user-036,test
7101,synthetic-user-036,test
7102,synthetic-user-036,test
7103,synthetic-user-036,test
7104,synthetic-user-036,test
7105,synthetic-user-036,test
7106,synthetic-user-036,test
7107,synthetic-user-036,test
7108,synthetic-user-036,test
7109,synthetic-user-036,test
7110,synthetic-user-036,test
7111,synthetic-user-036,test
7112,synthetic-user-036,test
7113,synthetic-user-036,test
7114,synthetic-user-036,test
7115,synthetic-user-036,test
7116,synthetic-user-036,test
7117,synthetic-user-036,test
7118,synthetic-user-036,test
7119,synthetic-user-036,test
7120,synthetic-user-036,test
7121,synthetic-user-036,test
7122,synthetic-user-036,test
7123,synthetic-user-036,test
7124,synthetic-user-036,test
7125,synthetic-user-036,test
7126,synthetic-user-036,test
7127,synthetic-user-036,test
7128,synthetic-user-036,test
7129,synthetic-user-036,test
7130,synthetic-user-036,test
7131,synthetic-user-036,test
7132,synthetic-user-036,test
7133,synthetic-user-036,test
7134,synthetic-user-036,test
7135,synthetic-user-036,test
7136,synthetic-user-036,test
7137,synthetic-user-036,test
7138,synthetic-user-036,test
7139,synthetic-user-036,test
7140,synthetic-user-036,test
7141,synthetic-user-036,test
7142,synthetic-user-036,test
7143,synthetic-user-036,test
7144,synthetic-user-036,test
7145,synthetic-user-036,test
7146,synthetic-user-036,test
7147,synthetic-user-036,test
7148,synthetic-user-036,test
7149,synthetic-user-036,test
7150,synthetic-user-036,test
7151,synthetic-user-036,test
7152,synthetic-user-036,test
7153,synthetic-user-036,test
7154,synthetic-user-036,test
7155,synthetic-user-036,test
7156,synthetic-user-036,test
7157,synthetic-user-036,test
7158,synthetic-user-036,test
7159,synthetic-user-036,test
7160,synthetic-user-036,test
7161,synthetic-user-036,test
7162,synthetic-user-036,test
7163,synthetic-user-036,test
7164,synthetic-user-036,test
7165,synthetic-user-036,test
7166,synthetic-user-036,test
7167,synthetic-user-036,test
7168,synthetic-user-036,test
7169,synthetic-user-036,test
7170,synthetic-user-036,test
7171,synthetic-user-036,test
7172,synthetic-user-036,test
7173,synthetic-user-036,test
7174,synthetic-user-036,test
7175,synthetic-user-036,test
7176,synthetic-user-036,test
7177,synthetic-user-036,test
7178,synthetic-user-036,test
7179,synthetic-user-036,test
7180,synthetic-user-036,test
7181,synthetic-user-036,test
7182,synthetic-user-036,test
7183,synthetic-user-036,test
7184,synthetic-user-036,test
7185,synthetic-user-036,test
7186,synthetic-user-036,test
7187,synthetic-user-036,test
7188,synthetic-user-036,test
7189,synthetic-user-036,test
7190,synthetic-user-036,test
7191,synthetic-user-036,test
7192,synthetic-user-036,test
7193,synthetic-user-036,test
7194,synthetic-user-036,test
7195,synthetic-user-036,test
7196,synthetic-user-036,test
7197,synthetic-user-036,test
7198,synthetic-user-036,test
7199,synthetic-user-036,test
7200,synthetic-user-036,test
7201,synthetic-user-037,validation
7202,synthetic-user-037,validation
7203,synthetic-user-037,validation
7204,synthetic-user-037,validation
7205,synthetic-user-037,validation
7206,synthetic-user-037,validation
7207,synthetic-user-037,validation
7208,synthetic-user-037,validation
7209,synthetic-user-037,validation
7210,synthetic-user-037,validation
7211,synthetic-user-037,validation
7212,synthetic-user-037,validation
7213,synthetic-user-037,validation
7214,synthetic-user-037,validation
7215,synthetic-user-037,validation
7216,synthetic-user-037,validation
7217,synthetic-user-037,validation
7218,synthetic-user-037,validation
7219,synthetic-user-037,validation
7220,synthetic-user-037,validation
7221,synthetic-user-037,validation
7222,synthetic-user-037,validation
7223,synthetic-user-037,validation
7224,synthetic-user-037,validation
7225,synthetic-user-037,validation
7226,synthetic-user-037,validation
7227,synthetic-user-037,validation
7228,synthetic-user-037,validation
7229,synthetic-user-037,validation
7230,synthetic-user-037,validation
7231,synthetic-user-037,validation
7232,synthetic-user-037,validation
7233,synthetic-user-037,validation
7234,synthetic-user-037,validation
7235,synthetic-user-037,validation
7236,synthetic-user-037,validation
7237,synthetic-user-037,validation
7238,synthetic-user-037,validation
7239,synthetic-user-037,validation
7240,synthetic-user-037,validation
7241,synthetic-user-037,validation
7242,synthetic-user-037,validation
7243,synthetic-user-037,validation
7244,synthetic-user-037,validation
7245,synthetic-user-037,validation
7246,synthetic-user-037,validation
7247,synthetic-user-037,validation
7248,synthetic-user-037,validation
7249,synthetic-user-037,validation
7250,synthetic-user-037,validation
7251,synthetic-user-037,validation
7252,synthetic-user-037,validation
7253,synthetic-user-037,validation
7254,synthetic-user-037,validation
7255,synthetic-user-037,validation
7256,synthetic-user-037,validation
7257,synthetic-user-037,validation
7258,synthetic-user-037,validation
7259,synthetic-user-037,validation
7260,synthetic-user-037,validation
7261,synthetic-user-037,validation
7262,synthetic-user-037,validation
7263,synthetic-user-037,validation
7264,synthetic-user-037,validation
7265,synthetic-user-037,validation
7266,synthetic-user-037,validation
7267,synthetic-user-037,validation
7268,synthetic-user-037,validation
7269,synthetic-user-037,validation
7270,synthetic-user-037,validation
7271,synthetic-user-037,validation
7272,synthetic-user-037,validation
7273,synthetic-user-037,validation
7274,synthetic-user-037,validation
7275,synthetic-user-037,validation
7276,synthetic-user-037,validation
7277,synthetic-user-037,validation
7278,synthetic-user-037,validation
7279,synthetic-user-037,validation
7280,synthetic-user-037,validation
7281,synthetic-user-037,validation
7282,synthetic-user-037,validation
7283,synthetic-user-037,validation
7284,synthetic-user-037,validation
7285,synthetic-user-037,validation
7286,synthetic-user-037,validation
7287,synthetic-user-037,validation
7288,synthetic-user-037,validation
7289,synthetic-user-037,validation
7290,synthetic-user-037,validation
7291,synthetic-user-037,validation
7292,synthetic-user-037,validation
7293,synthetic-user-037,validation
7294,synthetic-user-037,validation
7295,synthetic-user-037,validation
7296,synthetic-user-037,validation
7297,synthetic-user-037,validation
7298,synthetic-user-037,validation
7299,synthetic-user-037,validation
7300,synthetic-user-037,validation
7301,synthetic-user-037,validation
7302,synthetic-user-037,validation
7303,synthetic-user-037,validation
7304,synthetic-user-037,validation
7305,synthetic-user-037,validation
7306,synthetic-user-037,validation
7307,synthetic-user-037,validation
7308,synthetic-user-037,validation
7309,synthetic-user-037,validation
7310,synthetic-user-037,validation
7311,synthetic-user-037,validation
7312,synthetic-user-037,validation
7313,synthetic-user-037,validation
7314,synthetic-user-037,validation
7315,synthetic-user-037,validation
7316,synthetic-user-037,validation
7317,synthetic-user-037,validation
7318,synthetic-user-037,validation
7319,synthetic-user-037,validation
7320,synthetic-user-037,validation
7321,synthetic-user-037,validation
7322,synthetic-user-037,validation
7323,synthetic-user-037,validation
7324,synthetic-user-037,validation
7325,synthetic-user-037,validation
7326,synthetic-user-037,validation
7327,synthetic-user-037,validation
7328,synthetic-user-037,validation
7329,synthetic-user-037,validation
7330,synthetic-user-037,validation
7331,synthetic-user-037,validation
7332,synthetic-user-037,validation
7333,synthetic-user-037,validation
7334,synthetic-user-037,validation
7335,synthetic-user-037,validation
7336,synthetic-user-037,validation
7337,synthetic-user-037,validation
7338,synthetic-user-037,validation
7339,synthetic-user-037,validation
7340,synthetic-user-037,validation
7341,synthetic-user-037,validation
7342,synthetic-user-037,validation
7343,synthetic-user-037,validation
7344,synthetic-user-037,validation
7345,synthetic-user-037,validation
7346,synthetic-user-037,validation
7347,synthetic-user-037,validation
7348,synthetic-user-037,validation
7349,synthetic-user-037,validation
7350,synthetic-user-037,validation
7351,synthetic-user-037,validation
7352,synthetic-user-037,validation
7353,synthetic-user-037,validation
7354,synthetic-user-037,validation
7355,synthetic-user-037,validation
7356,synthetic-user-037,validation
7357,synthetic-user-037,validation
7358,synthetic-user-037,validation
7359,synthetic-user-037,validation
7360,synthetic-user-037,validation
7361,synthetic-user-037,validation
7362,synthetic-user-037,validation
7363,synthetic-user-037,validation
7364,synthetic-user-037,validation
7365,synthetic-user-037,validation
7366,synthetic-user-037,validation
7367,synthetic-user-037,validation
7368,synthetic-user-037,validation
7369,synthetic-user-037,validation
7370,synthetic-user-037,validation
7371,synthetic-user-037,validation
7372,synthetic-user-037,validation
7373,synthetic-user-037,validation
7374,synthetic-user-037,validation
7375,synthetic-user-037,validation
7376,synthetic-user-037,validation
7377,synthetic-user-037,validation
7378,synthetic-user-037,validation
7379,synthetic-user-037,validation
7380,synthetic-user-037,validation
7381,synthetic-user-037,validation
7382,synthetic-user-037,validation
7383,synthetic-user-037,validation
7384,synthetic-user-037,validation
7385,synthetic-user-037,validation
7386,synthetic-user-037,validation
7387,synthetic-user-037,validation
7388,synthetic-user-037,validation
7389,synthetic-user-037,validation
7390,synthetic-user-037,validation
7391,synthetic-user-037,validation
7392,synthetic-user-037,validation
7393,synthetic-user-037,validation
7394,synthetic-user-037,validation
7395,synthetic-user-037,validation
7396,synthetic-user-037,validation
7397,synthetic-user-037,validation
7398,synthetic-user-037,validation
7399,synthetic-user-037,validation
7400,synthetic-user-037,validation
7401,synthetic-user-038,train
7402,synthetic-user-038,train
7403,synthetic-user-038,train
7404,synthetic-user-038,train
7405,synthetic-user-038,train
7406,synthetic-user-038,train
7407,synthetic-user-038,train
7408,synthetic-user-038,train
7409,synthetic-user-038,train
7410,synthetic-user-038,train
7411,synthetic-user-038,train
7412,synthetic-user-038,train
7413,synthetic-user-038,train
7414,synthetic-user-038,train
7415,synthetic-user-038,train
7416,synthetic-user-038,train
7417,synthetic-user-038,train
7418,synthetic-user-038,train
7419,synthetic-user-038,train
7420,synthetic-user-038,train
7421,synthetic-user-038,train
7422,synthetic-user-038,train
7423,synthetic-user-038,train
7424,synthetic-user-038,train
7425,synthetic-user-038,train
7426,synthetic-user-038,train
7427,synthetic-user-038,train
7428,synthetic-user-038,train
7429,synthetic-user-038,train
7430,synthetic-user-038,train
7431,synthetic-user-038,train
7432,synthetic-user-038,train
7433,synthetic-user-038,train
7434,synthetic-user-038,train
7435,synthetic-user-038,train
7436,synthetic-user-038,train
7437,synthetic-user-038,train
7438,synthetic-user-038,train
7439,synthetic-user-038,train
7440,synthetic-user-038,train
7441,synthetic-user-038,train
7442,synthetic-user-038,train
7443,synthetic-user-038,train
7444,synthetic-user-038,train
7445,synthetic-user-038,train
7446,synthetic-user-038,train
7447,synthetic-user-038,train
7448,synthetic-user-038,train
7449,synthetic-user-038,train
7450,synthetic-user-038,train
7451,synthetic-user-038,train
7452,synthetic-user-038,train
7453,synthetic-user-038,train
7454,synthetic-user-038,train
7455,synthetic-user-038,train
7456,synthetic-user-038,train
7457,synthetic-user-038,train
7458,synthetic-user-038,train
7459,synthetic-user-038,train
7460,synthetic-user-038,train
7461,synthetic-user-038,train
7462,synthetic-user-038,train
7463,synthetic-user-038,train
7464,synthetic-user-038,train
7465,synthetic-user-038,train
7466,synthetic-user-038,train
7467,synthetic-user-038,train
7468,synthetic-user-038,train
7469,synthetic-user-038,train
7470,synthetic-user-038,train
7471,synthetic-user-038,train
7472,synthetic-user-038,train
7473,synthetic-user-038,train
7474,synthetic-user-038,train
7475,synthetic-user-038,train
7476,synthetic-user-038,train
7477,synthetic-user-038,train
7478,synthetic-user-038,train
7479,synthetic-user-038,train
7480,synthetic-user-038,train
7481,synthetic-user-038,train
7482,synthetic-user-038,train
7483,synthetic-user-038,train
7484,synthetic-user-038,train
7485,synthetic-user-038,train
7486,synthetic-user-038,train
7487,synthetic-user-038,train
7488,synthetic-user-038,train
7489,synthetic-user-038,train
7490,synthetic-user-038,train
7491,synthetic-user-038,train
7492,synthetic-user-038,train
7493,synthetic-user-038,train
7494,synthetic-user-038,train
7495,synthetic-user-038,train
7496,synthetic-user-038,train
7497,synthetic-user-038,train
7498,synthetic-user-038,train
7499,synthetic-user-038,train
7500,synthetic-user-038,train
7501,synthetic-user-038,train
7502,synthetic-user-038,train
7503,synthetic-user-038,train
7504,synthetic-user-038,train
7505,synthetic-user-038,train
7506,synthetic-user-038,train
7507,synthetic-user-038,train
7508,synthetic-user-038,train
7509,synthetic-user-038,train
7510,synthetic-user-038,train
7511,synthetic-user-038,train
7512,synthetic-user-038,train
7513,synthetic-user-038,train
7514,synthetic-user-038,train
7515,synthetic-user-038,train
7516,synthetic-user-038,train
7517,synthetic-user-038,train
7518,synthetic-user-038,train
7519,synthetic-user-038,train
7520,synthetic-user-038,train
7521,synthetic-user-038,train
7522,synthetic-user-038,train
7523,synthetic-user-038,train
7524,synthetic-user-038,train
7525,synthetic-user-038,train
7526,synthetic-user-038,train
7527,synthetic-user-038,train
7528,synthetic-user-038,train
7529,synthetic-user-038,train
7530,synthetic-user-038,train
7531,synthetic-user-038,train
7532,synthetic-user-038,train
7533,synthetic-user-038,train
7534,synthetic-user-038,train
7535,synthetic-user-038,train
7536,synthetic-user-038,train
7537,synthetic-user-038,train
7538,synthetic-user-038,train
7539,synthetic-user-038,train
7540,synthetic-user-038,train
7541,synthetic-user-038,train
7542,synthetic-user-038,train
7543,synthetic-user-038,train
7544,synthetic-user-038,train
7545,synthetic-user-038,train
7546,synthetic-user-038,train
7547,synthetic-user-038,train
7548,synthetic-user-038,train
7549,synthetic-user-038,train
7550,synthetic-user-038,train
7551,synthetic-user-038,train
7552,synthetic-user-038,train
7553,synthetic-user-038,train
7554,synthetic-user-038,train
7555,synthetic-user-038,train
7556,synthetic-user-038,train
7557,synthetic-user-038,train
7558,synthetic-user-038,train
7559,synthetic-user-038,train
7560,synthetic-user-038,train
7561,synthetic-user-038,train
7562,synthetic-user-038,train
7563,synthetic-user-038,train
7564,synthetic-user-038,train
7565,synthetic-user-038,train
7566,synthetic-user-038,train
7567,synthetic-user-038,train
7568,synthetic-user-038,train
7569,synthetic-user-038,train
7570,synthetic-user-038,train
7571,synthetic-user-038,train
7572,synthetic-user-038,train
7573,synthetic-user-038,train
7574,synthetic-user-038,train
7575,synthetic-user-038,train
7576,synthetic-user-038,train
7577,synthetic-user-038,train
7578,synthetic-user-038,train
7579,synthetic-user-038,train
7580,synthetic-user-038,train
7581,synthetic-user-038,train
7582,synthetic-user-038,train
7583,synthetic-user-038,train
7584,synthetic-user-038,train
7585,synthetic-user-038,train
7586,synthetic-user-038,train
7587,synthetic-user-038,train
7588,synthetic-user-038,train
7589,synthetic-user-038,train
7590,synthetic-user-038,train
7591,synthetic-user-038,train
7592,synthetic-user-038,train
7593,synthetic-user-038,train
7594,synthetic-user-038,train
7595,synthetic-user-038,train
7596,synthetic-user-038,train
7597,synthetic-user-038,train
7598,synthetic-user-038,train
7599,synthetic-user-038,train
7600,synthetic-user-038,train
7601,synthetic-user-039,train
7602,synthetic-user-039,train
7603,synthetic-user-039,train
7604,synthetic-user-039,train
7605,synthetic-user-039,train
7606,synthetic-user-039,train
7607,synthetic-user-039,train
7608,synthetic-user-039,train
7609,synthetic-user-039,train
7610,synthetic-user-039,train
7611,synthetic-user-039,train
7612,synthetic-user-039,train
7613,synthetic-user-039,train
7614,synthetic-user-039,train
7615,synthetic-user-039,train
7616,synthetic-user-039,train
7617,synthetic-user-039,train
7618,synthetic-user-039,train
7619,synthetic-user-039,train
7620,synthetic-user-039,train
7621,synthetic-user-039,train
7622,synthetic-user-039,train
7623,synthetic-user-039,train
7624,synthetic-user-039,train
7625,synthetic-user-039,train
7626,synthetic-user-039,train
7627,synthetic-user-039,train
7628,synthetic-user-039,train
7629,synthetic-user-039,train
7630,synthetic-user-039,train
7631,synthetic-user-039,train
7632,synthetic-user-039,train
7633,synthetic-user-039,train
7634,synthetic-user-039,train
7635,synthetic-user-039,train
7636,synthetic-user-039,train
7637,synthetic-user-039,train
7638,synthetic-user-039,train
7639,synthetic-user-039,train
7640,synthetic-user-039,train
7641,synthetic-user-039,train
7642,synthetic-user-039,train
7643,synthetic-user-039,train
7644,synthetic-user-039,train
7645,synthetic-user-039,train
7646,synthetic-user-039,train
7647,synthetic-user-039,train
7648,synthetic-user-039,train
7649,synthetic-user-039,train
7650,synthetic-user-039,train
7651,synthetic-user-039,train
7652,synthetic-user-039,train
7653,synthetic-user-039,train
7654,synthetic-user-039,train
7655,synthetic-user-039,train
7656,synthetic-user-039,train
7657,synthetic-user-039,train
7658,synthetic-user-039,train
7659,synthetic-user-039,train
7660,synthetic-user-039,train
7661,synthetic-user-039,train
7662,synthetic-user-039,train
7663,synthetic-user-039,train
7664,synthetic-user-039,train
7665,synthetic-user-039,train
7666,synthetic-user-039,train
7667,synthetic-user-039,train
7668,synthetic-user-039,train
7669,synthetic-user-039,train
7670,synthetic-user-039,train
7671,synthetic-user-039,train
7672,synthetic-user-039,train
7673,synthetic-user-039,train
7674,synthetic-user-039,train
7675,synthetic-user-039,train
7676,synthetic-user-039,train
7677,synthetic-user-039,train
7678,synthetic-user-039,train
7679,synthetic-user-039,train
7680,synthetic-user-039,train
7681,synthetic-user-039,train
7682,synthetic-user-039,train
7683,synthetic-user-039,train
7684,synthetic-user-039,train
7685,synthetic-user-039,train
7686,synthetic-user-039,train
7687,synthetic-user-039,train
7688,synthetic-user-039,train
7689,synthetic-user-039,train
7690,synthetic-user-039,train
7691,synthetic-user-039,train
7692,synthetic-user-039,train
7693,synthetic-user-039,train
7694,synthetic-user-039,train
7695,synthetic-user-039,train
7696,synthetic-user-039,train
7697,synthetic-user-039,train
7698,synthetic-user-039,train
7699,synthetic-user-039,train
7700,synthetic-user-039,train
7701,synthetic-user-039,train
7702,synthetic-user-039,train
7703,synthetic-user-039,train
7704,synthetic-user-039,train
7705,synthetic-user-039,train
7706,synthetic-user-039,train
7707,synthetic-user-039,train
7708,synthetic-user-039,train
7709,synthetic-user-039,train
7710,synthetic-user-039,train
7711,synthetic-user-039,train
7712,synthetic-user-039,train
7713,synthetic-user-039,train
7714,synthetic-user-039,train
7715,synthetic-user-039,train
7716,synthetic-user-039,train
7717,synthetic-user-039,train
7718,synthetic-user-039,train
7719,synthetic-user-039,train
7720,synthetic-user-039,train
7721,synthetic-user-039,train
7722,synthetic-user-039,train
7723,synthetic-user-039,train
7724,synthetic-user-039,train
7725,synthetic-user-039,train
7726,synthetic-user-039,train
7727,synthetic-user-039,train
7728,synthetic-user-039,train
7729,synthetic-user-039,train
7730,synthetic-user-039,train
7731,synthetic-user-039,train
7732,synthetic-user-039,train
7733,synthetic-user-039,train
7734,synthetic-user-039,train
7735,synthetic-user-039,train
7736,synthetic-user-039,train
7737,synthetic-user-039,train
7738,synthetic-user-039,train
7739,synthetic-user-039,train
7740,synthetic-user-039,train
7741,synthetic-user-039,train
7742,synthetic-user-039,train
7743,synthetic-user-039,train
7744,synthetic-user-039,train
7745,synthetic-user-039,train
7746,synthetic-user-039,train
7747,synthetic-user-039,train
7748,synthetic-user-039,train
7749,synthetic-user-039,train
7750,synthetic-user-039,train
7751,synthetic-user-039,train
7752,synthetic-user-039,train
7753,synthetic-user-039,train
7754,synthetic-user-039,train
7755,synthetic-user-039,train
7756,synthetic-user-039,train
7757,synthetic-user-039,train
7758,synthetic-user-039,train
7759,synthetic-user-039,train
7760,synthetic-user-039,train
7761,synthetic-user-039,train
7762,synthetic-user-039,train
7763,synthetic-user-039,train
7764,synthetic-user-039,train
7765,synthetic-user-039,train
7766,synthetic-user-039,train
7767,synthetic-user-039,train
7768,synthetic-user-039,train
7769,synthetic-user-039,train
7770,synthetic-user-039,train
7771,synthetic-user-039,train
7772,synthetic-user-039,train
7773,synthetic-user-039,train
7774,synthetic-user-039,train
7775,synthetic-user-039,train
7776,synthetic-user-039,train
7777,synthetic-user-039,train
7778,synthetic-user-039,train
7779,synthetic-user-039,train
7780,synthetic-user-039,train
7781,synthetic-user-039,train
7782,synthetic-user-039,train
7783,synthetic-user-039,train
7784,synthetic-user-039,train
7785,synthetic-user-039,train
7786,synthetic-user-039,train
7787,synthetic-user-039,train
7788,synthetic-user-039,train
7789,synthetic-user-039,train
7790,synthetic-user-039,train
7791,synthetic-user-039,train
7792,synthetic-user-039,train
7793,synthetic-user-039,train
7794,synthetic-user-039,train
7795,synthetic-user-039,train
7796,synthetic-user-039,train
7797,synthetic-user-039,train
7798,synthetic-user-039,train
7799,synthetic-user-039,train
7800,synthetic-user-039,train
7801,synthetic-user-040,train
7802,synthetic-user-040,train
7803,synthetic-user-040,train
7804,synthetic-user-040,train
7805,synthetic-user-040,train
7806,synthetic-user-040,train
7807,synthetic-user-040,train
7808,synthetic-user-040,train
7809,synthetic-user-040,train
7810,synthetic-user-040,train
7811,synthetic-user-040,train
7812,synthetic-user-040,train
7813,synthetic-user-040,train
7814,synthetic-user-040,train
7815,synthetic-user-040,train
7816,synthetic-user-040,train
7817,synthetic-user-040,train
7818,synthetic-user-040,train
7819,synthetic-user-040,train
7820,synthetic-user-040,train
7821,synthetic-user-040,train
7822,synthetic-user-040,train
7823,synthetic-user-040,train
7824,synthetic-user-040,train
7825,synthetic-user-040,train
7826,synthetic-user-040,train
7827,synthetic-user-040,train
7828,synthetic-user-040,train
7829,synthetic-user-040,train
7830,synthetic-user-040,train
7831,synthetic-user-040,train
7832,synthetic-user-040,train
7833,synthetic-user-040,train
7834,synthetic-user-040,train
7835,synthetic-user-040,train
7836,synthetic-user-040,train
7837,synthetic-user-040,train
7838,synthetic-user-040,train
7839,synthetic-user-040,train
7840,synthetic-user-040,train
7841,synthetic-user-040,train
7842,synthetic-user-040,train
7843,synthetic-user-040,train
7844,synthetic-user-040,train
7845,synthetic-user-040,train
7846,synthetic-user-040,train
7847,synthetic-user-040,train
7848,synthetic-user-040,train
7849,synthetic-user-040,train
7850,synthetic-user-040,train
7851,synthetic-user-040,train
7852,synthetic-user-040,train
7853,synthetic-user-040,train
7854,synthetic-user-040,train
7855,synthetic-user-040,train
7856,synthetic-user-040,train
7857,synthetic-user-040,train
7858,synthetic-user-040,train
7859,synthetic-user-040,train
7860,synthetic-user-040,train
7861,synthetic-user-040,train
7862,synthetic-user-040,train
7863,synthetic-user-040,train
7864,synthetic-user-040,train
7865,synthetic-user-040,train
7866,synthetic-user-040,train
7867,synthetic-user-040,train
7868,synthetic-user-040,train
7869,synthetic-user-040,train
7870,synthetic-user-040,train
7871,synthetic-user-040,train
7872,synthetic-user-040,train
7873,synthetic-user-040,train
7874,synthetic-user-040,train
7875,synthetic-user-040,train
7876,synthetic-user-040,train
7877,synthetic-user-040,train
7878,synthetic-user-040,train
7879,synthetic-user-040,train
7880,synthetic-user-040,train
7881,synthetic-user-040,train
7882,synthetic-user-040,train
7883,synthetic-user-040,train
7884,synthetic-user-040,train
7885,synthetic-user-040,train
7886,synthetic-user-040,train
7887,synthetic-user-040,train
7888,synthetic-user-040,train
7889,synthetic-user-040,train
7890,synthetic-user-040,train
7891,synthetic-user-040,train
7892,synthetic-user-040,train
7893,synthetic-user-040,train
7894,synthetic-user-040,train
7895,synthetic-user-040,train
7896,synthetic-user-040,train
7897,synthetic-user-040,train
7898,synthetic-user-040,train
7899,synthetic-user-040,train
7900,synthetic-user-040,train
7901,synthetic-user-040,train
7902,synthetic-user-040,train
7903,synthetic-user-040,train
7904,synthetic-user-040,train
7905,synthetic-user-040,train
7906,synthetic-user-040,train
7907,synthetic-user-040,train
7908,synthetic-user-040,train
7909,synthetic-user-040,train
7910,synthetic-user-040,train
7911,synthetic-user-040,train
7912,synthetic-user-040,train
7913,synthetic-user-040,train
7914,synthetic-user-040,train
7915,synthetic-user-040,train
7916,synthetic-user-040,train
7917,synthetic-user-040,train
7918,synthetic-user-040,train
7919,synthetic-user-040,train
7920,synthetic-user-040,train
7921,synthetic-user-040,train
7922,synthetic-user-040,train
7923,synthetic-user-040,train
7924,synthetic-user-040,train
7925,synthetic-user-040,train
7926,synthetic-user-040,train
7927,synthetic-user-040,train
7928,synthetic-user-040,train
7929,synthetic-user-040,train
7930,synthetic-user-040,train
7931,synthetic-user-040,train
7932,synthetic-user-040,train
7933,synthetic-user-040,train
7934,synthetic-user-040,train
7935,synthetic-user-040,train
7936,synthetic-user-040,train
7937,synthetic-user-040,train
7938,synthetic-user-040,train
7939,synthetic-user-040,train
7940,synthetic-user-040,train
7941,synthetic-user-040,train
7942,synthetic-user-040,train
7943,synthetic-user-040,train
7944,synthetic-user-040,train
7945,synthetic-user-040,train
7946,synthetic-user-040,train
7947,synthetic-user-040,train
7948,synthetic-user-040,train
7949,synthetic-user-040,train
7950,synthetic-user-040,train
7951,synthetic-user-040,train
7952,synthetic-user-040,train
7953,synthetic-user-040,train
7954,synthetic-user-040,train
7955,synthetic-user-040,train
7956,synthetic-user-040,train
7957,synthetic-user-040,train
7958,synthetic-user-040,train
7959,synthetic-user-040,train
7960,synthetic-user-040,train
7961,synthetic-user-040,train
7962,synthetic-user-040,train
7963,synthetic-user-040,train
7964,synthetic-user-040,train
7965,synthetic-user-040,train
7966,synthetic-user-040,train
7967,synthetic-user-040,train
7968,synthetic-user-040,train
7969,synthetic-user-040,train
7970,synthetic-user-040,train
7971,synthetic-user-040,train
7972,synthetic-user-040,train
7973,synthetic-user-040,train
7974,synthetic-user-040,train
7975,synthetic-user-040,train
7976,synthetic-user-040,train
7977,synthetic-user-040,train
7978,synthetic-user-040,train
7979,synthetic-user-040,train
7980,synthetic-user-040,train
7981,synthetic-user-040,train
7982,synthetic-user-040,train
7983,synthetic-user-040,train
7984,synthetic-user-040,train
7985,synthetic-user-040,train
7986,synthetic-user-040,train
7987,synthetic-user-040,train
7988,synthetic-user-040,train
7989,synthetic-user-040,train
7990,synthetic-user-040,train
7991,synthetic-user-040,train
7992,synthetic-user-040,train
7993,synthetic-user-040,train
7994,synthetic-user-040,train
7995,synthetic-user-040,train
7996,synthetic-user-040,train
7997,synthetic-user-040,train
7998,synthetic-user-040,train
7999,synthetic-user-040,train
8000,synthetic-user-040,train
8001,synthetic-user-041,test
8002,synthetic-user-041,test
8003,synthetic-user-041,test
8004,synthetic-user-041,test
8005,synthetic-user-041,test
8006,synthetic-user-041,test
8007,synthetic-user-041,test
8008,synthetic-user-041,test
8009,synthetic-user-041,test
8010,synthetic-user-041,test
8011,synthetic-user-041,test
8012,synthetic-user-041,test
8013,synthetic-user-041,test
8014,synthetic-user-041,test
8015,synthetic-user-041,test
8016,synthetic-user-041,test
8017,synthetic-user-041,test
8018,synthetic-user-041,test
8019,synthetic-user-041,test
8020,synthetic-user-041,test
8021,synthetic-user-041,test
8022,synthetic-user-041,test
8023,synthetic-user-041,test
8024,synthetic-user-041,test
8025,synthetic-user-041,test
8026,synthetic-user-041,test
8027,synthetic-user-041,test
8028,synthetic-user-041,test
8029,synthetic-user-041,test
8030,synthetic-user-041,test
8031,synthetic-user-041,test
8032,synthetic-user-041,test
8033,synthetic-user-041,test
8034,synthetic-user-041,test
8035,synthetic-user-041,test
8036,synthetic-user-041,test
8037,synthetic-user-041,test
8038,synthetic-user-041,test
8039,synthetic-user-041,test
8040,synthetic-user-041,test
8041,synthetic-user-041,test
8042,synthetic-user-041,test
8043,synthetic-user-041,test
8044,synthetic-user-041,test
8045,synthetic-user-041,test
8046,synthetic-user-041,test
8047,synthetic-user-041,test
8048,synthetic-user-041,test
8049,synthetic-user-041,test
8050,synthetic-user-041,test
8051,synthetic-user-041,test
8052,synthetic-user-041,test
8053,synthetic-user-041,test
8054,synthetic-user-041,test
8055,synthetic-user-041,test
8056,synthetic-user-041,test
8057,synthetic-user-041,test
8058,synthetic-user-041,test
8059,synthetic-user-041,test
8060,synthetic-user-041,test
8061,synthetic-user-041,test
8062,synthetic-user-041,test
8063,synthetic-user-041,test
8064,synthetic-user-041,test
8065,synthetic-user-041,test
8066,synthetic-user-041,test
8067,synthetic-user-041,test
8068,synthetic-user-041,test
8069,synthetic-user-041,test
8070,synthetic-user-041,test
8071,synthetic-user-041,test
8072,synthetic-user-041,test
8073,synthetic-user-041,test
8074,synthetic-user-041,test
8075,synthetic-user-041,test
8076,synthetic-user-041,test
8077,synthetic-user-041,test
8078,synthetic-user-041,test
8079,synthetic-user-041,test
8080,synthetic-user-041,test
8081,synthetic-user-041,test
8082,synthetic-user-041,test
8083,synthetic-user-041,test
8084,synthetic-user-041,test
8085,synthetic-user-041,test
8086,synthetic-user-041,test
8087,synthetic-user-041,test
8088,synthetic-user-041,test
8089,synthetic-user-041,test
8090,synthetic-user-041,test
8091,synthetic-user-041,test
8092,synthetic-user-041,test
8093,synthetic-user-041,test
8094,synthetic-user-041,test
8095,synthetic-user-041,test
8096,synthetic-user-041,test
8097,synthetic-user-041,test
8098,synthetic-user-041,test
8099,synthetic-user-041,test
8100,synthetic-user-041,test
8101,synthetic-user-041,test
8102,synthetic-user-041,test
8103,synthetic-user-041,test
8104,synthetic-user-041,test
8105,synthetic-user-041,test
8106,synthetic-user-041,test
8107,synthetic-user-041,test
8108,synthetic-user-041,test
8109,synthetic-user-041,test
8110,synthetic-user-041,test
8111,synthetic-user-041,test
8112,synthetic-user-041,test
8113,synthetic-user-041,test
8114,synthetic-user-041,test
8115,synthetic-user-041,test
8116,synthetic-user-041,test
8117,synthetic-user-041,test
8118,synthetic-user-041,test
8119,synthetic-user-041,test
8120,synthetic-user-041,test
8121,synthetic-user-041,test
8122,synthetic-user-041,test
8123,synthetic-user-041,test
8124,synthetic-user-041,test
8125,synthetic-user-041,test
8126,synthetic-user-041,test
8127,synthetic-user-041,test
8128,synthetic-user-041,test
8129,synthetic-user-041,test
8130,synthetic-user-041,test
8131,synthetic-user-041,test
8132,synthetic-user-041,test
8133,synthetic-user-041,test
8134,synthetic-user-041,test
8135,synthetic-user-041,test
8136,synthetic-user-041,test
8137,synthetic-user-041,test
8138,synthetic-user-041,test
8139,synthetic-user-041,test
8140,synthetic-user-041,test
8141,synthetic-user-041,test
8142,synthetic-user-041,test
8143,synthetic-user-041,test
8144,synthetic-user-041,test
8145,synthetic-user-041,test
8146,synthetic-user-041,test
8147,synthetic-user-041,test
8148,synthetic-user-041,test
8149,synthetic-user-041,test
8150,synthetic-user-041,test
8151,synthetic-user-041,test
8152,synthetic-user-041,test
8153,synthetic-user-041,test
8154,synthetic-user-041,test
8155,synthetic-user-041,test
8156,synthetic-user-041,test
8157,synthetic-user-041,test
8158,synthetic-user-041,test
8159,synthetic-user-041,test
8160,synthetic-user-041,test
8161,synthetic-user-041,test
8162,synthetic-user-041,test
8163,synthetic-user-041,test
8164,synthetic-user-041,test
8165,synthetic-user-041,test
8166,synthetic-user-041,test
8167,synthetic-user-041,test
8168,synthetic-user-041,test
8169,synthetic-user-041,test
8170,synthetic-user-041,test
8171,synthetic-user-041,test
8172,synthetic-user-041,test
8173,synthetic-user-041,test
8174,synthetic-user-041,test
8175,synthetic-user-041,test
8176,synthetic-user-041,test
8177,synthetic-user-041,test
8178,synthetic-user-041,test
8179,synthetic-user-041,test
8180,synthetic-user-041,test
8181,synthetic-user-041,test
8182,synthetic-user-041,test
8183,synthetic-user-041,test
8184,synthetic-user-041,test
8185,synthetic-user-041,test
8186,synthetic-user-041,test
8187,synthetic-user-041,test
8188,synthetic-user-041,test
8189,synthetic-user-041,test
8190,synthetic-user-041,test
8191,synthetic-user-041,test
8192,synthetic-user-041,test
8193,synthetic-user-041,test
8194,synthetic-user-041,test
8195,synthetic-user-041,test
8196,synthetic-user-041,test
8197,synthetic-user-041,test
8198,synthetic-user-041,test
8199,synthetic-user-041,test
8200,synthetic-user-041,test
8201,synthetic-user-042,validation
8202,synthetic-user-042,validation
8203,synthetic-user-042,validation
8204,synthetic-user-042,validation
8205,synthetic-user-042,validation
8206,synthetic-user-042,validation
8207,synthetic-user-042,validation
8208,synthetic-user-042,validation
8209,synthetic-user-042,validation
8210,synthetic-user-042,validation
8211,synthetic-user-042,validation
8212,synthetic-user-042,validation
8213,synthetic-user-042,validation
8214,synthetic-user-042,validation
8215,synthetic-user-042,validation
8216,synthetic-user-042,validation
8217,synthetic-user-042,validation
8218,synthetic-user-042,validation
8219,synthetic-user-042,validation
8220,synthetic-user-042,validation
8221,synthetic-user-042,validation
8222,synthetic-user-042,validation
8223,synthetic-user-042,validation
8224,synthetic-user-042,validation
8225,synthetic-user-042,validation
8226,synthetic-user-042,validation
8227,synthetic-user-042,validation
8228,synthetic-user-042,validation
8229,synthetic-user-042,validation
8230,synthetic-user-042,validation
8231,synthetic-user-042,validation
8232,synthetic-user-042,validation
8233,synthetic-user-042,validation
8234,synthetic-user-042,validation
8235,synthetic-user-042,validation
8236,synthetic-user-042,validation
8237,synthetic-user-042,validation
8238,synthetic-user-042,validation
8239,synthetic-user-042,validation
8240,synthetic-user-042,validation
8241,synthetic-user-042,validation
8242,synthetic-user-042,validation
8243,synthetic-user-042,validation
8244,synthetic-user-042,validation
8245,synthetic-user-042,validation
8246,synthetic-user-042,validation
8247,synthetic-user-042,validation
8248,synthetic-user-042,validation
8249,synthetic-user-042,validation
8250,synthetic-user-042,validation
8251,synthetic-user-042,validation
8252,synthetic-user-042,validation
8253,synthetic-user-042,validation
8254,synthetic-user-042,validation
8255,synthetic-user-042,validation
8256,synthetic-user-042,validation
8257,synthetic-user-042,validation
8258,synthetic-user-042,validation
8259,synthetic-user-042,validation
8260,synthetic-user-042,validation
8261,synthetic-user-042,validation
8262,synthetic-user-042,validation
8263,synthetic-user-042,validation
8264,synthetic-user-042,validation
8265,synthetic-user-042,validation
8266,synthetic-user-042,validation
8267,synthetic-user-042,validation
8268,synthetic-user-042,validation
8269,synthetic-user-042,validation
8270,synthetic-user-042,validation
8271,synthetic-user-042,validation
8272,synthetic-user-042,validation
8273,synthetic-user-042,validation
8274,synthetic-user-042,validation
8275,synthetic-user-042,validation
8276,synthetic-user-042,validation
8277,synthetic-user-042,validation
8278,synthetic-user-042,validation
8279,synthetic-user-042,validation
8280,synthetic-user-042,validation
8281,synthetic-user-042,validation
8282,synthetic-user-042,validation
8283,synthetic-user-042,validation
8284,synthetic-user-042,validation
8285,synthetic-user-042,validation
8286,synthetic-user-042,validation
8287,synthetic-user-042,validation
8288,synthetic-user-042,validation
8289,synthetic-user-042,validation
8290,synthetic-user-042,validation
8291,synthetic-user-042,validation
8292,synthetic-user-042,validation
8293,synthetic-user-042,validation
8294,synthetic-user-042,validation
8295,synthetic-user-042,validation
8296,synthetic-user-042,validation
8297,synthetic-user-042,validation
8298,synthetic-user-042,validation
8299,synthetic-user-042,validation
8300,synthetic-user-042,validation
8301,synthetic-user-042,validation
8302,synthetic-user-042,validation
8303,synthetic-user-042,validation
8304,synthetic-user-042,validation
8305,synthetic-user-042,validation
8306,synthetic-user-042,validation
8307,synthetic-user-042,validation
8308,synthetic-user-042,validation
8309,synthetic-user-042,validation
8310,synthetic-user-042,validation
8311,synthetic-user-042,validation
8312,synthetic-user-042,validation
8313,synthetic-user-042,validation
8314,synthetic-user-042,validation
8315,synthetic-user-042,validation
8316,synthetic-user-042,validation
8317,synthetic-user-042,validation
8318,synthetic-user-042,validation
8319,synthetic-user-042,validation
8320,synthetic-user-042,validation
8321,synthetic-user-042,validation
8322,synthetic-user-042,validation
8323,synthetic-user-042,validation
8324,synthetic-user-042,validation
8325,synthetic-user-042,validation
8326,synthetic-user-042,validation
8327,synthetic-user-042,validation
8328,synthetic-user-042,validation
8329,synthetic-user-042,validation
8330,synthetic-user-042,validation
8331,synthetic-user-042,validation
8332,synthetic-user-042,validation
8333,synthetic-user-042,validation
8334,synthetic-user-042,validation
8335,synthetic-user-042,validation
8336,synthetic-user-042,validation
8337,synthetic-user-042,validation
8338,synthetic-user-042,validation
8339,synthetic-user-042,validation
8340,synthetic-user-042,validation
8341,synthetic-user-042,validation
8342,synthetic-user-042,validation
8343,synthetic-user-042,validation
8344,synthetic-user-042,validation
8345,synthetic-user-042,validation
8346,synthetic-user-042,validation
8347,synthetic-user-042,validation
8348,synthetic-user-042,validation
8349,synthetic-user-042,validation
8350,synthetic-user-042,validation
8351,synthetic-user-042,validation
8352,synthetic-user-042,validation
8353,synthetic-user-042,validation
8354,synthetic-user-042,validation
8355,synthetic-user-042,validation
8356,synthetic-user-042,validation
8357,synthetic-user-042,validation
8358,synthetic-user-042,validation
8359,synthetic-user-042,validation
8360,synthetic-user-042,validation
8361,synthetic-user-042,validation
8362,synthetic-user-042,validation
8363,synthetic-user-042,validation
8364,synthetic-user-042,validation
8365,synthetic-user-042,validation
8366,synthetic-user-042,validation
8367,synthetic-user-042,validation
8368,synthetic-user-042,validation
8369,synthetic-user-042,validation
8370,synthetic-user-042,validation
8371,synthetic-user-042,validation
8372,synthetic-user-042,validation
8373,synthetic-user-042,validation
8374,synthetic-user-042,validation
8375,synthetic-user-042,validation
8376,synthetic-user-042,validation
8377,synthetic-user-042,validation
8378,synthetic-user-042,validation
8379,synthetic-user-042,validation
8380,synthetic-user-042,validation
8381,synthetic-user-042,validation
8382,synthetic-user-042,validation
8383,synthetic-user-042,validation
8384,synthetic-user-042,validation
8385,synthetic-user-042,validation
8386,synthetic-user-042,validation
8387,synthetic-user-042,validation
8388,synthetic-user-042,validation
8389,synthetic-user-042,validation
8390,synthetic-user-042,validation
8391,synthetic-user-042,validation
8392,synthetic-user-042,validation
8393,synthetic-user-042,validation
8394,synthetic-user-042,validation
8395,synthetic-user-042,validation
8396,synthetic-user-042,validation
8397,synthetic-user-042,validation
8398,synthetic-user-042,validation
8399,synthetic-user-042,validation
8400,synthetic-user-042,validation
8401,synthetic-user-043,train
8402,synthetic-user-043,train
8403,synthetic-user-043,train
8404,synthetic-user-043,train
8405,synthetic-user-043,train
8406,synthetic-user-043,train
8407,synthetic-user-043,train
8408,synthetic-user-043,train
8409,synthetic-user-043,train
8410,synthetic-user-043,train
8411,synthetic-user-043,train
8412,synthetic-user-043,train
8413,synthetic-user-043,train
8414,synthetic-user-043,train
8415,synthetic-user-043,train
8416,synthetic-user-043,train
8417,synthetic-user-043,train
8418,synthetic-user-043,train
8419,synthetic-user-043,train
8420,synthetic-user-043,train
8421,synthetic-user-043,train
8422,synthetic-user-043,train
8423,synthetic-user-043,train
8424,synthetic-user-043,train
8425,synthetic-user-043,train
8426,synthetic-user-043,train
8427,synthetic-user-043,train
8428,synthetic-user-043,train
8429,synthetic-user-043,train
8430,synthetic-user-043,train
8431,synthetic-user-043,train
8432,synthetic-user-043,train
8433,synthetic-user-043,train
8434,synthetic-user-043,train
8435,synthetic-user-043,train
8436,synthetic-user-043,train
8437,synthetic-user-043,train
8438,synthetic-user-043,train
8439,synthetic-user-043,train
8440,synthetic-user-043,train
8441,synthetic-user-043,train
8442,synthetic-user-043,train
8443,synthetic-user-043,train
8444,synthetic-user-043,train
8445,synthetic-user-043,train
8446,synthetic-user-043,train
8447,synthetic-user-043,train
8448,synthetic-user-043,train
8449,synthetic-user-043,train
8450,synthetic-user-043,train
8451,synthetic-user-043,train
8452,synthetic-user-043,train
8453,synthetic-user-043,train
8454,synthetic-user-043,train
8455,synthetic-user-043,train
8456,synthetic-user-043,train
8457,synthetic-user-043,train
8458,synthetic-user-043,train
8459,synthetic-user-043,train
8460,synthetic-user-043,train
8461,synthetic-user-043,train
8462,synthetic-user-043,train
8463,synthetic-user-043,train
8464,synthetic-user-043,train
8465,synthetic-user-043,train
8466,synthetic-user-043,train
8467,synthetic-user-043,train
8468,synthetic-user-043,train
8469,synthetic-user-043,train
8470,synthetic-user-043,train
8471,synthetic-user-043,train
8472,synthetic-user-043,train
8473,synthetic-user-043,train
8474,synthetic-user-043,train
8475,synthetic-user-043,train
8476,synthetic-user-043,train
8477,synthetic-user-043,train
8478,synthetic-user-043,train
8479,synthetic-user-043,train
8480,synthetic-user-043,train
8481,synthetic-user-043,train
8482,synthetic-user-043,train
8483,synthetic-user-043,train
8484,synthetic-user-043,train
8485,synthetic-user-043,train
8486,synthetic-user-043,train
8487,synthetic-user-043,train
8488,synthetic-user-043,train
8489,synthetic-user-043,train
8490,synthetic-user-043,train
8491,synthetic-user-043,train
8492,synthetic-user-043,train
8493,synthetic-user-043,train
8494,synthetic-user-043,train
8495,synthetic-user-043,train
8496,synthetic-user-043,train
8497,synthetic-user-043,train
8498,synthetic-user-043,train
8499,synthetic-user-043,train
8500,synthetic-user-043,train
8501,synthetic-user-043,train
8502,synthetic-user-043,train
8503,synthetic-user-043,train
8504,synthetic-user-043,train
8505,synthetic-user-043,train
8506,synthetic-user-043,train
8507,synthetic-user-043,train
8508,synthetic-user-043,train
8509,synthetic-user-043,train
8510,synthetic-user-043,train
8511,synthetic-user-043,train
8512,synthetic-user-043,train
8513,synthetic-user-043,train
8514,synthetic-user-043,train
8515,synthetic-user-043,train
8516,synthetic-user-043,train
8517,synthetic-user-043,train
8518,synthetic-user-043,train
8519,synthetic-user-043,train
8520,synthetic-user-043,train
8521,synthetic-user-043,train
8522,synthetic-user-043,train
8523,synthetic-user-043,train
8524,synthetic-user-043,train
8525,synthetic-user-043,train
8526,synthetic-user-043,train
8527,synthetic-user-043,train
8528,synthetic-user-043,train
8529,synthetic-user-043,train
8530,synthetic-user-043,train
8531,synthetic-user-043,train
8532,synthetic-user-043,train
8533,synthetic-user-043,train
8534,synthetic-user-043,train
8535,synthetic-user-043,train
8536,synthetic-user-043,train
8537,synthetic-user-043,train
8538,synthetic-user-043,train
8539,synthetic-user-043,train
8540,synthetic-user-043,train
8541,synthetic-user-043,train
8542,synthetic-user-043,train
8543,synthetic-user-043,train
8544,synthetic-user-043,train
8545,synthetic-user-043,train
8546,synthetic-user-043,train
8547,synthetic-user-043,train
8548,synthetic-user-043,train
8549,synthetic-user-043,train
8550,synthetic-user-043,train
8551,synthetic-user-043,train
8552,synthetic-user-043,train
8553,synthetic-user-043,train
8554,synthetic-user-043,train
8555,synthetic-user-043,train
8556,synthetic-user-043,train
8557,synthetic-user-043,train
8558,synthetic-user-043,train
8559,synthetic-user-043,train
8560,synthetic-user-043,train
8561,synthetic-user-043,train
8562,synthetic-user-043,train
8563,synthetic-user-043,train
8564,synthetic-user-043,train
8565,synthetic-user-043,train
8566,synthetic-user-043,train
8567,synthetic-user-043,train
8568,synthetic-user-043,train
8569,synthetic-user-043,train
8570,synthetic-user-043,train
8571,synthetic-user-043,train
8572,synthetic-user-043,train
8573,synthetic-user-043,train
8574,synthetic-user-043,train
8575,synthetic-user-043,train
8576,synthetic-user-043,train
8577,synthetic-user-043,train
8578,synthetic-user-043,train
8579,synthetic-user-043,train
8580,synthetic-user-043,train
8581,synthetic-user-043,train
8582,synthetic-user-043,train
8583,synthetic-user-043,train
8584,synthetic-user-043,train
8585,synthetic-user-043,train
8586,synthetic-user-043,train
8587,synthetic-user-043,train
8588,synthetic-user-043,train
8589,synthetic-user-043,train
8590,synthetic-user-043,train
8591,synthetic-user-043,train
8592,synthetic-user-043,train
8593,synthetic-user-043,train
8594,synthetic-user-043,train
8595,synthetic-user-043,train
8596,synthetic-user-043,train
8597,synthetic-user-043,train
8598,synthetic-user-043,train
8599,synthetic-user-043,train
8600,synthetic-user-043,train
8601,synthetic-user-044,train
8602,synthetic-user-044,train
8603,synthetic-user-044,train
8604,synthetic-user-044,train
8605,synthetic-user-044,train
8606,synthetic-user-044,train
8607,synthetic-user-044,train
8608,synthetic-user-044,train
8609,synthetic-user-044,train
8610,synthetic-user-044,train
8611,synthetic-user-044,train
8612,synthetic-user-044,train
8613,synthetic-user-044,train
8614,synthetic-user-044,train
8615,synthetic-user-044,train
8616,synthetic-user-044,train
8617,synthetic-user-044,train
8618,synthetic-user-044,train
8619,synthetic-user-044,train
8620,synthetic-user-044,train
8621,synthetic-user-044,train
8622,synthetic-user-044,train
8623,synthetic-user-044,train
8624,synthetic-user-044,train
8625,synthetic-user-044,train
8626,synthetic-user-044,train
8627,synthetic-user-044,train
8628,synthetic-user-044,train
8629,synthetic-user-044,train
8630,synthetic-user-044,train
8631,synthetic-user-044,train
8632,synthetic-user-044,train
8633,synthetic-user-044,train
8634,synthetic-user-044,train
8635,synthetic-user-044,train
8636,synthetic-user-044,train
8637,synthetic-user-044,train
8638,synthetic-user-044,train
8639,synthetic-user-044,train
8640,synthetic-user-044,train
8641,synthetic-user-044,train
8642,synthetic-user-044,train
8643,synthetic-user-044,train
8644,synthetic-user-044,train
8645,synthetic-user-044,train
8646,synthetic-user-044,train
8647,synthetic-user-044,train
8648,synthetic-user-044,train
8649,synthetic-user-044,train
8650,synthetic-user-044,train
8651,synthetic-user-044,train
8652,synthetic-user-044,train
8653,synthetic-user-044,train
8654,synthetic-user-044,train
8655,synthetic-user-044,train
8656,synthetic-user-044,train
8657,synthetic-user-044,train
8658,synthetic-user-044,train
8659,synthetic-user-044,train
8660,synthetic-user-044,train
8661,synthetic-user-044,train
8662,synthetic-user-044,train
8663,synthetic-user-044,train
8664,synthetic-user-044,train
8665,synthetic-user-044,train
8666,synthetic-user-044,train
8667,synthetic-user-044,train
8668,synthetic-user-044,train
8669,synthetic-user-044,train
8670,synthetic-user-044,train
8671,synthetic-user-044,train
8672,synthetic-user-044,train
8673,synthetic-user-044,train
8674,synthetic-user-044,train
8675,synthetic-user-044,train
8676,synthetic-user-044,train
8677,synthetic-user-044,train
8678,synthetic-user-044,train
8679,synthetic-user-044,train
8680,synthetic-user-044,train
8681,synthetic-user-044,train
8682,synthetic-user-044,train
8683,synthetic-user-044,train
8684,synthetic-user-044,train
8685,synthetic-user-044,train
8686,synthetic-user-044,train
8687,synthetic-user-044,train
8688,synthetic-user-044,train
8689,synthetic-user-044,train
8690,synthetic-user-044,train
8691,synthetic-user-044,train
8692,synthetic-user-044,train
8693,synthetic-user-044,train
8694,synthetic-user-044,train
8695,synthetic-user-044,train
8696,synthetic-user-044,train
8697,synthetic-user-044,train
8698,synthetic-user-044,train
8699,synthetic-user-044,train
8700,synthetic-user-044,train
8701,synthetic-user-044,train
8702,synthetic-user-044,train
8703,synthetic-user-044,train
8704,synthetic-user-044,train
8705,synthetic-user-044,train
8706,synthetic-user-044,train
8707,synthetic-user-044,train
8708,synthetic-user-044,train
8709,synthetic-user-044,train
8710,synthetic-user-044,train
8711,synthetic-user-044,train
8712,synthetic-user-044,train
8713,synthetic-user-044,train
8714,synthetic-user-044,train
8715,synthetic-user-044,train
8716,synthetic-user-044,train
8717,synthetic-user-044,train
8718,synthetic-user-044,train
8719,synthetic-user-044,train
8720,synthetic-user-044,train
8721,synthetic-user-044,train
8722,synthetic-user-044,train
8723,synthetic-user-044,train
8724,synthetic-user-044,train
8725,synthetic-user-044,train
8726,synthetic-user-044,train
8727,synthetic-user-044,train
8728,synthetic-user-044,train
8729,synthetic-user-044,train
8730,synthetic-user-044,train
8731,synthetic-user-044,train
8732,synthetic-user-044,train
8733,synthetic-user-044,train
8734,synthetic-user-044,train
8735,synthetic-user-044,train
8736,synthetic-user-044,train
8737,synthetic-user-044,train
8738,synthetic-user-044,train
8739,synthetic-user-044,train
8740,synthetic-user-044,train
8741,synthetic-user-044,train
8742,synthetic-user-044,train
8743,synthetic-user-044,train
8744,synthetic-user-044,train
8745,synthetic-user-044,train
8746,synthetic-user-044,train
8747,synthetic-user-044,train
8748,synthetic-user-044,train
8749,synthetic-user-044,train
8750,synthetic-user-044,train
8751,synthetic-user-044,train
8752,synthetic-user-044,train
8753,synthetic-user-044,train
8754,synthetic-user-044,train
8755,synthetic-user-044,train
8756,synthetic-user-044,train
8757,synthetic-user-044,train
8758,synthetic-user-044,train
8759,synthetic-user-044,train
8760,synthetic-user-044,train
8761,synthetic-user-044,train
8762,synthetic-user-044,train
8763,synthetic-user-044,train
8764,synthetic-user-044,train
8765,synthetic-user-044,train
8766,synthetic-user-044,train
8767,synthetic-user-044,train
8768,synthetic-user-044,train
8769,synthetic-user-044,train
8770,synthetic-user-044,train
8771,synthetic-user-044,train
8772,synthetic-user-044,train
8773,synthetic-user-044,train
8774,synthetic-user-044,train
8775,synthetic-user-044,train
8776,synthetic-user-044,train
8777,synthetic-user-044,train
8778,synthetic-user-044,train
8779,synthetic-user-044,train
8780,synthetic-user-044,train
8781,synthetic-user-044,train
8782,synthetic-user-044,train
8783,synthetic-user-044,train
8784,synthetic-user-044,train
8785,synthetic-user-044,train
8786,synthetic-user-044,train
8787,synthetic-user-044,train
8788,synthetic-user-044,train
8789,synthetic-user-044,train
8790,synthetic-user-044,train
8791,synthetic-user-044,train
8792,synthetic-user-044,train
8793,synthetic-user-044,train
8794,synthetic-user-044,train
8795,synthetic-user-044,train
8796,synthetic-user-044,train
8797,synthetic-user-044,train
8798,synthetic-user-044,train
8799,synthetic-user-044,train
8800,synthetic-user-044,train
8801,synthetic-user-045,train
8802,synthetic-user-045,train
8803,synthetic-user-045,train
8804,synthetic-user-045,train
8805,synthetic-user-045,train
8806,synthetic-user-045,train
8807,synthetic-user-045,train
8808,synthetic-user-045,train
8809,synthetic-user-045,train
8810,synthetic-user-045,train
8811,synthetic-user-045,train
8812,synthetic-user-045,train
8813,synthetic-user-045,train
8814,synthetic-user-045,train
8815,synthetic-user-045,train
8816,synthetic-user-045,train
8817,synthetic-user-045,train
8818,synthetic-user-045,train
8819,synthetic-user-045,train
8820,synthetic-user-045,train
8821,synthetic-user-045,train
8822,synthetic-user-045,train
8823,synthetic-user-045,train
8824,synthetic-user-045,train
8825,synthetic-user-045,train
8826,synthetic-user-045,train
8827,synthetic-user-045,train
8828,synthetic-user-045,train
8829,synthetic-user-045,train
8830,synthetic-user-045,train
8831,synthetic-user-045,train
8832,synthetic-user-045,train
8833,synthetic-user-045,train
8834,synthetic-user-045,train
8835,synthetic-user-045,train
8836,synthetic-user-045,train
8837,synthetic-user-045,train
8838,synthetic-user-045,train
8839,synthetic-user-045,train
8840,synthetic-user-045,train
8841,synthetic-user-045,train
8842,synthetic-user-045,train
8843,synthetic-user-045,train
8844,synthetic-user-045,train
8845,synthetic-user-045,train
8846,synthetic-user-045,train
8847,synthetic-user-045,train
8848,synthetic-user-045,train
8849,synthetic-user-045,train
8850,synthetic-user-045,train
8851,synthetic-user-045,train
8852,synthetic-user-045,train
8853,synthetic-user-045,train
8854,synthetic-user-045,train
8855,synthetic-user-045,train
8856,synthetic-user-045,train
8857,synthetic-user-045,train
8858,synthetic-user-045,train
8859,synthetic-user-045,train
8860,synthetic-user-045,train
8861,synthetic-user-045,train
8862,synthetic-user-045,train
8863,synthetic-user-045,train
8864,synthetic-user-045,train
8865,synthetic-user-045,train
8866,synthetic-user-045,train
8867,synthetic-user-045,train
8868,synthetic-user-045,train
8869,synthetic-user-045,train
8870,synthetic-user-045,train
8871,synthetic-user-045,train
8872,synthetic-user-045,train
8873,synthetic-user-045,train
8874,synthetic-user-045,train
8875,synthetic-user-045,train
8876,synthetic-user-045,train
8877,synthetic-user-045,train
8878,synthetic-user-045,train
8879,synthetic-user-045,train
8880,synthetic-user-045,train
8881,synthetic-user-045,train
8882,synthetic-user-045,train
8883,synthetic-user-045,train
8884,synthetic-user-045,train
8885,synthetic-user-045,train
8886,synthetic-user-045,train
8887,synthetic-user-045,train
8888,synthetic-user-045,train
8889,synthetic-user-045,train
8890,synthetic-user-045,train
8891,synthetic-user-045,train
8892,synthetic-user-045,train
8893,synthetic-user-045,train
8894,synthetic-user-045,train
8895,synthetic-user-045,train
8896,synthetic-user-045,train
8897,synthetic-user-045,train
8898,synthetic-user-045,train
8899,synthetic-user-045,train
8900,synthetic-user-045,train
8901,synthetic-user-045,train
8902,synthetic-user-045,train
8903,synthetic-user-045,train
8904,synthetic-user-045,train
8905,synthetic-user-045,train
8906,synthetic-user-045,train
8907,synthetic-user-045,train
8908,synthetic-user-045,train
8909,synthetic-user-045,train
8910,synthetic-user-045,train
8911,synthetic-user-045,train
8912,synthetic-user-045,train
8913,synthetic-user-045,train
8914,synthetic-user-045,train
8915,synthetic-user-045,train
8916,synthetic-user-045,train
8917,synthetic-user-045,train
8918,synthetic-user-045,train
8919,synthetic-user-045,train
8920,synthetic-user-045,train
8921,synthetic-user-045,train
8922,synthetic-user-045,train
8923,synthetic-user-045,train
8924,synthetic-user-045,train
8925,synthetic-user-045,train
8926,synthetic-user-045,train
8927,synthetic-user-045,train
8928,synthetic-user-045,train
8929,synthetic-user-045,train
8930,synthetic-user-045,train
8931,synthetic-user-045,train
8932,synthetic-user-045,train
8933,synthetic-user-045,train
8934,synthetic-user-045,train
8935,synthetic-user-045,train
8936,synthetic-user-045,train
8937,synthetic-user-045,train
8938,synthetic-user-045,train
8939,synthetic-user-045,train
8940,synthetic-user-045,train
8941,synthetic-user-045,train
8942,synthetic-user-045,train
8943,synthetic-user-045,train
8944,synthetic-user-045,train
8945,synthetic-user-045,train
8946,synthetic-user-045,train
8947,synthetic-user-045,train
8948,synthetic-user-045,train
8949,synthetic-user-045,train
8950,synthetic-user-045,train
8951,synthetic-user-045,train
8952,synthetic-user-045,train
8953,synthetic-user-045,train
8954,synthetic-user-045,train
8955,synthetic-user-045,train
8956,synthetic-user-045,train
8957,synthetic-user-045,train
8958,synthetic-user-045,train
8959,synthetic-user-045,train
8960,synthetic-user-045,train
8961,synthetic-user-045,train
8962,synthetic-user-045,train
8963,synthetic-user-045,train
8964,synthetic-user-045,train
8965,synthetic-user-045,train
8966,synthetic-user-045,train
8967,synthetic-user-045,train
8968,synthetic-user-045,train
8969,synthetic-user-045,train
8970,synthetic-user-045,train
8971,synthetic-user-045,train
8972,synthetic-user-045,train
8973,synthetic-user-045,train
8974,synthetic-user-045,train
8975,synthetic-user-045,train
8976,synthetic-user-045,train
8977,synthetic-user-045,train
8978,synthetic-user-045,train
8979,synthetic-user-045,train
8980,synthetic-user-045,train
8981,synthetic-user-045,train
8982,synthetic-user-045,train
8983,synthetic-user-045,train
8984,synthetic-user-045,train
8985,synthetic-user-045,train
8986,synthetic-user-045,train
8987,synthetic-user-045,train
8988,synthetic-user-045,train
8989,synthetic-user-045,train
8990,synthetic-user-045,train
8991,synthetic-user-045,train
8992,synthetic-user-045,train
8993,synthetic-user-045,train
8994,synthetic-user-045,train
8995,synthetic-user-045,train
8996,synthetic-user-045,train
8997,synthetic-user-045,train
8998,synthetic-user-045,train
8999,synthetic-user-045,train
9000,synthetic-user-045,train
9001,synthetic-user-046,test
9002,synthetic-user-046,test
9003,synthetic-user-046,test
9004,synthetic-user-046,test
9005,synthetic-user-046,test
9006,synthetic-user-046,test
9007,synthetic-user-046,test
9008,synthetic-user-046,test
9009,synthetic-user-046,test
9010,synthetic-user-046,test
9011,synthetic-user-046,test
9012,synthetic-user-046,test
9013,synthetic-user-046,test
9014,synthetic-user-046,test
9015,synthetic-user-046,test
9016,synthetic-user-046,test
9017,synthetic-user-046,test
9018,synthetic-user-046,test
9019,synthetic-user-046,test
9020,synthetic-user-046,test
9021,synthetic-user-046,test
9022,synthetic-user-046,test
9023,synthetic-user-046,test
9024,synthetic-user-046,test
9025,synthetic-user-046,test
9026,synthetic-user-046,test
9027,synthetic-user-046,test
9028,synthetic-user-046,test
9029,synthetic-user-046,test
9030,synthetic-user-046,test
9031,synthetic-user-046,test
9032,synthetic-user-046,test
9033,synthetic-user-046,test
9034,synthetic-user-046,test
9035,synthetic-user-046,test
9036,synthetic-user-046,test
9037,synthetic-user-046,test
9038,synthetic-user-046,test
9039,synthetic-user-046,test
9040,synthetic-user-046,test
9041,synthetic-user-046,test
9042,synthetic-user-046,test
9043,synthetic-user-046,test
9044,synthetic-user-046,test
9045,synthetic-user-046,test
9046,synthetic-user-046,test
9047,synthetic-user-046,test
9048,synthetic-user-046,test
9049,synthetic-user-046,test
9050,synthetic-user-046,test
9051,synthetic-user-046,test
9052,synthetic-user-046,test
9053,synthetic-user-046,test
9054,synthetic-user-046,test
9055,synthetic-user-046,test
9056,synthetic-user-046,test
9057,synthetic-user-046,test
9058,synthetic-user-046,test
9059,synthetic-user-046,test
9060,synthetic-user-046,test
9061,synthetic-user-046,test
9062,synthetic-user-046,test
9063,synthetic-user-046,test
9064,synthetic-user-046,test
9065,synthetic-user-046,test
9066,synthetic-user-046,test
9067,synthetic-user-046,test
9068,synthetic-user-046,test
9069,synthetic-user-046,test
9070,synthetic-user-046,test
9071,synthetic-user-046,test
9072,synthetic-user-046,test
9073,synthetic-user-046,test
9074,synthetic-user-046,test
9075,synthetic-user-046,test
9076,synthetic-user-046,test
9077,synthetic-user-046,test
9078,synthetic-user-046,test
9079,synthetic-user-046,test
9080,synthetic-user-046,test
9081,synthetic-user-046,test
9082,synthetic-user-046,test
9083,synthetic-user-046,test
9084,synthetic-user-046,test
9085,synthetic-user-046,test
9086,synthetic-user-046,test
9087,synthetic-user-046,test
9088,synthetic-user-046,test
9089,synthetic-user-046,test
9090,synthetic-user-046,test
9091,synthetic-user-046,test
9092,synthetic-user-046,test
9093,synthetic-user-046,test
9094,synthetic-user-046,test
9095,synthetic-user-046,test
9096,synthetic-user-046,test
9097,synthetic-user-046,test
9098,synthetic-user-046,test
9099,synthetic-user-046,test
9100,synthetic-user-046,test
9101,synthetic-user-046,test
9102,synthetic-user-046,test
9103,synthetic-user-046,test
9104,synthetic-user-046,test
9105,synthetic-user-046,test
9106,synthetic-user-046,test
9107,synthetic-user-046,test
9108,synthetic-user-046,test
9109,synthetic-user-046,test
9110,synthetic-user-046,test
9111,synthetic-user-046,test
9112,synthetic-user-046,test
9113,synthetic-user-046,test
9114,synthetic-user-046,test
9115,synthetic-user-046,test
9116,synthetic-user-046,test
9117,synthetic-user-046,test
9118,synthetic-user-046,test
9119,synthetic-user-046,test
9120,synthetic-user-046,test
9121,synthetic-user-046,test
9122,synthetic-user-046,test
9123,synthetic-user-046,test
9124,synthetic-user-046,test
9125,synthetic-user-046,test
9126,synthetic-user-046,test
9127,synthetic-user-046,test
9128,synthetic-user-046,test
9129,synthetic-user-046,test
9130,synthetic-user-046,test
9131,synthetic-user-046,test
9132,synthetic-user-046,test
9133,synthetic-user-046,test
9134,synthetic-user-046,test
9135,synthetic-user-046,test
9136,synthetic-user-046,test
9137,synthetic-user-046,test
9138,synthetic-user-046,test
9139,synthetic-user-046,test
9140,synthetic-user-046,test
9141,synthetic-user-046,test
9142,synthetic-user-046,test
9143,synthetic-user-046,test
9144,synthetic-user-046,test
9145,synthetic-user-046,test
9146,synthetic-user-046,test
9147,synthetic-user-046,test
9148,synthetic-user-046,test
9149,synthetic-user-046,test
9150,synthetic-user-046,test
9151,synthetic-user-046,test
9152,synthetic-user-046,test
9153,synthetic-user-046,test
9154,synthetic-user-046,test
9155,synthetic-user-046,test
9156,synthetic-user-046,test
9157,synthetic-user-046,test
9158,synthetic-user-046,test
9159,synthetic-user-046,test
9160,synthetic-user-046,test
9161,synthetic-user-046,test
9162,synthetic-user-046,test
9163,synthetic-user-046,test
9164,synthetic-user-046,test
9165,synthetic-user-046,test
9166,synthetic-user-046,test
9167,synthetic-user-046,test
9168,synthetic-user-046,test
9169,synthetic-user-046,test
9170,synthetic-user-046,test
9171,synthetic-user-046,test
9172,synthetic-user-046,test
9173,synthetic-user-046,test
9174,synthetic-user-046,test
9175,synthetic-user-046,test
9176,synthetic-user-046,test
9177,synthetic-user-046,test
9178,synthetic-user-046,test
9179,synthetic-user-046,test
9180,synthetic-user-046,test
9181,synthetic-user-046,test
9182,synthetic-user-046,test
9183,synthetic-user-046,test
9184,synthetic-user-046,test
9185,synthetic-user-046,test
9186,synthetic-user-046,test
9187,synthetic-user-046,test
9188,synthetic-user-046,test
9189,synthetic-user-046,test
9190,synthetic-user-046,test
9191,synthetic-user-046,test
9192,synthetic-user-046,test
9193,synthetic-user-046,test
9194,synthetic-user-046,test
9195,synthetic-user-046,test
9196,synthetic-user-046,test
9197,synthetic-user-046,test
9198,synthetic-user-046,test
9199,synthetic-user-046,test
9200,synthetic-user-046,test
9201,synthetic-user-047,validation
9202,synthetic-user-047,validation
9203,synthetic-user-047,validation
9204,synthetic-user-047,validation
9205,synthetic-user-047,validation
9206,synthetic-user-047,validation
9207,synthetic-user-047,validation
9208,synthetic-user-047,validation
9209,synthetic-user-047,validation
9210,synthetic-user-047,validation
9211,synthetic-user-047,validation
9212,synthetic-user-047,validation
9213,synthetic-user-047,validation
9214,synthetic-user-047,validation
9215,synthetic-user-047,validation
9216,synthetic-user-047,validation
9217,synthetic-user-047,validation
9218,synthetic-user-047,validation
9219,synthetic-user-047,validation
9220,synthetic-user-047,validation
9221,synthetic-user-047,validation
9222,synthetic-user-047,validation
9223,synthetic-user-047,validation
9224,synthetic-user-047,validation
9225,synthetic-user-047,validation
9226,synthetic-user-047,validation
9227,synthetic-user-047,validation
9228,synthetic-user-047,validation
9229,synthetic-user-047,validation
9230,synthetic-user-047,validation
9231,synthetic-user-047,validation
9232,synthetic-user-047,validation
9233,synthetic-user-047,validation
9234,synthetic-user-047,validation
9235,synthetic-user-047,validation
9236,synthetic-user-047,validation
9237,synthetic-user-047,validation
9238,synthetic-user-047,validation
9239,synthetic-user-047,validation
9240,synthetic-user-047,validation
9241,synthetic-user-047,validation
9242,synthetic-user-047,validation
9243,synthetic-user-047,validation
9244,synthetic-user-047,validation
9245,synthetic-user-047,validation
9246,synthetic-user-047,validation
9247,synthetic-user-047,validation
9248,synthetic-user-047,validation
9249,synthetic-user-047,validation
9250,synthetic-user-047,validation
9251,synthetic-user-047,validation
9252,synthetic-user-047,validation
9253,synthetic-user-047,validation
9254,synthetic-user-047,validation
9255,synthetic-user-047,validation
9256,synthetic-user-047,validation
9257,synthetic-user-047,validation
9258,synthetic-user-047,validation
9259,synthetic-user-047,validation
9260,synthetic-user-047,validation
9261,synthetic-user-047,validation
9262,synthetic-user-047,validation
9263,synthetic-user-047,validation
9264,synthetic-user-047,validation
9265,synthetic-user-047,validation
9266,synthetic-user-047,validation
9267,synthetic-user-047,validation
9268,synthetic-user-047,validation
9269,synthetic-user-047,validation
9270,synthetic-user-047,validation
9271,synthetic-user-047,validation
9272,synthetic-user-047,validation
9273,synthetic-user-047,validation
9274,synthetic-user-047,validation
9275,synthetic-user-047,validation
9276,synthetic-user-047,validation
9277,synthetic-user-047,validation
9278,synthetic-user-047,validation
9279,synthetic-user-047,validation
9280,synthetic-user-047,validation
9281,synthetic-user-047,validation
9282,synthetic-user-047,validation
9283,synthetic-user-047,validation
9284,synthetic-user-047,validation
9285,synthetic-user-047,validation
9286,synthetic-user-047,validation
9287,synthetic-user-047,validation
9288,synthetic-user-047,validation
9289,synthetic-user-047,validation
9290,synthetic-user-047,validation
9291,synthetic-user-047,validation
9292,synthetic-user-047,validation
9293,synthetic-user-047,validation
9294,synthetic-user-047,validation
9295,synthetic-user-047,validation
9296,synthetic-user-047,validation
9297,synthetic-user-047,validation
9298,synthetic-user-047,validation
9299,synthetic-user-047,validation
9300,synthetic-user-047,validation
9301,synthetic-user-047,validation
9302,synthetic-user-047,validation
9303,synthetic-user-047,validation
9304,synthetic-user-047,validation
9305,synthetic-user-047,validation
9306,synthetic-user-047,validation
9307,synthetic-user-047,validation
9308,synthetic-user-047,validation
9309,synthetic-user-047,validation
9310,synthetic-user-047,validation
9311,synthetic-user-047,validation
9312,synthetic-user-047,validation
9313,synthetic-user-047,validation
9314,synthetic-user-047,validation
9315,synthetic-user-047,validation
9316,synthetic-user-047,validation
9317,synthetic-user-047,validation
9318,synthetic-user-047,validation
9319,synthetic-user-047,validation
9320,synthetic-user-047,validation
9321,synthetic-user-047,validation
9322,synthetic-user-047,validation
9323,synthetic-user-047,validation
9324,synthetic-user-047,validation
9325,synthetic-user-047,validation
9326,synthetic-user-047,validation
9327,synthetic-user-047,validation
9328,synthetic-user-047,validation
9329,synthetic-user-047,validation
9330,synthetic-user-047,validation
9331,synthetic-user-047,validation
9332,synthetic-user-047,validation
9333,synthetic-user-047,validation
9334,synthetic-user-047,validation
9335,synthetic-user-047,validation
9336,synthetic-user-047,validation
9337,synthetic-user-047,validation
9338,synthetic-user-047,validation
9339,synthetic-user-047,validation
9340,synthetic-user-047,validation
9341,synthetic-user-047,validation
9342,synthetic-user-047,validation
9343,synthetic-user-047,validation
9344,synthetic-user-047,validation
9345,synthetic-user-047,validation
9346,synthetic-user-047,validation
9347,synthetic-user-047,validation
9348,synthetic-user-047,validation
9349,synthetic-user-047,validation
9350,synthetic-user-047,validation
9351,synthetic-user-047,validation
9352,synthetic-user-047,validation
9353,synthetic-user-047,validation
9354,synthetic-user-047,validation
9355,synthetic-user-047,validation
9356,synthetic-user-047,validation
9357,synthetic-user-047,validation
9358,synthetic-user-047,validation
9359,synthetic-user-047,validation
9360,synthetic-user-047,validation
9361,synthetic-user-047,validation
9362,synthetic-user-047,validation
9363,synthetic-user-047,validation
9364,synthetic-user-047,validation
9365,synthetic-user-047,validation
9366,synthetic-user-047,validation
9367,synthetic-user-047,validation
9368,synthetic-user-047,validation
9369,synthetic-user-047,validation
9370,synthetic-user-047,validation
9371,synthetic-user-047,validation
9372,synthetic-user-047,validation
9373,synthetic-user-047,validation
9374,synthetic-user-047,validation
9375,synthetic-user-047,validation
9376,synthetic-user-047,validation
9377,synthetic-user-047,validation
9378,synthetic-user-047,validation
9379,synthetic-user-047,validation
9380,synthetic-user-047,validation
9381,synthetic-user-047,validation
9382,synthetic-user-047,validation
9383,synthetic-user-047,validation
9384,synthetic-user-047,validation
9385,synthetic-user-047,validation
9386,synthetic-user-047,validation
9387,synthetic-user-047,validation
9388,synthetic-user-047,validation
9389,synthetic-user-047,validation
9390,synthetic-user-047,validation
9391,synthetic-user-047,validation
9392,synthetic-user-047,validation
9393,synthetic-user-047,validation
9394,synthetic-user-047,validation
9395,synthetic-user-047,validation
9396,synthetic-user-047,validation
9397,synthetic-user-047,validation
9398,synthetic-user-047,validation
9399,synthetic-user-047,validation
9400,synthetic-user-047,validation
9401,synthetic-user-048,train
9402,synthetic-user-048,train
9403,synthetic-user-048,train
9404,synthetic-user-048,train
9405,synthetic-user-048,train
9406,synthetic-user-048,train
9407,synthetic-user-048,train
9408,synthetic-user-048,train
9409,synthetic-user-048,train
9410,synthetic-user-048,train
9411,synthetic-user-048,train
9412,synthetic-user-048,train
9413,synthetic-user-048,train
9414,synthetic-user-048,train
9415,synthetic-user-048,train
9416,synthetic-user-048,train
9417,synthetic-user-048,train
9418,synthetic-user-048,train
9419,synthetic-user-048,train
9420,synthetic-user-048,train
9421,synthetic-user-048,train
9422,synthetic-user-048,train
9423,synthetic-user-048,train
9424,synthetic-user-048,train
9425,synthetic-user-048,train
9426,synthetic-user-048,train
9427,synthetic-user-048,train
9428,synthetic-user-048,train
9429,synthetic-user-048,train
9430,synthetic-user-048,train
9431,synthetic-user-048,train
9432,synthetic-user-048,train
9433,synthetic-user-048,train
9434,synthetic-user-048,train
9435,synthetic-user-048,train
9436,synthetic-user-048,train
9437,synthetic-user-048,train
9438,synthetic-user-048,train
9439,synthetic-user-048,train
9440,synthetic-user-048,train
9441,synthetic-user-048,train
9442,synthetic-user-048,train
9443,synthetic-user-048,train
9444,synthetic-user-048,train
9445,synthetic-user-048,train
9446,synthetic-user-048,train
9447,synthetic-user-048,train
9448,synthetic-user-048,train
9449,synthetic-user-048,train
9450,synthetic-user-048,train
9451,synthetic-user-048,train
9452,synthetic-user-048,train
9453,synthetic-user-048,train
9454,synthetic-user-048,train
9455,synthetic-user-048,train
9456,synthetic-user-048,train
9457,synthetic-user-048,train
9458,synthetic-user-048,train
9459,synthetic-user-048,train
9460,synthetic-user-048,train
9461,synthetic-user-048,train
9462,synthetic-user-048,train
9463,synthetic-user-048,train
9464,synthetic-user-048,train
9465,synthetic-user-048,train
9466,synthetic-user-048,train
9467,synthetic-user-048,train
9468,synthetic-user-048,train
9469,synthetic-user-048,train
9470,synthetic-user-048,train
9471,synthetic-user-048,train
9472,synthetic-user-048,train
9473,synthetic-user-048,train
9474,synthetic-user-048,train
9475,synthetic-user-048,train
9476,synthetic-user-048,train
9477,synthetic-user-048,train
9478,synthetic-user-048,train
9479,synthetic-user-048,train
9480,synthetic-user-048,train
9481,synthetic-user-048,train
9482,synthetic-user-048,train
9483,synthetic-user-048,train
9484,synthetic-user-048,train
9485,synthetic-user-048,train
9486,synthetic-user-048,train
9487,synthetic-user-048,train
9488,synthetic-user-048,train
9489,synthetic-user-048,train
9490,synthetic-user-048,train
9491,synthetic-user-048,train
9492,synthetic-user-048,train
9493,synthetic-user-048,train
9494,synthetic-user-048,train
9495,synthetic-user-048,train
9496,synthetic-user-048,train
9497,synthetic-user-048,train
9498,synthetic-user-048,train
9499,synthetic-user-048,train
9500,synthetic-user-048,train
9501,synthetic-user-048,train
9502,synthetic-user-048,train
9503,synthetic-user-048,train
9504,synthetic-user-048,train
9505,synthetic-user-048,train
9506,synthetic-user-048,train
9507,synthetic-user-048,train
9508,synthetic-user-048,train
9509,synthetic-user-048,train
9510,synthetic-user-048,train
9511,synthetic-user-048,train
9512,synthetic-user-048,train
9513,synthetic-user-048,train
9514,synthetic-user-048,train
9515,synthetic-user-048,train
9516,synthetic-user-048,train
9517,synthetic-user-048,train
9518,synthetic-user-048,train
9519,synthetic-user-048,train
9520,synthetic-user-048,train
9521,synthetic-user-048,train
9522,synthetic-user-048,train
9523,synthetic-user-048,train
9524,synthetic-user-048,train
9525,synthetic-user-048,train
9526,synthetic-user-048,train
9527,synthetic-user-048,train
9528,synthetic-user-048,train
9529,synthetic-user-048,train
9530,synthetic-user-048,train
9531,synthetic-user-048,train
9532,synthetic-user-048,train
9533,synthetic-user-048,train
9534,synthetic-user-048,train
9535,synthetic-user-048,train
9536,synthetic-user-048,train
9537,synthetic-user-048,train
9538,synthetic-user-048,train
9539,synthetic-user-048,train
9540,synthetic-user-048,train
9541,synthetic-user-048,train
9542,synthetic-user-048,train
9543,synthetic-user-048,train
9544,synthetic-user-048,train
9545,synthetic-user-048,train
9546,synthetic-user-048,train
9547,synthetic-user-048,train
9548,synthetic-user-048,train
9549,synthetic-user-048,train
9550,synthetic-user-048,train
9551,synthetic-user-048,train
9552,synthetic-user-048,train
9553,synthetic-user-048,train
9554,synthetic-user-048,train
9555,synthetic-user-048,train
9556,synthetic-user-048,train
9557,synthetic-user-048,train
9558,synthetic-user-048,train
9559,synthetic-user-048,train
9560,synthetic-user-048,train
9561,synthetic-user-048,train
9562,synthetic-user-048,train
9563,synthetic-user-048,train
9564,synthetic-user-048,train
9565,synthetic-user-048,train
9566,synthetic-user-048,train
9567,synthetic-user-048,train
9568,synthetic-user-048,train
9569,synthetic-user-048,train
9570,synthetic-user-048,train
9571,synthetic-user-048,train
9572,synthetic-user-048,train
9573,synthetic-user-048,train
9574,synthetic-user-048,train
9575,synthetic-user-048,train
9576,synthetic-user-048,train
9577,synthetic-user-048,train
9578,synthetic-user-048,train
9579,synthetic-user-048,train
9580,synthetic-user-048,train
9581,synthetic-user-048,train
9582,synthetic-user-048,train
9583,synthetic-user-048,train
9584,synthetic-user-048,train
9585,synthetic-user-048,train
9586,synthetic-user-048,train
9587,synthetic-user-048,train
9588,synthetic-user-048,train
9589,synthetic-user-048,train
9590,synthetic-user-048,train
9591,synthetic-user-048,train
9592,synthetic-user-048,train
9593,synthetic-user-048,train
9594,synthetic-user-048,train
9595,synthetic-user-048,train
9596,synthetic-user-048,train
9597,synthetic-user-048,train
9598,synthetic-user-048,train
9599,synthetic-user-048,train
9600,synthetic-user-048,train
9601,synthetic-user-049,train
9602,synthetic-user-049,train
9603,synthetic-user-049,train
9604,synthetic-user-049,train
9605,synthetic-user-049,train
9606,synthetic-user-049,train
9607,synthetic-user-049,train
9608,synthetic-user-049,train
9609,synthetic-user-049,train
9610,synthetic-user-049,train
9611,synthetic-user-049,train
9612,synthetic-user-049,train
9613,synthetic-user-049,train
9614,synthetic-user-049,train
9615,synthetic-user-049,train
9616,synthetic-user-049,train
9617,synthetic-user-049,train
9618,synthetic-user-049,train
9619,synthetic-user-049,train
9620,synthetic-user-049,train
9621,synthetic-user-049,train
9622,synthetic-user-049,train
9623,synthetic-user-049,train
9624,synthetic-user-049,train
9625,synthetic-user-049,train
9626,synthetic-user-049,train
9627,synthetic-user-049,train
9628,synthetic-user-049,train
9629,synthetic-user-049,train
9630,synthetic-user-049,train
9631,synthetic-user-049,train
9632,synthetic-user-049,train
9633,synthetic-user-049,train
9634,synthetic-user-049,train
9635,synthetic-user-049,train
9636,synthetic-user-049,train
9637,synthetic-user-049,train
9638,synthetic-user-049,train
9639,synthetic-user-049,train
9640,synthetic-user-049,train
9641,synthetic-user-049,train
9642,synthetic-user-049,train
9643,synthetic-user-049,train
9644,synthetic-user-049,train
9645,synthetic-user-049,train
9646,synthetic-user-049,train
9647,synthetic-user-049,train
9648,synthetic-user-049,train
9649,synthetic-user-049,train
9650,synthetic-user-049,train
9651,synthetic-user-049,train
9652,synthetic-user-049,train
9653,synthetic-user-049,train
9654,synthetic-user-049,train
9655,synthetic-user-049,train
9656,synthetic-user-049,train
9657,synthetic-user-049,train
9658,synthetic-user-049,train
9659,synthetic-user-049,train
9660,synthetic-user-049,train
9661,synthetic-user-049,train
9662,synthetic-user-049,train
9663,synthetic-user-049,train
9664,synthetic-user-049,train
9665,synthetic-user-049,train
9666,synthetic-user-049,train
9667,synthetic-user-049,train
9668,synthetic-user-049,train
9669,synthetic-user-049,train
9670,synthetic-user-049,train
9671,synthetic-user-049,train
9672,synthetic-user-049,train
9673,synthetic-user-049,train
9674,synthetic-user-049,train
9675,synthetic-user-049,train
9676,synthetic-user-049,train
9677,synthetic-user-049,train
9678,synthetic-user-049,train
9679,synthetic-user-049,train
9680,synthetic-user-049,train
9681,synthetic-user-049,train
9682,synthetic-user-049,train
9683,synthetic-user-049,train
9684,synthetic-user-049,train
9685,synthetic-user-049,train
9686,synthetic-user-049,train
9687,synthetic-user-049,train
9688,synthetic-user-049,train
9689,synthetic-user-049,train
9690,synthetic-user-049,train
9691,synthetic-user-049,train
9692,synthetic-user-049,train
9693,synthetic-user-049,train
9694,synthetic-user-049,train
9695,synthetic-user-049,train
9696,synthetic-user-049,train
9697,synthetic-user-049,train
9698,synthetic-user-049,train
9699,synthetic-user-049,train
9700,synthetic-user-049,train
9701,synthetic-user-049,train
9702,synthetic-user-049,train
9703,synthetic-user-049,train
9704,synthetic-user-049,train
9705,synthetic-user-049,train
9706,synthetic-user-049,train
9707,synthetic-user-049,train
9708,synthetic-user-049,train
9709,synthetic-user-049,train
9710,synthetic-user-049,train
9711,synthetic-user-049,train
9712,synthetic-user-049,train
9713,synthetic-user-049,train
9714,synthetic-user-049,train
9715,synthetic-user-049,train
9716,synthetic-user-049,train
9717,synthetic-user-049,train
9718,synthetic-user-049,train
9719,synthetic-user-049,train
9720,synthetic-user-049,train
9721,synthetic-user-049,train
9722,synthetic-user-049,train
9723,synthetic-user-049,train
9724,synthetic-user-049,train
9725,synthetic-user-049,train
9726,synthetic-user-049,train
9727,synthetic-user-049,train
9728,synthetic-user-049,train
9729,synthetic-user-049,train
9730,synthetic-user-049,train
9731,synthetic-user-049,train
9732,synthetic-user-049,train
9733,synthetic-user-049,train
9734,synthetic-user-049,train
9735,synthetic-user-049,train
9736,synthetic-user-049,train
9737,synthetic-user-049,train
9738,synthetic-user-049,train
9739,synthetic-user-049,train
9740,synthetic-user-049,train
9741,synthetic-user-049,train
9742,synthetic-user-049,train
9743,synthetic-user-049,train
9744,synthetic-user-049,train
9745,synthetic-user-049,train
9746,synthetic-user-049,train
9747,synthetic-user-049,train
9748,synthetic-user-049,train
9749,synthetic-user-049,train
9750,synthetic-user-049,train
9751,synthetic-user-049,train
9752,synthetic-user-049,train
9753,synthetic-user-049,train
9754,synthetic-user-049,train
9755,synthetic-user-049,train
9756,synthetic-user-049,train
9757,synthetic-user-049,train
9758,synthetic-user-049,train
9759,synthetic-user-049,train
9760,synthetic-user-049,train
9761,synthetic-user-049,train
9762,synthetic-user-049,train
9763,synthetic-user-049,train
9764,synthetic-user-049,train
9765,synthetic-user-049,train
9766,synthetic-user-049,train
9767,synthetic-user-049,train
9768,synthetic-user-049,train
9769,synthetic-user-049,train
9770,synthetic-user-049,train
9771,synthetic-user-049,train
9772,synthetic-user-049,train
9773,synthetic-user-049,train
9774,synthetic-user-049,train
9775,synthetic-user-049,train
9776,synthetic-user-049,train
9777,synthetic-user-049,train
9778,synthetic-user-049,train
9779,synthetic-user-049,train
9780,synthetic-user-049,train
9781,synthetic-user-049,train
9782,synthetic-user-049,train
9783,synthetic-user-049,train
9784,synthetic-user-049,train
9785,synthetic-user-049,train
9786,synthetic-user-049,train
9787,synthetic-user-049,train
9788,synthetic-user-049,train
9789,synthetic-user-049,train
9790,synthetic-user-049,train
9791,synthetic-user-049,train
9792,synthetic-user-049,train
9793,synthetic-user-049,train
9794,synthetic-user-049,train
9795,synthetic-user-049,train
9796,synthetic-user-049,train
9797,synthetic-user-049,train
9798,synthetic-user-049,train
9799,synthetic-user-049,train
9800,synthetic-user-049,train
9801,synthetic-user-050,train
9802,synthetic-user-050,train
9803,synthetic-user-050,train
9804,synthetic-user-050,train
9805,synthetic-user-050,train
9806,synthetic-user-050,train
9807,synthetic-user-050,train
9808,synthetic-user-050,train
9809,synthetic-user-050,train
9810,synthetic-user-050,train
9811,synthetic-user-050,train
9812,synthetic-user-050,train
9813,synthetic-user-050,train
9814,synthetic-user-050,train
9815,synthetic-user-050,train
9816,synthetic-user-050,train
9817,synthetic-user-050,train
9818,synthetic-user-050,train
9819,synthetic-user-050,train
9820,synthetic-user-050,train
9821,synthetic-user-050,train
9822,synthetic-user-050,train
9823,synthetic-user-050,train
9824,synthetic-user-050,train
9825,synthetic-user-050,train
9826,synthetic-user-050,train
9827,synthetic-user-050,train
9828,synthetic-user-050,train
9829,synthetic-user-050,train
9830,synthetic-user-050,train
9831,synthetic-user-050,train
9832,synthetic-user-050,train
9833,synthetic-user-050,train
9834,synthetic-user-050,train
9835,synthetic-user-050,train
9836,synthetic-user-050,train
9837,synthetic-user-050,train
9838,synthetic-user-050,train
9839,synthetic-user-050,train
9840,synthetic-user-050,train
9841,synthetic-user-050,train
9842,synthetic-user-050,train
9843,synthetic-user-050,train
9844,synthetic-user-050,train
9845,synthetic-user-050,train
9846,synthetic-user-050,train
9847,synthetic-user-050,train
9848,synthetic-user-050,train
9849,synthetic-user-050,train
9850,synthetic-user-050,train
9851,synthetic-user-050,train
9852,synthetic-user-050,train
9853,synthetic-user-050,train
9854,synthetic-user-050,train
9855,synthetic-user-050,train
9856,synthetic-user-050,train
9857,synthetic-user-050,train
9858,synthetic-user-050,train
9859,synthetic-user-050,train
9860,synthetic-user-050,train
9861,synthetic-user-050,train
9862,synthetic-user-050,train
9863,synthetic-user-050,train
9864,synthetic-user-050,train
9865,synthetic-user-050,train
9866,synthetic-user-050,train
9867,synthetic-user-050,train
9868,synthetic-user-050,train
9869,synthetic-user-050,train
9870,synthetic-user-050,train
9871,synthetic-user-050,train
9872,synthetic-user-050,train
9873,synthetic-user-050,train
9874,synthetic-user-050,train
9875,synthetic-user-050,train
9876,synthetic-user-050,train
9877,synthetic-user-050,train
9878,synthetic-user-050,train
9879,synthetic-user-050,train
9880,synthetic-user-050,train
9881,synthetic-user-050,train
9882,synthetic-user-050,train
9883,synthetic-user-050,train
9884,synthetic-user-050,train
9885,synthetic-user-050,train
9886,synthetic-user-050,train
9887,synthetic-user-050,train
9888,synthetic-user-050,train
9889,synthetic-user-050,train
9890,synthetic-user-050,train
9891,synthetic-user-050,train
9892,synthetic-user-050,train
9893,synthetic-user-050,train
9894,synthetic-user-050,train
9895,synthetic-user-050,train
9896,synthetic-user-050,train
9897,synthetic-user-050,train
9898,synthetic-user-050,train
9899,synthetic-user-050,train
9900,synthetic-user-050,train
9901,synthetic-user-050,train
9902,synthetic-user-050,train
9903,synthetic-user-050,train
9904,synthetic-user-050,train
9905,synthetic-user-050,train
9906,synthetic-user-050,train
9907,synthetic-user-050,train
9908,synthetic-user-050,train
9909,synthetic-user-050,train
9910,synthetic-user-050,train
9911,synthetic-user-050,train
9912,synthetic-user-050,train
9913,synthetic-user-050,train
9914,synthetic-user-050,train
9915,synthetic-user-050,train
9916,synthetic-user-050,train
9917,synthetic-user-050,train
9918,synthetic-user-050,train
9919,synthetic-user-050,train
9920,synthetic-user-050,train
9921,synthetic-user-050,train
9922,synthetic-user-050,train
9923,synthetic-user-050,train
9924,synthetic-user-050,train
9925,synthetic-user-050,train
9926,synthetic-user-050,train
9927,synthetic-user-050,train
9928,synthetic-user-050,train
9929,synthetic-user-050,train
9930,synthetic-user-050,train
9931,synthetic-user-050,train
9932,synthetic-user-050,train
9933,synthetic-user-050,train
9934,synthetic-user-050,train
9935,synthetic-user-050,train
9936,synthetic-user-050,train
9937,synthetic-user-050,train
9938,synthetic-user-050,train
9939,synthetic-user-050,train
9940,synthetic-user-050,train
9941,synthetic-user-050,train
9942,synthetic-user-050,train
9943,synthetic-user-050,train
9944,synthetic-user-050,train
9945,synthetic-user-050,train
9946,synthetic-user-050,train
9947,synthetic-user-050,train
9948,synthetic-user-050,train
9949,synthetic-user-050,train
9950,synthetic-user-050,train
9951,synthetic-user-050,train
9952,synthetic-user-050,train
9953,synthetic-user-050,train
9954,synthetic-user-050,train
9955,synthetic-user-050,train
9956,synthetic-user-050,train
9957,synthetic-user-050,train
9958,synthetic-user-050,train
9959,synthetic-user-050,train
9960,synthetic-user-050,train
9961,synthetic-user-050,train
9962,synthetic-user-050,train
9963,synthetic-user-050,train
9964,synthetic-user-050,train
9965,synthetic-user-050,train
9966,synthetic-user-050,train
9967,synthetic-user-050,train
9968,synthetic-user-050,train
9969,synthetic-user-050,train
9970,synthetic-user-050,train
9971,synthetic-user-050,train
9972,synthetic-user-050,train
9973,synthetic-user-050,train
9974,synthetic-user-050,train
9975,synthetic-user-050,train
9976,synthetic-user-050,train
9977,synthetic-user-050,train
9978,synthetic-user-050,train
9979,synthetic-user-050,train
9980,synthetic-user-050,train
9981,synthetic-user-050,train
9982,synthetic-user-050,train
9983,synthetic-user-050,train
9984,synthetic-user-050,train
9985,synthetic-user-050,train
9986,synthetic-user-050,train
9987,synthetic-user-050,train
9988,synthetic-user-050,train
9989,synthetic-user-050,train
9990,synthetic-user-050,train
9991,synthetic-user-050,train
9992,synthetic-user-050,train
9993,synthetic-user-050,train
9994,synthetic-user-050,train
9995,synthetic-user-050,train
9996,synthetic-user-050,train
9997,synthetic-user-050,train
9998,synthetic-user-050,train
9999,synthetic-user-050,train
10000,synthetic-user-050,train
10001,synthetic-user-051,test
10002,synthetic-user-051,test
10003,synthetic-user-051,test
10004,synthetic-user-051,test
10005,synthetic-user-051,test
10006,synthetic-user-051,test
10007,synthetic-user-051,test
10008,synthetic-user-051,test
10009,synthetic-user-051,test
10010,synthetic-user-051,test
10011,synthetic-user-051,test
10012,synthetic-user-051,test
10013,synthetic-user-051,test
10014,synthetic-user-051,test
10015,synthetic-user-051,test
10016,synthetic-user-051,test
10017,synthetic-user-051,test
10018,synthetic-user-051,test
10019,synthetic-user-051,test
10020,synthetic-user-051,test
10021,synthetic-user-051,test
10022,synthetic-user-051,test
10023,synthetic-user-051,test
10024,synthetic-user-051,test
10025,synthetic-user-051,test
10026,synthetic-user-051,test
10027,synthetic-user-051,test
10028,synthetic-user-051,test
10029,synthetic-user-051,test
10030,synthetic-user-051,test
10031,synthetic-user-051,test
10032,synthetic-user-051,test
10033,synthetic-user-051,test
10034,synthetic-user-051,test
10035,synthetic-user-051,test
10036,synthetic-user-051,test
10037,synthetic-user-051,test
10038,synthetic-user-051,test
10039,synthetic-user-051,test
10040,synthetic-user-051,test
10041,synthetic-user-051,test
10042,synthetic-user-051,test
10043,synthetic-user-051,test
10044,synthetic-user-051,test
10045,synthetic-user-051,test
10046,synthetic-user-051,test
10047,synthetic-user-051,test
10048,synthetic-user-051,test
10049,synthetic-user-051,test
10050,synthetic-user-051,test
10051,synthetic-user-051,test
10052,synthetic-user-051,test
10053,synthetic-user-051,test
10054,synthetic-user-051,test
10055,synthetic-user-051,test
10056,synthetic-user-051,test
10057,synthetic-user-051,test
10058,synthetic-user-051,test
10059,synthetic-user-051,test
10060,synthetic-user-051,test
10061,synthetic-user-051,test
10062,synthetic-user-051,test
10063,synthetic-user-051,test
10064,synthetic-user-051,test
10065,synthetic-user-051,test
10066,synthetic-user-051,test
10067,synthetic-user-051,test
10068,synthetic-user-051,test
10069,synthetic-user-051,test
10070,synthetic-user-051,test
10071,synthetic-user-051,test
10072,synthetic-user-051,test
10073,synthetic-user-051,test
10074,synthetic-user-051,test
10075,synthetic-user-051,test
10076,synthetic-user-051,test
10077,synthetic-user-051,test
10078,synthetic-user-051,test
10079,synthetic-user-051,test
10080,synthetic-user-051,test
10081,synthetic-user-051,test
10082,synthetic-user-051,test
10083,synthetic-user-051,test
10084,synthetic-user-051,test
10085,synthetic-user-051,test
10086,synthetic-user-051,test
10087,synthetic-user-051,test
10088,synthetic-user-051,test
10089,synthetic-user-051,test
10090,synthetic-user-051,test
10091,synthetic-user-051,test
10092,synthetic-user-051,test
10093,synthetic-user-051,test
10094,synthetic-user-051,test
10095,synthetic-user-051,test
10096,synthetic-user-051,test
10097,synthetic-user-051,test
10098,synthetic-user-051,test
10099,synthetic-user-051,test
10100,synthetic-user-051,test
10101,synthetic-user-051,test
10102,synthetic-user-051,test
10103,synthetic-user-051,test
10104,synthetic-user-051,test
10105,synthetic-user-051,test
10106,synthetic-user-051,test
10107,synthetic-user-051,test
10108,synthetic-user-051,test
10109,synthetic-user-051,test
10110,synthetic-user-051,test
10111,synthetic-user-051,test
10112,synthetic-user-051,test
10113,synthetic-user-051,test
10114,synthetic-user-051,test
10115,synthetic-user-051,test
10116,synthetic-user-051,test
10117,synthetic-user-051,test
10118,synthetic-user-051,test
10119,synthetic-user-051,test
10120,synthetic-user-051,test
10121,synthetic-user-051,test
10122,synthetic-user-051,test
10123,synthetic-user-051,test
10124,synthetic-user-051,test
10125,synthetic-user-051,test
10126,synthetic-user-051,test
10127,synthetic-user-051,test
10128,synthetic-user-051,test
10129,synthetic-user-051,test
10130,synthetic-user-051,test
10131,synthetic-user-051,test
10132,synthetic-user-051,test
10133,synthetic-user-051,test
10134,synthetic-user-051,test
10135,synthetic-user-051,test
10136,synthetic-user-051,test
10137,synthetic-user-051,test
10138,synthetic-user-051,test
10139,synthetic-user-051,test
10140,synthetic-user-051,test
10141,synthetic-user-051,test
10142,synthetic-user-051,test
10143,synthetic-user-051,test
10144,synthetic-user-051,test
10145,synthetic-user-051,test
10146,synthetic-user-051,test
10147,synthetic-user-051,test
10148,synthetic-user-051,test
10149,synthetic-user-051,test
10150,synthetic-user-051,test
10151,synthetic-user-051,test
10152,synthetic-user-051,test
10153,synthetic-user-051,test
10154,synthetic-user-051,test
10155,synthetic-user-051,test
10156,synthetic-user-051,test
10157,synthetic-user-051,test
10158,synthetic-user-051,test
10159,synthetic-user-051,test
10160,synthetic-user-051,test
10161,synthetic-user-051,test
10162,synthetic-user-051,test
10163,synthetic-user-051,test
10164,synthetic-user-051,test
10165,synthetic-user-051,test
10166,synthetic-user-051,test
10167,synthetic-user-051,test
10168,synthetic-user-051,test
10169,synthetic-user-051,test
10170,synthetic-user-051,test
10171,synthetic-user-051,test
10172,synthetic-user-051,test
10173,synthetic-user-051,test
10174,synthetic-user-051,test
10175,synthetic-user-051,test
10176,synthetic-user-051,test
10177,synthetic-user-051,test
10178,synthetic-user-051,test
10179,synthetic-user-051,test
10180,synthetic-user-051,test
10181,synthetic-user-051,test
10182,synthetic-user-051,test
10183,synthetic-user-051,test
10184,synthetic-user-051,test
10185,synthetic-user-051,test
10186,synthetic-user-051,test
10187,synthetic-user-051,test
10188,synthetic-user-051,test
10189,synthetic-user-051,test
10190,synthetic-user-051,test
10191,synthetic-user-051,test
10192,synthetic-user-051,test
10193,synthetic-user-051,test
10194,synthetic-user-051,test
10195,synthetic-user-051,test
10196,synthetic-user-051,test
10197,synthetic-user-051,test
10198,synthetic-user-051,test
10199,synthetic-user-051,test
10200,synthetic-user-051,test
10201,synthetic-user-052,validation
10202,synthetic-user-052,validation
10203,synthetic-user-052,validation
10204,synthetic-user-052,validation
10205,synthetic-user-052,validation
10206,synthetic-user-052,validation
10207,synthetic-user-052,validation
10208,synthetic-user-052,validation
10209,synthetic-user-052,validation
10210,synthetic-user-052,validation
10211,synthetic-user-052,validation
10212,synthetic-user-052,validation
10213,synthetic-user-052,validation
10214,synthetic-user-052,validation
10215,synthetic-user-052,validation
10216,synthetic-user-052,validation
10217,synthetic-user-052,validation
10218,synthetic-user-052,validation
10219,synthetic-user-052,validation
10220,synthetic-user-052,validation
10221,synthetic-user-052,validation
10222,synthetic-user-052,validation
10223,synthetic-user-052,validation
10224,synthetic-user-052,validation
10225,synthetic-user-052,validation
10226,synthetic-user-052,validation
10227,synthetic-user-052,validation
10228,synthetic-user-052,validation
10229,synthetic-user-052,validation
10230,synthetic-user-052,validation
10231,synthetic-user-052,validation
10232,synthetic-user-052,validation
10233,synthetic-user-052,validation
10234,synthetic-user-052,validation
10235,synthetic-user-052,validation
10236,synthetic-user-052,validation
10237,synthetic-user-052,validation
10238,synthetic-user-052,validation
10239,synthetic-user-052,validation
10240,synthetic-user-052,validation
10241,synthetic-user-052,validation
10242,synthetic-user-052,validation
10243,synthetic-user-052,validation
10244,synthetic-user-052,validation
10245,synthetic-user-052,validation
10246,synthetic-user-052,validation
10247,synthetic-user-052,validation
10248,synthetic-user-052,validation
10249,synthetic-user-052,validation
10250,synthetic-user-052,validation
10251,synthetic-user-052,validation
10252,synthetic-user-052,validation
10253,synthetic-user-052,validation
10254,synthetic-user-052,validation
10255,synthetic-user-052,validation
10256,synthetic-user-052,validation
10257,synthetic-user-052,validation
10258,synthetic-user-052,validation
10259,synthetic-user-052,validation
10260,synthetic-user-052,validation
10261,synthetic-user-052,validation
10262,synthetic-user-052,validation
10263,synthetic-user-052,validation
10264,synthetic-user-052,validation
10265,synthetic-user-052,validation
10266,synthetic-user-052,validation
10267,synthetic-user-052,validation
10268,synthetic-user-052,validation
10269,synthetic-user-052,validation
10270,synthetic-user-052,validation
10271,synthetic-user-052,validation
10272,synthetic-user-052,validation
10273,synthetic-user-052,validation
10274,synthetic-user-052,validation
10275,synthetic-user-052,validation
10276,synthetic-user-052,validation
10277,synthetic-user-052,validation
10278,synthetic-user-052,validation
10279,synthetic-user-052,validation
10280,synthetic-user-052,validation
10281,synthetic-user-052,validation
10282,synthetic-user-052,validation
10283,synthetic-user-052,validation
10284,synthetic-user-052,validation
10285,synthetic-user-052,validation
10286,synthetic-user-052,validation
10287,synthetic-user-052,validation
10288,synthetic-user-052,validation
10289,synthetic-user-052,validation
10290,synthetic-user-052,validation
10291,synthetic-user-052,validation
10292,synthetic-user-052,validation
10293,synthetic-user-052,validation
10294,synthetic-user-052,validation
10295,synthetic-user-052,validation
10296,synthetic-user-052,validation
10297,synthetic-user-052,validation
10298,synthetic-user-052,validation
10299,synthetic-user-052,validation
10300,synthetic-user-052,validation
10301,synthetic-user-052,validation
10302,synthetic-user-052,validation
10303,synthetic-user-052,validation
10304,synthetic-user-052,validation
10305,synthetic-user-052,validation
10306,synthetic-user-052,validation
10307,synthetic-user-052,validation
10308,synthetic-user-052,validation
10309,synthetic-user-052,validation
10310,synthetic-user-052,validation
10311,synthetic-user-052,validation
10312,synthetic-user-052,validation
10313,synthetic-user-052,validation
10314,synthetic-user-052,validation
10315,synthetic-user-052,validation
10316,synthetic-user-052,validation
10317,synthetic-user-052,validation
10318,synthetic-user-052,validation
10319,synthetic-user-052,validation
10320,synthetic-user-052,validation
10321,synthetic-user-052,validation
10322,synthetic-user-052,validation
10323,synthetic-user-052,validation
10324,synthetic-user-052,validation
10325,synthetic-user-052,validation
10326,synthetic-user-052,validation
10327,synthetic-user-052,validation
10328,synthetic-user-052,validation
10329,synthetic-user-052,validation
10330,synthetic-user-052,validation
10331,synthetic-user-052,validation
10332,synthetic-user-052,validation
10333,synthetic-user-052,validation
10334,synthetic-user-052,validation
10335,synthetic-user-052,validation
10336,synthetic-user-052,validation
10337,synthetic-user-052,validation
10338,synthetic-user-052,validation
10339,synthetic-user-052,validation
10340,synthetic-user-052,validation
10341,synthetic-user-052,validation
10342,synthetic-user-052,validation
10343,synthetic-user-052,validation
10344,synthetic-user-052,validation
10345,synthetic-user-052,validation
10346,synthetic-user-052,validation
10347,synthetic-user-052,validation
10348,synthetic-user-052,validation
10349,synthetic-user-052,validation
10350,synthetic-user-052,validation
10351,synthetic-user-052,validation
10352,synthetic-user-052,validation
10353,synthetic-user-052,validation
10354,synthetic-user-052,validation
10355,synthetic-user-052,validation
10356,synthetic-user-052,validation
10357,synthetic-user-052,validation
10358,synthetic-user-052,validation
10359,synthetic-user-052,validation
10360,synthetic-user-052,validation
10361,synthetic-user-052,validation
10362,synthetic-user-052,validation
10363,synthetic-user-052,validation
10364,synthetic-user-052,validation
10365,synthetic-user-052,validation
10366,synthetic-user-052,validation
10367,synthetic-user-052,validation
10368,synthetic-user-052,validation
10369,synthetic-user-052,validation
10370,synthetic-user-052,validation
10371,synthetic-user-052,validation
10372,synthetic-user-052,validation
10373,synthetic-user-052,validation
10374,synthetic-user-052,validation
10375,synthetic-user-052,validation
10376,synthetic-user-052,validation
10377,synthetic-user-052,validation
10378,synthetic-user-052,validation
10379,synthetic-user-052,validation
10380,synthetic-user-052,validation
10381,synthetic-user-052,validation
10382,synthetic-user-052,validation
10383,synthetic-user-052,validation
10384,synthetic-user-052,validation
10385,synthetic-user-052,validation
10386,synthetic-user-052,validation
10387,synthetic-user-052,validation
10388,synthetic-user-052,validation
10389,synthetic-user-052,validation
10390,synthetic-user-052,validation
10391,synthetic-user-052,validation
10392,synthetic-user-052,validation
10393,synthetic-user-052,validation
10394,synthetic-user-052,validation
10395,synthetic-user-052,validation
10396,synthetic-user-052,validation
10397,synthetic-user-052,validation
10398,synthetic-user-052,validation
10399,synthetic-user-052,validation
10400,synthetic-user-052,validation
10401,synthetic-user-053,train
10402,synthetic-user-053,train
10403,synthetic-user-053,train
10404,synthetic-user-053,train
10405,synthetic-user-053,train
10406,synthetic-user-053,train
10407,synthetic-user-053,train
10408,synthetic-user-053,train
10409,synthetic-user-053,train
10410,synthetic-user-053,train
10411,synthetic-user-053,train
10412,synthetic-user-053,train
10413,synthetic-user-053,train
10414,synthetic-user-053,train
10415,synthetic-user-053,train
10416,synthetic-user-053,train
10417,synthetic-user-053,train
10418,synthetic-user-053,train
10419,synthetic-user-053,train
10420,synthetic-user-053,train
10421,synthetic-user-053,train
10422,synthetic-user-053,train
10423,synthetic-user-053,train
10424,synthetic-user-053,train
10425,synthetic-user-053,train
10426,synthetic-user-053,train
10427,synthetic-user-053,train
10428,synthetic-user-053,train
10429,synthetic-user-053,train
10430,synthetic-user-053,train
10431,synthetic-user-053,train
10432,synthetic-user-053,train
10433,synthetic-user-053,train
10434,synthetic-user-053,train
10435,synthetic-user-053,train
10436,synthetic-user-053,train
10437,synthetic-user-053,train
10438,synthetic-user-053,train
10439,synthetic-user-053,train
10440,synthetic-user-053,train
10441,synthetic-user-053,train
10442,synthetic-user-053,train
10443,synthetic-user-053,train
10444,synthetic-user-053,train
10445,synthetic-user-053,train
10446,synthetic-user-053,train
10447,synthetic-user-053,train
10448,synthetic-user-053,train
10449,synthetic-user-053,train
10450,synthetic-user-053,train
10451,synthetic-user-053,train
10452,synthetic-user-053,train
10453,synthetic-user-053,train
10454,synthetic-user-053,train
10455,synthetic-user-053,train
10456,synthetic-user-053,train
10457,synthetic-user-053,train
10458,synthetic-user-053,train
10459,synthetic-user-053,train
10460,synthetic-user-053,train
10461,synthetic-user-053,train
10462,synthetic-user-053,train
10463,synthetic-user-053,train
10464,synthetic-user-053,train
10465,synthetic-user-053,train
10466,synthetic-user-053,train
10467,synthetic-user-053,train
10468,synthetic-user-053,train
10469,synthetic-user-053,train
10470,synthetic-user-053,train
10471,synthetic-user-053,train
10472,synthetic-user-053,train
10473,synthetic-user-053,train
10474,synthetic-user-053,train
10475,synthetic-user-053,train
10476,synthetic-user-053,train
10477,synthetic-user-053,train
10478,synthetic-user-053,train
10479,synthetic-user-053,train
10480,synthetic-user-053,train
10481,synthetic-user-053,train
10482,synthetic-user-053,train
10483,synthetic-user-053,train
10484,synthetic-user-053,train
10485,synthetic-user-053,train
10486,synthetic-user-053,train
10487,synthetic-user-053,train
10488,synthetic-user-053,train
10489,synthetic-user-053,train
10490,synthetic-user-053,train
10491,synthetic-user-053,train
10492,synthetic-user-053,train
10493,synthetic-user-053,train
10494,synthetic-user-053,train
10495,synthetic-user-053,train
10496,synthetic-user-053,train
10497,synthetic-user-053,train
10498,synthetic-user-053,train
10499,synthetic-user-053,train
10500,synthetic-user-053,train
10501,synthetic-user-053,train
10502,synthetic-user-053,train
10503,synthetic-user-053,train
10504,synthetic-user-053,train
10505,synthetic-user-053,train
10506,synthetic-user-053,train
10507,synthetic-user-053,train
10508,synthetic-user-053,train
10509,synthetic-user-053,train
10510,synthetic-user-053,train
10511,synthetic-user-053,train
10512,synthetic-user-053,train
10513,synthetic-user-053,train
10514,synthetic-user-053,train
10515,synthetic-user-053,train
10516,synthetic-user-053,train
10517,synthetic-user-053,train
10518,synthetic-user-053,train
10519,synthetic-user-053,train
10520,synthetic-user-053,train
10521,synthetic-user-053,train
10522,synthetic-user-053,train
10523,synthetic-user-053,train
10524,synthetic-user-053,train
10525,synthetic-user-053,train
10526,synthetic-user-053,train
10527,synthetic-user-053,train
10528,synthetic-user-053,train
10529,synthetic-user-053,train
10530,synthetic-user-053,train
10531,synthetic-user-053,train
10532,synthetic-user-053,train
10533,synthetic-user-053,train
10534,synthetic-user-053,train
10535,synthetic-user-053,train
10536,synthetic-user-053,train
10537,synthetic-user-053,train
10538,synthetic-user-053,train
10539,synthetic-user-053,train
10540,synthetic-user-053,train
10541,synthetic-user-053,train
10542,synthetic-user-053,train
10543,synthetic-user-053,train
10544,synthetic-user-053,train
10545,synthetic-user-053,train
10546,synthetic-user-053,train
10547,synthetic-user-053,train
10548,synthetic-user-053,train
10549,synthetic-user-053,train
10550,synthetic-user-053,train
10551,synthetic-user-053,train
10552,synthetic-user-053,train
10553,synthetic-user-053,train
10554,synthetic-user-053,train
10555,synthetic-user-053,train
10556,synthetic-user-053,train
10557,synthetic-user-053,train
10558,synthetic-user-053,train
10559,synthetic-user-053,train
10560,synthetic-user-053,train
10561,synthetic-user-053,train
10562,synthetic-user-053,train
10563,synthetic-user-053,train
10564,synthetic-user-053,train
10565,synthetic-user-053,train
10566,synthetic-user-053,train
10567,synthetic-user-053,train
10568,synthetic-user-053,train
10569,synthetic-user-053,train
10570,synthetic-user-053,train
10571,synthetic-user-053,train
10572,synthetic-user-053,train
10573,synthetic-user-053,train
10574,synthetic-user-053,train
10575,synthetic-user-053,train
10576,synthetic-user-053,train
10577,synthetic-user-053,train
10578,synthetic-user-053,train
10579,synthetic-user-053,train
10580,synthetic-user-053,train
10581,synthetic-user-053,train
10582,synthetic-user-053,train
10583,synthetic-user-053,train
10584,synthetic-user-053,train
10585,synthetic-user-053,train
10586,synthetic-user-053,train
10587,synthetic-user-053,train
10588,synthetic-user-053,train
10589,synthetic-user-053,train
10590,synthetic-user-053,train
10591,synthetic-user-053,train
10592,synthetic-user-053,train
10593,synthetic-user-053,train
10594,synthetic-user-053,train
10595,synthetic-user-053,train
10596,synthetic-user-053,train
10597,synthetic-user-053,train
10598,synthetic-user-053,train
10599,synthetic-user-053,train
10600,synthetic-user-053,train
10601,synthetic-user-054,train
10602,synthetic-user-054,train
10603,synthetic-user-054,train
10604,synthetic-user-054,train
10605,synthetic-user-054,train
10606,synthetic-user-054,train
10607,synthetic-user-054,train
10608,synthetic-user-054,train
10609,synthetic-user-054,train
10610,synthetic-user-054,train
10611,synthetic-user-054,train
10612,synthetic-user-054,train
10613,synthetic-user-054,train
10614,synthetic-user-054,train
10615,synthetic-user-054,train
10616,synthetic-user-054,train
10617,synthetic-user-054,train
10618,synthetic-user-054,train
10619,synthetic-user-054,train
10620,synthetic-user-054,train
10621,synthetic-user-054,train
10622,synthetic-user-054,train
10623,synthetic-user-054,train
10624,synthetic-user-054,train
10625,synthetic-user-054,train
10626,synthetic-user-054,train
10627,synthetic-user-054,train
10628,synthetic-user-054,train
10629,synthetic-user-054,train
10630,synthetic-user-054,train
10631,synthetic-user-054,train
10632,synthetic-user-054,train
10633,synthetic-user-054,train
10634,synthetic-user-054,train
10635,synthetic-user-054,train
10636,synthetic-user-054,train
10637,synthetic-user-054,train
10638,synthetic-user-054,train
10639,synthetic-user-054,train
10640,synthetic-user-054,train
10641,synthetic-user-054,train
10642,synthetic-user-054,train
10643,synthetic-user-054,train
10644,synthetic-user-054,train
10645,synthetic-user-054,train
10646,synthetic-user-054,train
10647,synthetic-user-054,train
10648,synthetic-user-054,train
10649,synthetic-user-054,train
10650,synthetic-user-054,train
10651,synthetic-user-054,train
10652,synthetic-user-054,train
10653,synthetic-user-054,train
10654,synthetic-user-054,train
10655,synthetic-user-054,train
10656,synthetic-user-054,train
10657,synthetic-user-054,train
10658,synthetic-user-054,train
10659,synthetic-user-054,train
10660,synthetic-user-054,train
10661,synthetic-user-054,train
10662,synthetic-user-054,train
10663,synthetic-user-054,train
10664,synthetic-user-054,train
10665,synthetic-user-054,train
10666,synthetic-user-054,train
10667,synthetic-user-054,train
10668,synthetic-user-054,train
10669,synthetic-user-054,train
10670,synthetic-user-054,train
10671,synthetic-user-054,train
10672,synthetic-user-054,train
10673,synthetic-user-054,train
10674,synthetic-user-054,train
10675,synthetic-user-054,train
10676,synthetic-user-054,train
10677,synthetic-user-054,train
10678,synthetic-user-054,train
10679,synthetic-user-054,train
10680,synthetic-user-054,train
10681,synthetic-user-054,train
10682,synthetic-user-054,train
10683,synthetic-user-054,train
10684,synthetic-user-054,train
10685,synthetic-user-054,train
10686,synthetic-user-054,train
10687,synthetic-user-054,train
10688,synthetic-user-054,train
10689,synthetic-user-054,train
10690,synthetic-user-054,train
10691,synthetic-user-054,train
10692,synthetic-user-054,train
10693,synthetic-user-054,train
10694,synthetic-user-054,train
10695,synthetic-user-054,train
10696,synthetic-user-054,train
10697,synthetic-user-054,train
10698,synthetic-user-054,train
10699,synthetic-user-054,train
10700,synthetic-user-054,train
10701,synthetic-user-054,train
10702,synthetic-user-054,train
10703,synthetic-user-054,train
10704,synthetic-user-054,train
10705,synthetic-user-054,train
10706,synthetic-user-054,train
10707,synthetic-user-054,train
10708,synthetic-user-054,train
10709,synthetic-user-054,train
10710,synthetic-user-054,train
10711,synthetic-user-054,train
10712,synthetic-user-054,train
10713,synthetic-user-054,train
10714,synthetic-user-054,train
10715,synthetic-user-054,train
10716,synthetic-user-054,train
10717,synthetic-user-054,train
10718,synthetic-user-054,train
10719,synthetic-user-054,train
10720,synthetic-user-054,train
10721,synthetic-user-054,train
10722,synthetic-user-054,train
10723,synthetic-user-054,train
10724,synthetic-user-054,train
10725,synthetic-user-054,train
10726,synthetic-user-054,train
10727,synthetic-user-054,train
10728,synthetic-user-054,train
10729,synthetic-user-054,train
10730,synthetic-user-054,train
10731,synthetic-user-054,train
10732,synthetic-user-054,train
10733,synthetic-user-054,train
10734,synthetic-user-054,train
10735,synthetic-user-054,train
10736,synthetic-user-054,train
10737,synthetic-user-054,train
10738,synthetic-user-054,train
10739,synthetic-user-054,train
10740,synthetic-user-054,train
10741,synthetic-user-054,train
10742,synthetic-user-054,train
10743,synthetic-user-054,train
10744,synthetic-user-054,train
10745,synthetic-user-054,train
10746,synthetic-user-054,train
10747,synthetic-user-054,train
10748,synthetic-user-054,train
10749,synthetic-user-054,train
10750,synthetic-user-054,train
10751,synthetic-user-054,train
10752,synthetic-user-054,train
10753,synthetic-user-054,train
10754,synthetic-user-054,train
10755,synthetic-user-054,train
10756,synthetic-user-054,train
10757,synthetic-user-054,train
10758,synthetic-user-054,train
10759,synthetic-user-054,train
10760,synthetic-user-054,train
10761,synthetic-user-054,train
10762,synthetic-user-054,train
10763,synthetic-user-054,train
10764,synthetic-user-054,train
10765,synthetic-user-054,train
10766,synthetic-user-054,train
10767,synthetic-user-054,train
10768,synthetic-user-054,train
10769,synthetic-user-054,train
10770,synthetic-user-054,train
10771,synthetic-user-054,train
10772,synthetic-user-054,train
10773,synthetic-user-054,train
10774,synthetic-user-054,train
10775,synthetic-user-054,train
10776,synthetic-user-054,train
10777,synthetic-user-054,train
10778,synthetic-user-054,train
10779,synthetic-user-054,train
10780,synthetic-user-054,train
10781,synthetic-user-054,train
10782,synthetic-user-054,train
10783,synthetic-user-054,train
10784,synthetic-user-054,train
10785,synthetic-user-054,train
10786,synthetic-user-054,train
10787,synthetic-user-054,train
10788,synthetic-user-054,train
10789,synthetic-user-054,train
10790,synthetic-user-054,train
10791,synthetic-user-054,train
10792,synthetic-user-054,train
10793,synthetic-user-054,train
10794,synthetic-user-054,train
10795,synthetic-user-054,train
10796,synthetic-user-054,train
10797,synthetic-user-054,train
10798,synthetic-user-054,train
10799,synthetic-user-054,train
10800,synthetic-user-054,train
10801,synthetic-user-055,train
10802,synthetic-user-055,train
10803,synthetic-user-055,train
10804,synthetic-user-055,train
10805,synthetic-user-055,train
10806,synthetic-user-055,train
10807,synthetic-user-055,train
10808,synthetic-user-055,train
10809,synthetic-user-055,train
10810,synthetic-user-055,train
10811,synthetic-user-055,train
10812,synthetic-user-055,train
10813,synthetic-user-055,train
10814,synthetic-user-055,train
10815,synthetic-user-055,train
10816,synthetic-user-055,train
10817,synthetic-user-055,train
10818,synthetic-user-055,train
10819,synthetic-user-055,train
10820,synthetic-user-055,train
10821,synthetic-user-055,train
10822,synthetic-user-055,train
10823,synthetic-user-055,train
10824,synthetic-user-055,train
10825,synthetic-user-055,train
10826,synthetic-user-055,train
10827,synthetic-user-055,train
10828,synthetic-user-055,train
10829,synthetic-user-055,train
10830,synthetic-user-055,train
10831,synthetic-user-055,train
10832,synthetic-user-055,train
10833,synthetic-user-055,train
10834,synthetic-user-055,train
10835,synthetic-user-055,train
10836,synthetic-user-055,train
10837,synthetic-user-055,train
10838,synthetic-user-055,train
10839,synthetic-user-055,train
10840,synthetic-user-055,train
10841,synthetic-user-055,train
10842,synthetic-user-055,train
10843,synthetic-user-055,train
10844,synthetic-user-055,train
10845,synthetic-user-055,train
10846,synthetic-user-055,train
10847,synthetic-user-055,train
10848,synthetic-user-055,train
10849,synthetic-user-055,train
10850,synthetic-user-055,train
10851,synthetic-user-055,train
10852,synthetic-user-055,train
10853,synthetic-user-055,train
10854,synthetic-user-055,train
10855,synthetic-user-055,train
10856,synthetic-user-055,train
10857,synthetic-user-055,train
10858,synthetic-user-055,train
10859,synthetic-user-055,train
10860,synthetic-user-055,train
10861,synthetic-user-055,train
10862,synthetic-user-055,train
10863,synthetic-user-055,train
10864,synthetic-user-055,train
10865,synthetic-user-055,train
10866,synthetic-user-055,train
10867,synthetic-user-055,train
10868,synthetic-user-055,train
10869,synthetic-user-055,train
10870,synthetic-user-055,train
10871,synthetic-user-055,train
10872,synthetic-user-055,train
10873,synthetic-user-055,train
10874,synthetic-user-055,train
10875,synthetic-user-055,train
10876,synthetic-user-055,train
10877,synthetic-user-055,train
10878,synthetic-user-055,train
10879,synthetic-user-055,train
10880,synthetic-user-055,train
10881,synthetic-user-055,train
10882,synthetic-user-055,train
10883,synthetic-user-055,train
10884,synthetic-user-055,train
10885,synthetic-user-055,train
10886,synthetic-user-055,train
10887,synthetic-user-055,train
10888,synthetic-user-055,train
10889,synthetic-user-055,train
10890,synthetic-user-055,train
10891,synthetic-user-055,train
10892,synthetic-user-055,train
10893,synthetic-user-055,train
10894,synthetic-user-055,train
10895,synthetic-user-055,train
10896,synthetic-user-055,train
10897,synthetic-user-055,train
10898,synthetic-user-055,train
10899,synthetic-user-055,train
10900,synthetic-user-055,train
10901,synthetic-user-055,train
10902,synthetic-user-055,train
10903,synthetic-user-055,train
10904,synthetic-user-055,train
10905,synthetic-user-055,train
10906,synthetic-user-055,train
10907,synthetic-user-055,train
10908,synthetic-user-055,train
10909,synthetic-user-055,train
10910,synthetic-user-055,train
10911,synthetic-user-055,train
10912,synthetic-user-055,train
10913,synthetic-user-055,train
10914,synthetic-user-055,train
10915,synthetic-user-055,train
10916,synthetic-user-055,train
10917,synthetic-user-055,train
10918,synthetic-user-055,train
10919,synthetic-user-055,train
10920,synthetic-user-055,train
10921,synthetic-user-055,train
10922,synthetic-user-055,train
10923,synthetic-user-055,train
10924,synthetic-user-055,train
10925,synthetic-user-055,train
10926,synthetic-user-055,train
10927,synthetic-user-055,train
10928,synthetic-user-055,train
10929,synthetic-user-055,train
10930,synthetic-user-055,train
10931,synthetic-user-055,train
10932,synthetic-user-055,train
10933,synthetic-user-055,train
10934,synthetic-user-055,train
10935,synthetic-user-055,train
10936,synthetic-user-055,train
10937,synthetic-user-055,train
10938,synthetic-user-055,train
10939,synthetic-user-055,train
10940,synthetic-user-055,train
10941,synthetic-user-055,train
10942,synthetic-user-055,train
10943,synthetic-user-055,train
10944,synthetic-user-055,train
10945,synthetic-user-055,train
10946,synthetic-user-055,train
10947,synthetic-user-055,train
10948,synthetic-user-055,train
10949,synthetic-user-055,train
10950,synthetic-user-055,train
10951,synthetic-user-055,train
10952,synthetic-user-055,train
10953,synthetic-user-055,train
10954,synthetic-user-055,train
10955,synthetic-user-055,train
10956,synthetic-user-055,train
10957,synthetic-user-055,train
10958,synthetic-user-055,train
10959,synthetic-user-055,train
10960,synthetic-user-055,train
10961,synthetic-user-055,train
10962,synthetic-user-055,train
10963,synthetic-user-055,train
10964,synthetic-user-055,train
10965,synthetic-user-055,train
10966,synthetic-user-055,train
10967,synthetic-user-055,train
10968,synthetic-user-055,train
10969,synthetic-user-055,train
10970,synthetic-user-055,train
10971,synthetic-user-055,train
10972,synthetic-user-055,train
10973,synthetic-user-055,train
10974,synthetic-user-055,train
10975,synthetic-user-055,train
10976,synthetic-user-055,train
10977,synthetic-user-055,train
10978,synthetic-user-055,train
10979,synthetic-user-055,train
10980,synthetic-user-055,train
10981,synthetic-user-055,train
10982,synthetic-user-055,train
10983,synthetic-user-055,train
10984,synthetic-user-055,train
10985,synthetic-user-055,train
10986,synthetic-user-055,train
10987,synthetic-user-055,train
10988,synthetic-user-055,train
10989,synthetic-user-055,train
10990,synthetic-user-055,train
10991,synthetic-user-055,train
10992,synthetic-user-055,train
10993,synthetic-user-055,train
10994,synthetic-user-055,train
10995,synthetic-user-055,train
10996,synthetic-user-055,train
10997,synthetic-user-055,train
10998,synthetic-user-055,train
10999,synthetic-user-055,train
11000,synthetic-user-055,train
11001,synthetic-user-056,test
11002,synthetic-user-056,test
11003,synthetic-user-056,test
11004,synthetic-user-056,test
11005,synthetic-user-056,test
11006,synthetic-user-056,test
11007,synthetic-user-056,test
11008,synthetic-user-056,test
11009,synthetic-user-056,test
11010,synthetic-user-056,test
11011,synthetic-user-056,test
11012,synthetic-user-056,test
11013,synthetic-user-056,test
11014,synthetic-user-056,test
11015,synthetic-user-056,test
11016,synthetic-user-056,test
11017,synthetic-user-056,test
11018,synthetic-user-056,test
11019,synthetic-user-056,test
11020,synthetic-user-056,test
11021,synthetic-user-056,test
11022,synthetic-user-056,test
11023,synthetic-user-056,test
11024,synthetic-user-056,test
11025,synthetic-user-056,test
11026,synthetic-user-056,test
11027,synthetic-user-056,test
11028,synthetic-user-056,test
11029,synthetic-user-056,test
11030,synthetic-user-056,test
11031,synthetic-user-056,test
11032,synthetic-user-056,test
11033,synthetic-user-056,test
11034,synthetic-user-056,test
11035,synthetic-user-056,test
11036,synthetic-user-056,test
11037,synthetic-user-056,test
11038,synthetic-user-056,test
11039,synthetic-user-056,test
11040,synthetic-user-056,test
11041,synthetic-user-056,test
11042,synthetic-user-056,test
11043,synthetic-user-056,test
11044,synthetic-user-056,test
11045,synthetic-user-056,test
11046,synthetic-user-056,test
11047,synthetic-user-056,test
11048,synthetic-user-056,test
11049,synthetic-user-056,test
11050,synthetic-user-056,test
11051,synthetic-user-056,test
11052,synthetic-user-056,test
11053,synthetic-user-056,test
11054,synthetic-user-056,test
11055,synthetic-user-056,test
11056,synthetic-user-056,test
11057,synthetic-user-056,test
11058,synthetic-user-056,test
11059,synthetic-user-056,test
11060,synthetic-user-056,test
11061,synthetic-user-056,test
11062,synthetic-user-056,test
11063,synthetic-user-056,test
11064,synthetic-user-056,test
11065,synthetic-user-056,test
11066,synthetic-user-056,test
11067,synthetic-user-056,test
11068,synthetic-user-056,test
11069,synthetic-user-056,test
11070,synthetic-user-056,test
11071,synthetic-user-056,test
11072,synthetic-user-056,test
11073,synthetic-user-056,test
11074,synthetic-user-056,test
11075,synthetic-user-056,test
11076,synthetic-user-056,test
11077,synthetic-user-056,test
11078,synthetic-user-056,test
11079,synthetic-user-056,test
11080,synthetic-user-056,test
11081,synthetic-user-056,test
11082,synthetic-user-056,test
11083,synthetic-user-056,test
11084,synthetic-user-056,test
11085,synthetic-user-056,test
11086,synthetic-user-056,test
11087,synthetic-user-056,test
11088,synthetic-user-056,test
11089,synthetic-user-056,test
11090,synthetic-user-056,test
11091,synthetic-user-056,test
11092,synthetic-user-056,test
11093,synthetic-user-056,test
11094,synthetic-user-056,test
11095,synthetic-user-056,test
11096,synthetic-user-056,test
11097,synthetic-user-056,test
11098,synthetic-user-056,test
11099,synthetic-user-056,test
11100,synthetic-user-056,test
11101,synthetic-user-056,test
11102,synthetic-user-056,test
11103,synthetic-user-056,test
11104,synthetic-user-056,test
11105,synthetic-user-056,test
11106,synthetic-user-056,test
11107,synthetic-user-056,test
11108,synthetic-user-056,test
11109,synthetic-user-056,test
11110,synthetic-user-056,test
11111,synthetic-user-056,test
11112,synthetic-user-056,test
11113,synthetic-user-056,test
11114,synthetic-user-056,test
11115,synthetic-user-056,test
11116,synthetic-user-056,test
11117,synthetic-user-056,test
11118,synthetic-user-056,test
11119,synthetic-user-056,test
11120,synthetic-user-056,test
11121,synthetic-user-056,test
11122,synthetic-user-056,test
11123,synthetic-user-056,test
11124,synthetic-user-056,test
11125,synthetic-user-056,test
11126,synthetic-user-056,test
11127,synthetic-user-056,test
11128,synthetic-user-056,test
11129,synthetic-user-056,test
11130,synthetic-user-056,test
11131,synthetic-user-056,test
11132,synthetic-user-056,test
11133,synthetic-user-056,test
11134,synthetic-user-056,test
11135,synthetic-user-056,test
11136,synthetic-user-056,test
11137,synthetic-user-056,test
11138,synthetic-user-056,test
11139,synthetic-user-056,test
11140,synthetic-user-056,test
11141,synthetic-user-056,test
11142,synthetic-user-056,test
11143,synthetic-user-056,test
11144,synthetic-user-056,test
11145,synthetic-user-056,test
11146,synthetic-user-056,test
11147,synthetic-user-056,test
11148,synthetic-user-056,test
11149,synthetic-user-056,test
11150,synthetic-user-056,test
11151,synthetic-user-056,test
11152,synthetic-user-056,test
11153,synthetic-user-056,test
11154,synthetic-user-056,test
11155,synthetic-user-056,test
11156,synthetic-user-056,test
11157,synthetic-user-056,test
11158,synthetic-user-056,test
11159,synthetic-user-056,test
11160,synthetic-user-056,test
11161,synthetic-user-056,test
11162,synthetic-user-056,test
11163,synthetic-user-056,test
11164,synthetic-user-056,test
11165,synthetic-user-056,test
11166,synthetic-user-056,test
11167,synthetic-user-056,test
11168,synthetic-user-056,test
11169,synthetic-user-056,test
11170,synthetic-user-056,test
11171,synthetic-user-056,test
11172,synthetic-user-056,test
11173,synthetic-user-056,test
11174,synthetic-user-056,test
11175,synthetic-user-056,test
11176,synthetic-user-056,test
11177,synthetic-user-056,test
11178,synthetic-user-056,test
11179,synthetic-user-056,test
11180,synthetic-user-056,test
11181,synthetic-user-056,test
11182,synthetic-user-056,test
11183,synthetic-user-056,test
11184,synthetic-user-056,test
11185,synthetic-user-056,test
11186,synthetic-user-056,test
11187,synthetic-user-056,test
11188,synthetic-user-056,test
11189,synthetic-user-056,test
11190,synthetic-user-056,test
11191,synthetic-user-056,test
11192,synthetic-user-056,test
11193,synthetic-user-056,test
11194,synthetic-user-056,test
11195,synthetic-user-056,test
11196,synthetic-user-056,test
11197,synthetic-user-056,test
11198,synthetic-user-056,test
11199,synthetic-user-056,test
11200,synthetic-user-056,test
11201,synthetic-user-057,validation
11202,synthetic-user-057,validation
11203,synthetic-user-057,validation
11204,synthetic-user-057,validation
11205,synthetic-user-057,validation
11206,synthetic-user-057,validation
11207,synthetic-user-057,validation
11208,synthetic-user-057,validation
11209,synthetic-user-057,validation
11210,synthetic-user-057,validation
11211,synthetic-user-057,validation
11212,synthetic-user-057,validation
11213,synthetic-user-057,validation
11214,synthetic-user-057,validation
11215,synthetic-user-057,validation
11216,synthetic-user-057,validation
11217,synthetic-user-057,validation
11218,synthetic-user-057,validation
11219,synthetic-user-057,validation
11220,synthetic-user-057,validation
11221,synthetic-user-057,validation
11222,synthetic-user-057,validation
11223,synthetic-user-057,validation
11224,synthetic-user-057,validation
11225,synthetic-user-057,validation
11226,synthetic-user-057,validation
11227,synthetic-user-057,validation
11228,synthetic-user-057,validation
11229,synthetic-user-057,validation
11230,synthetic-user-057,validation
11231,synthetic-user-057,validation
11232,synthetic-user-057,validation
11233,synthetic-user-057,validation
11234,synthetic-user-057,validation
11235,synthetic-user-057,validation
11236,synthetic-user-057,validation
11237,synthetic-user-057,validation
11238,synthetic-user-057,validation
11239,synthetic-user-057,validation
11240,synthetic-user-057,validation
11241,synthetic-user-057,validation
11242,synthetic-user-057,validation
11243,synthetic-user-057,validation
11244,synthetic-user-057,validation
11245,synthetic-user-057,validation
11246,synthetic-user-057,validation
11247,synthetic-user-057,validation
11248,synthetic-user-057,validation
11249,synthetic-user-057,validation
11250,synthetic-user-057,validation
11251,synthetic-user-057,validation
11252,synthetic-user-057,validation
11253,synthetic-user-057,validation
11254,synthetic-user-057,validation
11255,synthetic-user-057,validation
11256,synthetic-user-057,validation
11257,synthetic-user-057,validation
11258,synthetic-user-057,validation
11259,synthetic-user-057,validation
11260,synthetic-user-057,validation
11261,synthetic-user-057,validation
11262,synthetic-user-057,validation
11263,synthetic-user-057,validation
11264,synthetic-user-057,validation
11265,synthetic-user-057,validation
11266,synthetic-user-057,validation
11267,synthetic-user-057,validation
11268,synthetic-user-057,validation
11269,synthetic-user-057,validation
11270,synthetic-user-057,validation
11271,synthetic-user-057,validation
11272,synthetic-user-057,validation
11273,synthetic-user-057,validation
11274,synthetic-user-057,validation
11275,synthetic-user-057,validation
11276,synthetic-user-057,validation
11277,synthetic-user-057,validation
11278,synthetic-user-057,validation
11279,synthetic-user-057,validation
11280,synthetic-user-057,validation
11281,synthetic-user-057,validation
11282,synthetic-user-057,validation
11283,synthetic-user-057,validation
11284,synthetic-user-057,validation
11285,synthetic-user-057,validation
11286,synthetic-user-057,validation
11287,synthetic-user-057,validation
11288,synthetic-user-057,validation
11289,synthetic-user-057,validation
11290,synthetic-user-057,validation
11291,synthetic-user-057,validation
11292,synthetic-user-057,validation
11293,synthetic-user-057,validation
11294,synthetic-user-057,validation
11295,synthetic-user-057,validation
11296,synthetic-user-057,validation
11297,synthetic-user-057,validation
11298,synthetic-user-057,validation
11299,synthetic-user-057,validation
11300,synthetic-user-057,validation
11301,synthetic-user-057,validation
11302,synthetic-user-057,validation
11303,synthetic-user-057,validation
11304,synthetic-user-057,validation
11305,synthetic-user-057,validation
11306,synthetic-user-057,validation
11307,synthetic-user-057,validation
11308,synthetic-user-057,validation
11309,synthetic-user-057,validation
11310,synthetic-user-057,validation
11311,synthetic-user-057,validation
11312,synthetic-user-057,validation
11313,synthetic-user-057,validation
11314,synthetic-user-057,validation
11315,synthetic-user-057,validation
11316,synthetic-user-057,validation
11317,synthetic-user-057,validation
11318,synthetic-user-057,validation
11319,synthetic-user-057,validation
11320,synthetic-user-057,validation
11321,synthetic-user-057,validation
11322,synthetic-user-057,validation
11323,synthetic-user-057,validation
11324,synthetic-user-057,validation
11325,synthetic-user-057,validation
11326,synthetic-user-057,validation
11327,synthetic-user-057,validation
11328,synthetic-user-057,validation
11329,synthetic-user-057,validation
11330,synthetic-user-057,validation
11331,synthetic-user-057,validation
11332,synthetic-user-057,validation
11333,synthetic-user-057,validation
11334,synthetic-user-057,validation
11335,synthetic-user-057,validation
11336,synthetic-user-057,validation
11337,synthetic-user-057,validation
11338,synthetic-user-057,validation
11339,synthetic-user-057,validation
11340,synthetic-user-057,validation
11341,synthetic-user-057,validation
11342,synthetic-user-057,validation
11343,synthetic-user-057,validation
11344,synthetic-user-057,validation
11345,synthetic-user-057,validation
11346,synthetic-user-057,validation
11347,synthetic-user-057,validation
11348,synthetic-user-057,validation
11349,synthetic-user-057,validation
11350,synthetic-user-057,validation
11351,synthetic-user-057,validation
11352,synthetic-user-057,validation
11353,synthetic-user-057,validation
11354,synthetic-user-057,validation
11355,synthetic-user-057,validation
11356,synthetic-user-057,validation
11357,synthetic-user-057,validation
11358,synthetic-user-057,validation
11359,synthetic-user-057,validation
11360,synthetic-user-057,validation
11361,synthetic-user-057,validation
11362,synthetic-user-057,validation
11363,synthetic-user-057,validation
11364,synthetic-user-057,validation
11365,synthetic-user-057,validation
11366,synthetic-user-057,validation
11367,synthetic-user-057,validation
11368,synthetic-user-057,validation
11369,synthetic-user-057,validation
11370,synthetic-user-057,validation
11371,synthetic-user-057,validation
11372,synthetic-user-057,validation
11373,synthetic-user-057,validation
11374,synthetic-user-057,validation
11375,synthetic-user-057,validation
11376,synthetic-user-057,validation
11377,synthetic-user-057,validation
11378,synthetic-user-057,validation
11379,synthetic-user-057,validation
11380,synthetic-user-057,validation
11381,synthetic-user-057,validation
11382,synthetic-user-057,validation
11383,synthetic-user-057,validation
11384,synthetic-user-057,validation
11385,synthetic-user-057,validation
11386,synthetic-user-057,validation
11387,synthetic-user-057,validation
11388,synthetic-user-057,validation
11389,synthetic-user-057,validation
11390,synthetic-user-057,validation
11391,synthetic-user-057,validation
11392,synthetic-user-057,validation
11393,synthetic-user-057,validation
11394,synthetic-user-057,validation
11395,synthetic-user-057,validation
11396,synthetic-user-057,validation
11397,synthetic-user-057,validation
11398,synthetic-user-057,validation
11399,synthetic-user-057,validation
11400,synthetic-user-057,validation
11401,synthetic-user-058,train
11402,synthetic-user-058,train
11403,synthetic-user-058,train
11404,synthetic-user-058,train
11405,synthetic-user-058,train
11406,synthetic-user-058,train
11407,synthetic-user-058,train
11408,synthetic-user-058,train
11409,synthetic-user-058,train
11410,synthetic-user-058,train
11411,synthetic-user-058,train
11412,synthetic-user-058,train
11413,synthetic-user-058,train
11414,synthetic-user-058,train
11415,synthetic-user-058,train
11416,synthetic-user-058,train
11417,synthetic-user-058,train
11418,synthetic-user-058,train
11419,synthetic-user-058,train
11420,synthetic-user-058,train
11421,synthetic-user-058,train
11422,synthetic-user-058,train
11423,synthetic-user-058,train
11424,synthetic-user-058,train
11425,synthetic-user-058,train
11426,synthetic-user-058,train
11427,synthetic-user-058,train
11428,synthetic-user-058,train
11429,synthetic-user-058,train
11430,synthetic-user-058,train
11431,synthetic-user-058,train
11432,synthetic-user-058,train
11433,synthetic-user-058,train
11434,synthetic-user-058,train
11435,synthetic-user-058,train
11436,synthetic-user-058,train
11437,synthetic-user-058,train
11438,synthetic-user-058,train
11439,synthetic-user-058,train
11440,synthetic-user-058,train
11441,synthetic-user-058,train
11442,synthetic-user-058,train
11443,synthetic-user-058,train
11444,synthetic-user-058,train
11445,synthetic-user-058,train
11446,synthetic-user-058,train
11447,synthetic-user-058,train
11448,synthetic-user-058,train
11449,synthetic-user-058,train
11450,synthetic-user-058,train
11451,synthetic-user-058,train
11452,synthetic-user-058,train
11453,synthetic-user-058,train
11454,synthetic-user-058,train
11455,synthetic-user-058,train
11456,synthetic-user-058,train
11457,synthetic-user-058,train
11458,synthetic-user-058,train
11459,synthetic-user-058,train
11460,synthetic-user-058,train
11461,synthetic-user-058,train
11462,synthetic-user-058,train
11463,synthetic-user-058,train
11464,synthetic-user-058,train
11465,synthetic-user-058,train
11466,synthetic-user-058,train
11467,synthetic-user-058,train
11468,synthetic-user-058,train
11469,synthetic-user-058,train
11470,synthetic-user-058,train
11471,synthetic-user-058,train
11472,synthetic-user-058,train
11473,synthetic-user-058,train
11474,synthetic-user-058,train
11475,synthetic-user-058,train
11476,synthetic-user-058,train
11477,synthetic-user-058,train
11478,synthetic-user-058,train
11479,synthetic-user-058,train
11480,synthetic-user-058,train
11481,synthetic-user-058,train
11482,synthetic-user-058,train
11483,synthetic-user-058,train
11484,synthetic-user-058,train
11485,synthetic-user-058,train
11486,synthetic-user-058,train
11487,synthetic-user-058,train
11488,synthetic-user-058,train
11489,synthetic-user-058,train
11490,synthetic-user-058,train
11491,synthetic-user-058,train
11492,synthetic-user-058,train
11493,synthetic-user-058,train
11494,synthetic-user-058,train
11495,synthetic-user-058,train
11496,synthetic-user-058,train
11497,synthetic-user-058,train
11498,synthetic-user-058,train
11499,synthetic-user-058,train
11500,synthetic-user-058,train
11501,synthetic-user-058,train
11502,synthetic-user-058,train
11503,synthetic-user-058,train
11504,synthetic-user-058,train
11505,synthetic-user-058,train
11506,synthetic-user-058,train
11507,synthetic-user-058,train
11508,synthetic-user-058,train
11509,synthetic-user-058,train
11510,synthetic-user-058,train
11511,synthetic-user-058,train
11512,synthetic-user-058,train
11513,synthetic-user-058,train
11514,synthetic-user-058,train
11515,synthetic-user-058,train
11516,synthetic-user-058,train
11517,synthetic-user-058,train
11518,synthetic-user-058,train
11519,synthetic-user-058,train
11520,synthetic-user-058,train
11521,synthetic-user-058,train
11522,synthetic-user-058,train
11523,synthetic-user-058,train
11524,synthetic-user-058,train
11525,synthetic-user-058,train
11526,synthetic-user-058,train
11527,synthetic-user-058,train
11528,synthetic-user-058,train
11529,synthetic-user-058,train
11530,synthetic-user-058,train
11531,synthetic-user-058,train
11532,synthetic-user-058,train
11533,synthetic-user-058,train
11534,synthetic-user-058,train
11535,synthetic-user-058,train
11536,synthetic-user-058,train
11537,synthetic-user-058,train
11538,synthetic-user-058,train
11539,synthetic-user-058,train
11540,synthetic-user-058,train
11541,synthetic-user-058,train
11542,synthetic-user-058,train
11543,synthetic-user-058,train
11544,synthetic-user-058,train
11545,synthetic-user-058,train
11546,synthetic-user-058,train
11547,synthetic-user-058,train
11548,synthetic-user-058,train
11549,synthetic-user-058,train
11550,synthetic-user-058,train
11551,synthetic-user-058,train
11552,synthetic-user-058,train
11553,synthetic-user-058,train
11554,synthetic-user-058,train
11555,synthetic-user-058,train
11556,synthetic-user-058,train
11557,synthetic-user-058,train
11558,synthetic-user-058,train
11559,synthetic-user-058,train
11560,synthetic-user-058,train
11561,synthetic-user-058,train
11562,synthetic-user-058,train
11563,synthetic-user-058,train
11564,synthetic-user-058,train
11565,synthetic-user-058,train
11566,synthetic-user-058,train
11567,synthetic-user-058,train
11568,synthetic-user-058,train
11569,synthetic-user-058,train
11570,synthetic-user-058,train
11571,synthetic-user-058,train
11572,synthetic-user-058,train
11573,synthetic-user-058,train
11574,synthetic-user-058,train
11575,synthetic-user-058,train
11576,synthetic-user-058,train
11577,synthetic-user-058,train
11578,synthetic-user-058,train
11579,synthetic-user-058,train
11580,synthetic-user-058,train
11581,synthetic-user-058,train
11582,synthetic-user-058,train
11583,synthetic-user-058,train
11584,synthetic-user-058,train
11585,synthetic-user-058,train
11586,synthetic-user-058,train
11587,synthetic-user-058,train
11588,synthetic-user-058,train
11589,synthetic-user-058,train
11590,synthetic-user-058,train
11591,synthetic-user-058,train
11592,synthetic-user-058,train
11593,synthetic-user-058,train
11594,synthetic-user-058,train
11595,synthetic-user-058,train
11596,synthetic-user-058,train
11597,synthetic-user-058,train
11598,synthetic-user-058,train
11599,synthetic-user-058,train
11600,synthetic-user-058,train
11601,synthetic-user-059,train
11602,synthetic-user-059,train
11603,synthetic-user-059,train
11604,synthetic-user-059,train
11605,synthetic-user-059,train
11606,synthetic-user-059,train
11607,synthetic-user-059,train
11608,synthetic-user-059,train
11609,synthetic-user-059,train
11610,synthetic-user-059,train
11611,synthetic-user-059,train
11612,synthetic-user-059,train
11613,synthetic-user-059,train
11614,synthetic-user-059,train
11615,synthetic-user-059,train
11616,synthetic-user-059,train
11617,synthetic-user-059,train
11618,synthetic-user-059,train
11619,synthetic-user-059,train
11620,synthetic-user-059,train
11621,synthetic-user-059,train
11622,synthetic-user-059,train
11623,synthetic-user-059,train
11624,synthetic-user-059,train
11625,synthetic-user-059,train
11626,synthetic-user-059,train
11627,synthetic-user-059,train
11628,synthetic-user-059,train
11629,synthetic-user-059,train
11630,synthetic-user-059,train
11631,synthetic-user-059,train
11632,synthetic-user-059,train
11633,synthetic-user-059,train
11634,synthetic-user-059,train
11635,synthetic-user-059,train
11636,synthetic-user-059,train
11637,synthetic-user-059,train
11638,synthetic-user-059,train
11639,synthetic-user-059,train
11640,synthetic-user-059,train
11641,synthetic-user-059,train
11642,synthetic-user-059,train
11643,synthetic-user-059,train
11644,synthetic-user-059,train
11645,synthetic-user-059,train
11646,synthetic-user-059,train
11647,synthetic-user-059,train
11648,synthetic-user-059,train
11649,synthetic-user-059,train
11650,synthetic-user-059,train
11651,synthetic-user-059,train
11652,synthetic-user-059,train
11653,synthetic-user-059,train
11654,synthetic-user-059,train
11655,synthetic-user-059,train
11656,synthetic-user-059,train
11657,synthetic-user-059,train
11658,synthetic-user-059,train
11659,synthetic-user-059,train
11660,synthetic-user-059,train
11661,synthetic-user-059,train
11662,synthetic-user-059,train
11663,synthetic-user-059,train
11664,synthetic-user-059,train
11665,synthetic-user-059,train
11666,synthetic-user-059,train
11667,synthetic-user-059,train
11668,synthetic-user-059,train
11669,synthetic-user-059,train
11670,synthetic-user-059,train
11671,synthetic-user-059,train
11672,synthetic-user-059,train
11673,synthetic-user-059,train
11674,synthetic-user-059,train
11675,synthetic-user-059,train
11676,synthetic-user-059,train
11677,synthetic-user-059,train
11678,synthetic-user-059,train
11679,synthetic-user-059,train
11680,synthetic-user-059,train
11681,synthetic-user-059,train
11682,synthetic-user-059,train
11683,synthetic-user-059,train
11684,synthetic-user-059,train
11685,synthetic-user-059,train
11686,synthetic-user-059,train
11687,synthetic-user-059,train
11688,synthetic-user-059,train
11689,synthetic-user-059,train
11690,synthetic-user-059,train
11691,synthetic-user-059,train
11692,synthetic-user-059,train
11693,synthetic-user-059,train
11694,synthetic-user-059,train
11695,synthetic-user-059,train
11696,synthetic-user-059,train
11697,synthetic-user-059,train
11698,synthetic-user-059,train
11699,synthetic-user-059,train
11700,synthetic-user-059,train
11701,synthetic-user-059,train
11702,synthetic-user-059,train
11703,synthetic-user-059,train
11704,synthetic-user-059,train
11705,synthetic-user-059,train
11706,synthetic-user-059,train
11707,synthetic-user-059,train
11708,synthetic-user-059,train
11709,synthetic-user-059,train
11710,synthetic-user-059,train
11711,synthetic-user-059,train
11712,synthetic-user-059,train
11713,synthetic-user-059,train
11714,synthetic-user-059,train
11715,synthetic-user-059,train
11716,synthetic-user-059,train
11717,synthetic-user-059,train
11718,synthetic-user-059,train
11719,synthetic-user-059,train
11720,synthetic-user-059,train
11721,synthetic-user-059,train
11722,synthetic-user-059,train
11723,synthetic-user-059,train
11724,synthetic-user-059,train
11725,synthetic-user-059,train
11726,synthetic-user-059,train
11727,synthetic-user-059,train
11728,synthetic-user-059,train
11729,synthetic-user-059,train
11730,synthetic-user-059,train
11731,synthetic-user-059,train
11732,synthetic-user-059,train
11733,synthetic-user-059,train
11734,synthetic-user-059,train
11735,synthetic-user-059,train
11736,synthetic-user-059,train
11737,synthetic-user-059,train
11738,synthetic-user-059,train
11739,synthetic-user-059,train
11740,synthetic-user-059,train
11741,synthetic-user-059,train
11742,synthetic-user-059,train
11743,synthetic-user-059,train
11744,synthetic-user-059,train
11745,synthetic-user-059,train
11746,synthetic-user-059,train
11747,synthetic-user-059,train
11748,synthetic-user-059,train
11749,synthetic-user-059,train
11750,synthetic-user-059,train
11751,synthetic-user-059,train
11752,synthetic-user-059,train
11753,synthetic-user-059,train
11754,synthetic-user-059,train
11755,synthetic-user-059,train
11756,synthetic-user-059,train
11757,synthetic-user-059,train
11758,synthetic-user-059,train
11759,synthetic-user-059,train
11760,synthetic-user-059,train
11761,synthetic-user-059,train
11762,synthetic-user-059,train
11763,synthetic-user-059,train
11764,synthetic-user-059,train
11765,synthetic-user-059,train
11766,synthetic-user-059,train
11767,synthetic-user-059,train
11768,synthetic-user-059,train
11769,synthetic-user-059,train
11770,synthetic-user-059,train
11771,synthetic-user-059,train
11772,synthetic-user-059,train
11773,synthetic-user-059,train
11774,synthetic-user-059,train
11775,synthetic-user-059,train
11776,synthetic-user-059,train
11777,synthetic-user-059,train
11778,synthetic-user-059,train
11779,synthetic-user-059,train
11780,synthetic-user-059,train
11781,synthetic-user-059,train
11782,synthetic-user-059,train
11783,synthetic-user-059,train
11784,synthetic-user-059,train
11785,synthetic-user-059,train
11786,synthetic-user-059,train
11787,synthetic-user-059,train
11788,synthetic-user-059,train
11789,synthetic-user-059,train
11790,synthetic-user-059,train
11791,synthetic-user-059,train
11792,synthetic-user-059,train
11793,synthetic-user-059,train
11794,synthetic-user-059,train
11795,synthetic-user-059,train
11796,synthetic-user-059,train
11797,synthetic-user-059,train
11798,synthetic-user-059,train
11799,synthetic-user-059,train
11800,synthetic-user-059,train
11801,synthetic-user-060,train
11802,synthetic-user-060,train
11803,synthetic-user-060,train
11804,synthetic-user-060,train
11805,synthetic-user-060,train
11806,synthetic-user-060,train
11807,synthetic-user-060,train
11808,synthetic-user-060,train
11809,synthetic-user-060,train
11810,synthetic-user-060,train
11811,synthetic-user-060,train
11812,synthetic-user-060,train
11813,synthetic-user-060,train
11814,synthetic-user-060,train
11815,synthetic-user-060,train
11816,synthetic-user-060,train
11817,synthetic-user-060,train
11818,synthetic-user-060,train
11819,synthetic-user-060,train
11820,synthetic-user-060,train
11821,synthetic-user-060,train
11822,synthetic-user-060,train
11823,synthetic-user-060,train
11824,synthetic-user-060,train
11825,synthetic-user-060,train
11826,synthetic-user-060,train
11827,synthetic-user-060,train
11828,synthetic-user-060,train
11829,synthetic-user-060,train
11830,synthetic-user-060,train
11831,synthetic-user-060,train
11832,synthetic-user-060,train
11833,synthetic-user-060,train
11834,synthetic-user-060,train
11835,synthetic-user-060,train
11836,synthetic-user-060,train
11837,synthetic-user-060,train
11838,synthetic-user-060,train
11839,synthetic-user-060,train
11840,synthetic-user-060,train
11841,synthetic-user-060,train
11842,synthetic-user-060,train
11843,synthetic-user-060,train
11844,synthetic-user-060,train
11845,synthetic-user-060,train
11846,synthetic-user-060,train
11847,synthetic-user-060,train
11848,synthetic-user-060,train
11849,synthetic-user-060,train
11850,synthetic-user-060,train
11851,synthetic-user-060,train
11852,synthetic-user-060,train
11853,synthetic-user-060,train
11854,synthetic-user-060,train
11855,synthetic-user-060,train
11856,synthetic-user-060,train
11857,synthetic-user-060,train
11858,synthetic-user-060,train
11859,synthetic-user-060,train
11860,synthetic-user-060,train
11861,synthetic-user-060,train
11862,synthetic-user-060,train
11863,synthetic-user-060,train
11864,synthetic-user-060,train
11865,synthetic-user-060,train
11866,synthetic-user-060,train
11867,synthetic-user-060,train
11868,synthetic-user-060,train
11869,synthetic-user-060,train
11870,synthetic-user-060,train
11871,synthetic-user-060,train
11872,synthetic-user-060,train
11873,synthetic-user-060,train
11874,synthetic-user-060,train
11875,synthetic-user-060,train
11876,synthetic-user-060,train
11877,synthetic-user-060,train
11878,synthetic-user-060,train
11879,synthetic-user-060,train
11880,synthetic-user-060,train
11881,synthetic-user-060,train
11882,synthetic-user-060,train
11883,synthetic-user-060,train
11884,synthetic-user-060,train
11885,synthetic-user-060,train
11886,synthetic-user-060,train
11887,synthetic-user-060,train
11888,synthetic-user-060,train
11889,synthetic-user-060,train
11890,synthetic-user-060,train
11891,synthetic-user-060,train
11892,synthetic-user-060,train
11893,synthetic-user-060,train
11894,synthetic-user-060,train
11895,synthetic-user-060,train
11896,synthetic-user-060,train
11897,synthetic-user-060,train
11898,synthetic-user-060,train
11899,synthetic-user-060,train
11900,synthetic-user-060,train
11901,synthetic-user-060,train
11902,synthetic-user-060,train
11903,synthetic-user-060,train
11904,synthetic-user-060,train
11905,synthetic-user-060,train
11906,synthetic-user-060,train
11907,synthetic-user-060,train
11908,synthetic-user-060,train
11909,synthetic-user-060,train
11910,synthetic-user-060,train
11911,synthetic-user-060,train
11912,synthetic-user-060,train
11913,synthetic-user-060,train
11914,synthetic-user-060,train
11915,synthetic-user-060,train
11916,synthetic-user-060,train
11917,synthetic-user-060,train
11918,synthetic-user-060,train
11919,synthetic-user-060,train
11920,synthetic-user-060,train
11921,synthetic-user-060,train
11922,synthetic-user-060,train
11923,synthetic-user-060,train
11924,synthetic-user-060,train
11925,synthetic-user-060,train
11926,synthetic-user-060,train
11927,synthetic-user-060,train
11928,synthetic-user-060,train
11929,synthetic-user-060,train
11930,synthetic-user-060,train
11931,synthetic-user-060,train
11932,synthetic-user-060,train
11933,synthetic-user-060,train
11934,synthetic-user-060,train
11935,synthetic-user-060,train
11936,synthetic-user-060,train
11937,synthetic-user-060,train
11938,synthetic-user-060,train
11939,synthetic-user-060,train
11940,synthetic-user-060,train
11941,synthetic-user-060,train
11942,synthetic-user-060,train
11943,synthetic-user-060,train
11944,synthetic-user-060,train
11945,synthetic-user-060,train
11946,synthetic-user-060,train
11947,synthetic-user-060,train
11948,synthetic-user-060,train
11949,synthetic-user-060,train
11950,synthetic-user-060,train
11951,synthetic-user-060,train
11952,synthetic-user-060,train
11953,synthetic-user-060,train
11954,synthetic-user-060,train
11955,synthetic-user-060,train
11956,synthetic-user-060,train
11957,synthetic-user-060,train
11958,synthetic-user-060,train
11959,synthetic-user-060,train
11960,synthetic-user-060,train
11961,synthetic-user-060,train
11962,synthetic-user-060,train
11963,synthetic-user-060,train
11964,synthetic-user-060,train
11965,synthetic-user-060,train
11966,synthetic-user-060,train
11967,synthetic-user-060,train
11968,synthetic-user-060,train
11969,synthetic-user-060,train
11970,synthetic-user-060,train
11971,synthetic-user-060,train
11972,synthetic-user-060,train
11973,synthetic-user-060,train
11974,synthetic-user-060,train
11975,synthetic-user-060,train
11976,synthetic-user-060,train
11977,synthetic-user-060,train
11978,synthetic-user-060,train
11979,synthetic-user-060,train
11980,synthetic-user-060,train
11981,synthetic-user-060,train
11982,synthetic-user-060,train
11983,synthetic-user-060,train
11984,synthetic-user-060,train
11985,synthetic-user-060,train
11986,synthetic-user-060,train
11987,synthetic-user-060,train
11988,synthetic-user-060,train
11989,synthetic-user-060,train
11990,synthetic-user-060,train
11991,synthetic-user-060,train
11992,synthetic-user-060,train
11993,synthetic-user-060,train
11994,synthetic-user-060,train
11995,synthetic-user-060,train
11996,synthetic-user-060,train
11997,synthetic-user-060,train
11998,synthetic-user-060,train
11999,synthetic-user-060,train
12000,synthetic-user-060,train
12001,synthetic-user-061,test
12002,synthetic-user-061,test
12003,synthetic-user-061,test
12004,synthetic-user-061,test
12005,synthetic-user-061,test
12006,synthetic-user-061,test
12007,synthetic-user-061,test
12008,synthetic-user-061,test
12009,synthetic-user-061,test
12010,synthetic-user-061,test
12011,synthetic-user-061,test
12012,synthetic-user-061,test
12013,synthetic-user-061,test
12014,synthetic-user-061,test
12015,synthetic-user-061,test
12016,synthetic-user-061,test
12017,synthetic-user-061,test
12018,synthetic-user-061,test
12019,synthetic-user-061,test
12020,synthetic-user-061,test
12021,synthetic-user-061,test
12022,synthetic-user-061,test
12023,synthetic-user-061,test
12024,synthetic-user-061,test
12025,synthetic-user-061,test
12026,synthetic-user-061,test
12027,synthetic-user-061,test
12028,synthetic-user-061,test
12029,synthetic-user-061,test
12030,synthetic-user-061,test
12031,synthetic-user-061,test
12032,synthetic-user-061,test
12033,synthetic-user-061,test
12034,synthetic-user-061,test
12035,synthetic-user-061,test
12036,synthetic-user-061,test
12037,synthetic-user-061,test
12038,synthetic-user-061,test
12039,synthetic-user-061,test
12040,synthetic-user-061,test
12041,synthetic-user-061,test
12042,synthetic-user-061,test
12043,synthetic-user-061,test
12044,synthetic-user-061,test
12045,synthetic-user-061,test
12046,synthetic-user-061,test
12047,synthetic-user-061,test
12048,synthetic-user-061,test
12049,synthetic-user-061,test
12050,synthetic-user-061,test
12051,synthetic-user-061,test
12052,synthetic-user-061,test
12053,synthetic-user-061,test
12054,synthetic-user-061,test
12055,synthetic-user-061,test
12056,synthetic-user-061,test
12057,synthetic-user-061,test
12058,synthetic-user-061,test
12059,synthetic-user-061,test
12060,synthetic-user-061,test
12061,synthetic-user-061,test
12062,synthetic-user-061,test
12063,synthetic-user-061,test
12064,synthetic-user-061,test
12065,synthetic-user-061,test
12066,synthetic-user-061,test
12067,synthetic-user-061,test
12068,synthetic-user-061,test
12069,synthetic-user-061,test
12070,synthetic-user-061,test
12071,synthetic-user-061,test
12072,synthetic-user-061,test
12073,synthetic-user-061,test
12074,synthetic-user-061,test
12075,synthetic-user-061,test
12076,synthetic-user-061,test
12077,synthetic-user-061,test
12078,synthetic-user-061,test
12079,synthetic-user-061,test
12080,synthetic-user-061,test
12081,synthetic-user-061,test
12082,synthetic-user-061,test
12083,synthetic-user-061,test
12084,synthetic-user-061,test
12085,synthetic-user-061,test
12086,synthetic-user-061,test
12087,synthetic-user-061,test
12088,synthetic-user-061,test
12089,synthetic-user-061,test
12090,synthetic-user-061,test
12091,synthetic-user-061,test
12092,synthetic-user-061,test
12093,synthetic-user-061,test
12094,synthetic-user-061,test
12095,synthetic-user-061,test
12096,synthetic-user-061,test
12097,synthetic-user-061,test
12098,synthetic-user-061,test
12099,synthetic-user-061,test
12100,synthetic-user-061,test
12101,synthetic-user-061,test
12102,synthetic-user-061,test
12103,synthetic-user-061,test
12104,synthetic-user-061,test
12105,synthetic-user-061,test
12106,synthetic-user-061,test
12107,synthetic-user-061,test
12108,synthetic-user-061,test
12109,synthetic-user-061,test
12110,synthetic-user-061,test
12111,synthetic-user-061,test
12112,synthetic-user-061,test
12113,synthetic-user-061,test
12114,synthetic-user-061,test
12115,synthetic-user-061,test
12116,synthetic-user-061,test
12117,synthetic-user-061,test
12118,synthetic-user-061,test
12119,synthetic-user-061,test
12120,synthetic-user-061,test
12121,synthetic-user-061,test
12122,synthetic-user-061,test
12123,synthetic-user-061,test
12124,synthetic-user-061,test
12125,synthetic-user-061,test
12126,synthetic-user-061,test
12127,synthetic-user-061,test
12128,synthetic-user-061,test
12129,synthetic-user-061,test
12130,synthetic-user-061,test
12131,synthetic-user-061,test
12132,synthetic-user-061,test
12133,synthetic-user-061,test
12134,synthetic-user-061,test
12135,synthetic-user-061,test
12136,synthetic-user-061,test
12137,synthetic-user-061,test
12138,synthetic-user-061,test
12139,synthetic-user-061,test
12140,synthetic-user-061,test
12141,synthetic-user-061,test
12142,synthetic-user-061,test
12143,synthetic-user-061,test
12144,synthetic-user-061,test
12145,synthetic-user-061,test
12146,synthetic-user-061,test
12147,synthetic-user-061,test
12148,synthetic-user-061,test
12149,synthetic-user-061,test
12150,synthetic-user-061,test
12151,synthetic-user-061,test
12152,synthetic-user-061,test
12153,synthetic-user-061,test
12154,synthetic-user-061,test
12155,synthetic-user-061,test
12156,synthetic-user-061,test
12157,synthetic-user-061,test
12158,synthetic-user-061,test
12159,synthetic-user-061,test
12160,synthetic-user-061,test
12161,synthetic-user-061,test
12162,synthetic-user-061,test
12163,synthetic-user-061,test
12164,synthetic-user-061,test
12165,synthetic-user-061,test
12166,synthetic-user-061,test
12167,synthetic-user-061,test
12168,synthetic-user-061,test
12169,synthetic-user-061,test
12170,synthetic-user-061,test
12171,synthetic-user-061,test
12172,synthetic-user-061,test
12173,synthetic-user-061,test
12174,synthetic-user-061,test
12175,synthetic-user-061,test
12176,synthetic-user-061,test
12177,synthetic-user-061,test
12178,synthetic-user-061,test
12179,synthetic-user-061,test
12180,synthetic-user-061,test
12181,synthetic-user-061,test
12182,synthetic-user-061,test
12183,synthetic-user-061,test
12184,synthetic-user-061,test
12185,synthetic-user-061,test
12186,synthetic-user-061,test
12187,synthetic-user-061,test
12188,synthetic-user-061,test
12189,synthetic-user-061,test
12190,synthetic-user-061,test
12191,synthetic-user-061,test
12192,synthetic-user-061,test
12193,synthetic-user-061,test
12194,synthetic-user-061,test
12195,synthetic-user-061,test
12196,synthetic-user-061,test
12197,synthetic-user-061,test
12198,synthetic-user-061,test
12199,synthetic-user-061,test
12200,synthetic-user-061,test
12201,synthetic-user-062,validation
12202,synthetic-user-062,validation
12203,synthetic-user-062,validation
12204,synthetic-user-062,validation
12205,synthetic-user-062,validation
12206,synthetic-user-062,validation
12207,synthetic-user-062,validation
12208,synthetic-user-062,validation
12209,synthetic-user-062,validation
12210,synthetic-user-062,validation
12211,synthetic-user-062,validation
12212,synthetic-user-062,validation
12213,synthetic-user-062,validation
12214,synthetic-user-062,validation
12215,synthetic-user-062,validation
12216,synthetic-user-062,validation
12217,synthetic-user-062,validation
12218,synthetic-user-062,validation
12219,synthetic-user-062,validation
12220,synthetic-user-062,validation
12221,synthetic-user-062,validation
12222,synthetic-user-062,validation
12223,synthetic-user-062,validation
12224,synthetic-user-062,validation
12225,synthetic-user-062,validation
12226,synthetic-user-062,validation
12227,synthetic-user-062,validation
12228,synthetic-user-062,validation
12229,synthetic-user-062,validation
12230,synthetic-user-062,validation
12231,synthetic-user-062,validation
12232,synthetic-user-062,validation
12233,synthetic-user-062,validation
12234,synthetic-user-062,validation
12235,synthetic-user-062,validation
12236,synthetic-user-062,validation
12237,synthetic-user-062,validation
12238,synthetic-user-062,validation
12239,synthetic-user-062,validation
12240,synthetic-user-062,validation
12241,synthetic-user-062,validation
12242,synthetic-user-062,validation
12243,synthetic-user-062,validation
12244,synthetic-user-062,validation
12245,synthetic-user-062,validation
12246,synthetic-user-062,validation
12247,synthetic-user-062,validation
12248,synthetic-user-062,validation
12249,synthetic-user-062,validation
12250,synthetic-user-062,validation
12251,synthetic-user-062,validation
12252,synthetic-user-062,validation
12253,synthetic-user-062,validation
12254,synthetic-user-062,validation
12255,synthetic-user-062,validation
12256,synthetic-user-062,validation
12257,synthetic-user-062,validation
12258,synthetic-user-062,validation
12259,synthetic-user-062,validation
12260,synthetic-user-062,validation
12261,synthetic-user-062,validation
12262,synthetic-user-062,validation
12263,synthetic-user-062,validation
12264,synthetic-user-062,validation
12265,synthetic-user-062,validation
12266,synthetic-user-062,validation
12267,synthetic-user-062,validation
12268,synthetic-user-062,validation
12269,synthetic-user-062,validation
12270,synthetic-user-062,validation
12271,synthetic-user-062,validation
12272,synthetic-user-062,validation
12273,synthetic-user-062,validation
12274,synthetic-user-062,validation
12275,synthetic-user-062,validation
12276,synthetic-user-062,validation
12277,synthetic-user-062,validation
12278,synthetic-user-062,validation
12279,synthetic-user-062,validation
12280,synthetic-user-062,validation
12281,synthetic-user-062,validation
12282,synthetic-user-062,validation
12283,synthetic-user-062,validation
12284,synthetic-user-062,validation
12285,synthetic-user-062,validation
12286,synthetic-user-062,validation
12287,synthetic-user-062,validation
12288,synthetic-user-062,validation
12289,synthetic-user-062,validation
12290,synthetic-user-062,validation
12291,synthetic-user-062,validation
12292,synthetic-user-062,validation
12293,synthetic-user-062,validation
12294,synthetic-user-062,validation
12295,synthetic-user-062,validation
12296,synthetic-user-062,validation
12297,synthetic-user-062,validation
12298,synthetic-user-062,validation
12299,synthetic-user-062,validation
12300,synthetic-user-062,validation
12301,synthetic-user-062,validation
12302,synthetic-user-062,validation
12303,synthetic-user-062,validation
12304,synthetic-user-062,validation
12305,synthetic-user-062,validation
12306,synthetic-user-062,validation
12307,synthetic-user-062,validation
12308,synthetic-user-062,validation
12309,synthetic-user-062,validation
12310,synthetic-user-062,validation
12311,synthetic-user-062,validation
12312,synthetic-user-062,validation
12313,synthetic-user-062,validation
12314,synthetic-user-062,validation
12315,synthetic-user-062,validation
12316,synthetic-user-062,validation
12317,synthetic-user-062,validation
12318,synthetic-user-062,validation
12319,synthetic-user-062,validation
12320,synthetic-user-062,validation
12321,synthetic-user-062,validation
12322,synthetic-user-062,validation
12323,synthetic-user-062,validation
12324,synthetic-user-062,validation
12325,synthetic-user-062,validation
12326,synthetic-user-062,validation
12327,synthetic-user-062,validation
12328,synthetic-user-062,validation
12329,synthetic-user-062,validation
12330,synthetic-user-062,validation
12331,synthetic-user-062,validation
12332,synthetic-user-062,validation
12333,synthetic-user-062,validation
12334,synthetic-user-062,validation
12335,synthetic-user-062,validation
12336,synthetic-user-062,validation
12337,synthetic-user-062,validation
12338,synthetic-user-062,validation
12339,synthetic-user-062,validation
12340,synthetic-user-062,validation
12341,synthetic-user-062,validation
12342,synthetic-user-062,validation
12343,synthetic-user-062,validation
12344,synthetic-user-062,validation
12345,synthetic-user-062,validation
12346,synthetic-user-062,validation
12347,synthetic-user-062,validation
12348,synthetic-user-062,validation
12349,synthetic-user-062,validation
12350,synthetic-user-062,validation
12351,synthetic-user-062,validation
12352,synthetic-user-062,validation
12353,synthetic-user-062,validation
12354,synthetic-user-062,validation
12355,synthetic-user-062,validation
12356,synthetic-user-062,validation
12357,synthetic-user-062,validation
12358,synthetic-user-062,validation
12359,synthetic-user-062,validation
12360,synthetic-user-062,validation
12361,synthetic-user-062,validation
12362,synthetic-user-062,validation
12363,synthetic-user-062,validation
12364,synthetic-user-062,validation
12365,synthetic-user-062,validation
12366,synthetic-user-062,validation
12367,synthetic-user-062,validation
12368,synthetic-user-062,validation
12369,synthetic-user-062,validation
12370,synthetic-user-062,validation
12371,synthetic-user-062,validation
12372,synthetic-user-062,validation
12373,synthetic-user-062,validation
12374,synthetic-user-062,validation
12375,synthetic-user-062,validation
12376,synthetic-user-062,validation
12377,synthetic-user-062,validation
12378,synthetic-user-062,validation
12379,synthetic-user-062,validation
12380,synthetic-user-062,validation
12381,synthetic-user-062,validation
12382,synthetic-user-062,validation
12383,synthetic-user-062,validation
12384,synthetic-user-062,validation
12385,synthetic-user-062,validation
12386,synthetic-user-062,validation
12387,synthetic-user-062,validation
12388,synthetic-user-062,validation
12389,synthetic-user-062,validation
12390,synthetic-user-062,validation
12391,synthetic-user-062,validation
12392,synthetic-user-062,validation
12393,synthetic-user-062,validation
12394,synthetic-user-062,validation
12395,synthetic-user-062,validation
12396,synthetic-user-062,validation
12397,synthetic-user-062,validation
12398,synthetic-user-062,validation
12399,synthetic-user-062,validation
12400,synthetic-user-062,validation
12401,synthetic-user-063,train
12402,synthetic-user-063,train
12403,synthetic-user-063,train
12404,synthetic-user-063,train
12405,synthetic-user-063,train
12406,synthetic-user-063,train
12407,synthetic-user-063,train
12408,synthetic-user-063,train
12409,synthetic-user-063,train
12410,synthetic-user-063,train
12411,synthetic-user-063,train
12412,synthetic-user-063,train
12413,synthetic-user-063,train
12414,synthetic-user-063,train
12415,synthetic-user-063,train
12416,synthetic-user-063,train
12417,synthetic-user-063,train
12418,synthetic-user-063,train
12419,synthetic-user-063,train
12420,synthetic-user-063,train
12421,synthetic-user-063,train
12422,synthetic-user-063,train
12423,synthetic-user-063,train
12424,synthetic-user-063,train
12425,synthetic-user-063,train
12426,synthetic-user-063,train
12427,synthetic-user-063,train
12428,synthetic-user-063,train
12429,synthetic-user-063,train
12430,synthetic-user-063,train
12431,synthetic-user-063,train
12432,synthetic-user-063,train
12433,synthetic-user-063,train
12434,synthetic-user-063,train
12435,synthetic-user-063,train
12436,synthetic-user-063,train
12437,synthetic-user-063,train
12438,synthetic-user-063,train
12439,synthetic-user-063,train
12440,synthetic-user-063,train
12441,synthetic-user-063,train
12442,synthetic-user-063,train
12443,synthetic-user-063,train
12444,synthetic-user-063,train
12445,synthetic-user-063,train
12446,synthetic-user-063,train
12447,synthetic-user-063,train
12448,synthetic-user-063,train
12449,synthetic-user-063,train
12450,synthetic-user-063,train
12451,synthetic-user-063,train
12452,synthetic-user-063,train
12453,synthetic-user-063,train
12454,synthetic-user-063,train
12455,synthetic-user-063,train
12456,synthetic-user-063,train
12457,synthetic-user-063,train
12458,synthetic-user-063,train
12459,synthetic-user-063,train
12460,synthetic-user-063,train
12461,synthetic-user-063,train
12462,synthetic-user-063,train
12463,synthetic-user-063,train
12464,synthetic-user-063,train
12465,synthetic-user-063,train
12466,synthetic-user-063,train
12467,synthetic-user-063,train
12468,synthetic-user-063,train
12469,synthetic-user-063,train
12470,synthetic-user-063,train
12471,synthetic-user-063,train
12472,synthetic-user-063,train
12473,synthetic-user-063,train
12474,synthetic-user-063,train
12475,synthetic-user-063,train
12476,synthetic-user-063,train
12477,synthetic-user-063,train
12478,synthetic-user-063,train
12479,synthetic-user-063,train
12480,synthetic-user-063,train
12481,synthetic-user-063,train
12482,synthetic-user-063,train
12483,synthetic-user-063,train
12484,synthetic-user-063,train
12485,synthetic-user-063,train
12486,synthetic-user-063,train
12487,synthetic-user-063,train
12488,synthetic-user-063,train
12489,synthetic-user-063,train
12490,synthetic-user-063,train
12491,synthetic-user-063,train
12492,synthetic-user-063,train
12493,synthetic-user-063,train
12494,synthetic-user-063,train
12495,synthetic-user-063,train
12496,synthetic-user-063,train
12497,synthetic-user-063,train
12498,synthetic-user-063,train
12499,synthetic-user-063,train
12500,synthetic-user-063,train
12501,synthetic-user-063,train
12502,synthetic-user-063,train
12503,synthetic-user-063,train
12504,synthetic-user-063,train
12505,synthetic-user-063,train
12506,synthetic-user-063,train
12507,synthetic-user-063,train
12508,synthetic-user-063,train
12509,synthetic-user-063,train
12510,synthetic-user-063,train
12511,synthetic-user-063,train
12512,synthetic-user-063,train
12513,synthetic-user-063,train
12514,synthetic-user-063,train
12515,synthetic-user-063,train
12516,synthetic-user-063,train
12517,synthetic-user-063,train
12518,synthetic-user-063,train
12519,synthetic-user-063,train
12520,synthetic-user-063,train
12521,synthetic-user-063,train
12522,synthetic-user-063,train
12523,synthetic-user-063,train
12524,synthetic-user-063,train
12525,synthetic-user-063,train
12526,synthetic-user-063,train
12527,synthetic-user-063,train
12528,synthetic-user-063,train
12529,synthetic-user-063,train
12530,synthetic-user-063,train
12531,synthetic-user-063,train
12532,synthetic-user-063,train
12533,synthetic-user-063,train
12534,synthetic-user-063,train
12535,synthetic-user-063,train
12536,synthetic-user-063,train
12537,synthetic-user-063,train
12538,synthetic-user-063,train
12539,synthetic-user-063,train
12540,synthetic-user-063,train
12541,synthetic-user-063,train
12542,synthetic-user-063,train
12543,synthetic-user-063,train
12544,synthetic-user-063,train
12545,synthetic-user-063,train
12546,synthetic-user-063,train
12547,synthetic-user-063,train
12548,synthetic-user-063,train
12549,synthetic-user-063,train
12550,synthetic-user-063,train
12551,synthetic-user-063,train
12552,synthetic-user-063,train
12553,synthetic-user-063,train
12554,synthetic-user-063,train
12555,synthetic-user-063,train
12556,synthetic-user-063,train
12557,synthetic-user-063,train
12558,synthetic-user-063,train
12559,synthetic-user-063,train
12560,synthetic-user-063,train
12561,synthetic-user-063,train
12562,synthetic-user-063,train
12563,synthetic-user-063,train
12564,synthetic-user-063,train
12565,synthetic-user-063,train
12566,synthetic-user-063,train
12567,synthetic-user-063,train
12568,synthetic-user-063,train
12569,synthetic-user-063,train
12570,synthetic-user-063,train
12571,synthetic-user-063,train
12572,synthetic-user-063,train
12573,synthetic-user-063,train
12574,synthetic-user-063,train
12575,synthetic-user-063,train
12576,synthetic-user-063,train
12577,synthetic-user-063,train
12578,synthetic-user-063,train
12579,synthetic-user-063,train
12580,synthetic-user-063,train
12581,synthetic-user-063,train
12582,synthetic-user-063,train
12583,synthetic-user-063,train
12584,synthetic-user-063,train
12585,synthetic-user-063,train
12586,synthetic-user-063,train
12587,synthetic-user-063,train
12588,synthetic-user-063,train
12589,synthetic-user-063,train
12590,synthetic-user-063,train
12591,synthetic-user-063,train
12592,synthetic-user-063,train
12593,synthetic-user-063,train
12594,synthetic-user-063,train
12595,synthetic-user-063,train
12596,synthetic-user-063,train
12597,synthetic-user-063,train
12598,synthetic-user-063,train
12599,synthetic-user-063,train
12600,synthetic-user-063,train
12601,synthetic-user-064,train
12602,synthetic-user-064,train
12603,synthetic-user-064,train
12604,synthetic-user-064,train
12605,synthetic-user-064,train
12606,synthetic-user-064,train
12607,synthetic-user-064,train
12608,synthetic-user-064,train
12609,synthetic-user-064,train
12610,synthetic-user-064,train
12611,synthetic-user-064,train
12612,synthetic-user-064,train
12613,synthetic-user-064,train
12614,synthetic-user-064,train
12615,synthetic-user-064,train
12616,synthetic-user-064,train
12617,synthetic-user-064,train
12618,synthetic-user-064,train
12619,synthetic-user-064,train
12620,synthetic-user-064,train
12621,synthetic-user-064,train
12622,synthetic-user-064,train
12623,synthetic-user-064,train
12624,synthetic-user-064,train
12625,synthetic-user-064,train
12626,synthetic-user-064,train
12627,synthetic-user-064,train
12628,synthetic-user-064,train
12629,synthetic-user-064,train
12630,synthetic-user-064,train
12631,synthetic-user-064,train
12632,synthetic-user-064,train
12633,synthetic-user-064,train
12634,synthetic-user-064,train
12635,synthetic-user-064,train
12636,synthetic-user-064,train
12637,synthetic-user-064,train
12638,synthetic-user-064,train
12639,synthetic-user-064,train
12640,synthetic-user-064,train
12641,synthetic-user-064,train
12642,synthetic-user-064,train
12643,synthetic-user-064,train
12644,synthetic-user-064,train
12645,synthetic-user-064,train
12646,synthetic-user-064,train
12647,synthetic-user-064,train
12648,synthetic-user-064,train
12649,synthetic-user-064,train
12650,synthetic-user-064,train
12651,synthetic-user-064,train
12652,synthetic-user-064,train
12653,synthetic-user-064,train
12654,synthetic-user-064,train
12655,synthetic-user-064,train
12656,synthetic-user-064,train
12657,synthetic-user-064,train
12658,synthetic-user-064,train
12659,synthetic-user-064,train
12660,synthetic-user-064,train
12661,synthetic-user-064,train
12662,synthetic-user-064,train
12663,synthetic-user-064,train
12664,synthetic-user-064,train
12665,synthetic-user-064,train
12666,synthetic-user-064,train
12667,synthetic-user-064,train
12668,synthetic-user-064,train
12669,synthetic-user-064,train
12670,synthetic-user-064,train
12671,synthetic-user-064,train
12672,synthetic-user-064,train
12673,synthetic-user-064,train
12674,synthetic-user-064,train
12675,synthetic-user-064,train
12676,synthetic-user-064,train
12677,synthetic-user-064,train
12678,synthetic-user-064,train
12679,synthetic-user-064,train
12680,synthetic-user-064,train
12681,synthetic-user-064,train
12682,synthetic-user-064,train
12683,synthetic-user-064,train
12684,synthetic-user-064,train
12685,synthetic-user-064,train
12686,synthetic-user-064,train
12687,synthetic-user-064,train
12688,synthetic-user-064,train
12689,synthetic-user-064,train
12690,synthetic-user-064,train
12691,synthetic-user-064,train
12692,synthetic-user-064,train
12693,synthetic-user-064,train
12694,synthetic-user-064,train
12695,synthetic-user-064,train
12696,synthetic-user-064,train
12697,synthetic-user-064,train
12698,synthetic-user-064,train
12699,synthetic-user-064,train
12700,synthetic-user-064,train
12701,synthetic-user-064,train
12702,synthetic-user-064,train
12703,synthetic-user-064,train
12704,synthetic-user-064,train
12705,synthetic-user-064,train
12706,synthetic-user-064,train
12707,synthetic-user-064,train
12708,synthetic-user-064,train
12709,synthetic-user-064,train
12710,synthetic-user-064,train
12711,synthetic-user-064,train
12712,synthetic-user-064,train
12713,synthetic-user-064,train
12714,synthetic-user-064,train
12715,synthetic-user-064,train
12716,synthetic-user-064,train
12717,synthetic-user-064,train
12718,synthetic-user-064,train
12719,synthetic-user-064,train
12720,synthetic-user-064,train
12721,synthetic-user-064,train
12722,synthetic-user-064,train
12723,synthetic-user-064,train
12724,synthetic-user-064,train
12725,synthetic-user-064,train
12726,synthetic-user-064,train
12727,synthetic-user-064,train
12728,synthetic-user-064,train
12729,synthetic-user-064,train
12730,synthetic-user-064,train
12731,synthetic-user-064,train
12732,synthetic-user-064,train
12733,synthetic-user-064,train
12734,synthetic-user-064,train
12735,synthetic-user-064,train
12736,synthetic-user-064,train
12737,synthetic-user-064,train
12738,synthetic-user-064,train
12739,synthetic-user-064,train
12740,synthetic-user-064,train
12741,synthetic-user-064,train
12742,synthetic-user-064,train
12743,synthetic-user-064,train
12744,synthetic-user-064,train
12745,synthetic-user-064,train
12746,synthetic-user-064,train
12747,synthetic-user-064,train
12748,synthetic-user-064,train
12749,synthetic-user-064,train
12750,synthetic-user-064,train
12751,synthetic-user-064,train
12752,synthetic-user-064,train
12753,synthetic-user-064,train
12754,synthetic-user-064,train
12755,synthetic-user-064,train
12756,synthetic-user-064,train
12757,synthetic-user-064,train
12758,synthetic-user-064,train
12759,synthetic-user-064,train
12760,synthetic-user-064,train
12761,synthetic-user-064,train
12762,synthetic-user-064,train
12763,synthetic-user-064,train
12764,synthetic-user-064,train
12765,synthetic-user-064,train
12766,synthetic-user-064,train
12767,synthetic-user-064,train
12768,synthetic-user-064,train
12769,synthetic-user-064,train
12770,synthetic-user-064,train
12771,synthetic-user-064,train
12772,synthetic-user-064,train
12773,synthetic-user-064,train
12774,synthetic-user-064,train
12775,synthetic-user-064,train
12776,synthetic-user-064,train
12777,synthetic-user-064,train
12778,synthetic-user-064,train
12779,synthetic-user-064,train
12780,synthetic-user-064,train
12781,synthetic-user-064,train
12782,synthetic-user-064,train
12783,synthetic-user-064,train
12784,synthetic-user-064,train
12785,synthetic-user-064,train
12786,synthetic-user-064,train
12787,synthetic-user-064,train
12788,synthetic-user-064,train
12789,synthetic-user-064,train
12790,synthetic-user-064,train
12791,synthetic-user-064,train
12792,synthetic-user-064,train
12793,synthetic-user-064,train
12794,synthetic-user-064,train
12795,synthetic-user-064,train
12796,synthetic-user-064,train
12797,synthetic-user-064,train
12798,synthetic-user-064,train
12799,synthetic-user-064,train
12800,synthetic-user-064,train
12801,synthetic-user-065,train
12802,synthetic-user-065,train
12803,synthetic-user-065,train
12804,synthetic-user-065,train
12805,synthetic-user-065,train
12806,synthetic-user-065,train
12807,synthetic-user-065,train
12808,synthetic-user-065,train
12809,synthetic-user-065,train
12810,synthetic-user-065,train
12811,synthetic-user-065,train
12812,synthetic-user-065,train
12813,synthetic-user-065,train
12814,synthetic-user-065,train
12815,synthetic-user-065,train
12816,synthetic-user-065,train
12817,synthetic-user-065,train
12818,synthetic-user-065,train
12819,synthetic-user-065,train
12820,synthetic-user-065,train
12821,synthetic-user-065,train
12822,synthetic-user-065,train
12823,synthetic-user-065,train
12824,synthetic-user-065,train
12825,synthetic-user-065,train
12826,synthetic-user-065,train
12827,synthetic-user-065,train
12828,synthetic-user-065,train
12829,synthetic-user-065,train
12830,synthetic-user-065,train
12831,synthetic-user-065,train
12832,synthetic-user-065,train
12833,synthetic-user-065,train
12834,synthetic-user-065,train
12835,synthetic-user-065,train
12836,synthetic-user-065,train
12837,synthetic-user-065,train
12838,synthetic-user-065,train
12839,synthetic-user-065,train
12840,synthetic-user-065,train
12841,synthetic-user-065,train
12842,synthetic-user-065,train
12843,synthetic-user-065,train
12844,synthetic-user-065,train
12845,synthetic-user-065,train
12846,synthetic-user-065,train
12847,synthetic-user-065,train
12848,synthetic-user-065,train
12849,synthetic-user-065,train
12850,synthetic-user-065,train
12851,synthetic-user-065,train
12852,synthetic-user-065,train
12853,synthetic-user-065,train
12854,synthetic-user-065,train
12855,synthetic-user-065,train
12856,synthetic-user-065,train
12857,synthetic-user-065,train
12858,synthetic-user-065,train
12859,synthetic-user-065,train
12860,synthetic-user-065,train
12861,synthetic-user-065,train
12862,synthetic-user-065,train
12863,synthetic-user-065,train
12864,synthetic-user-065,train
12865,synthetic-user-065,train
12866,synthetic-user-065,train
12867,synthetic-user-065,train
12868,synthetic-user-065,train
12869,synthetic-user-065,train
12870,synthetic-user-065,train
12871,synthetic-user-065,train
12872,synthetic-user-065,train
12873,synthetic-user-065,train
12874,synthetic-user-065,train
12875,synthetic-user-065,train
12876,synthetic-user-065,train
12877,synthetic-user-065,train
12878,synthetic-user-065,train
12879,synthetic-user-065,train
12880,synthetic-user-065,train
12881,synthetic-user-065,train
12882,synthetic-user-065,train
12883,synthetic-user-065,train
12884,synthetic-user-065,train
12885,synthetic-user-065,train
12886,synthetic-user-065,train
12887,synthetic-user-065,train
12888,synthetic-user-065,train
12889,synthetic-user-065,train
12890,synthetic-user-065,train
12891,synthetic-user-065,train
12892,synthetic-user-065,train
12893,synthetic-user-065,train
12894,synthetic-user-065,train
12895,synthetic-user-065,train
12896,synthetic-user-065,train
12897,synthetic-user-065,train
12898,synthetic-user-065,train
12899,synthetic-user-065,train
12900,synthetic-user-065,train
12901,synthetic-user-065,train
12902,synthetic-user-065,train
12903,synthetic-user-065,train
12904,synthetic-user-065,train
12905,synthetic-user-065,train
12906,synthetic-user-065,train
12907,synthetic-user-065,train
12908,synthetic-user-065,train
12909,synthetic-user-065,train
12910,synthetic-user-065,train
12911,synthetic-user-065,train
12912,synthetic-user-065,train
12913,synthetic-user-065,train
12914,synthetic-user-065,train
12915,synthetic-user-065,train
12916,synthetic-user-065,train
12917,synthetic-user-065,train
12918,synthetic-user-065,train
12919,synthetic-user-065,train
12920,synthetic-user-065,train
12921,synthetic-user-065,train
12922,synthetic-user-065,train
12923,synthetic-user-065,train
12924,synthetic-user-065,train
12925,synthetic-user-065,train
12926,synthetic-user-065,train
12927,synthetic-user-065,train
12928,synthetic-user-065,train
12929,synthetic-user-065,train
12930,synthetic-user-065,train
12931,synthetic-user-065,train
12932,synthetic-user-065,train
12933,synthetic-user-065,train
12934,synthetic-user-065,train
12935,synthetic-user-065,train
12936,synthetic-user-065,train
12937,synthetic-user-065,train
12938,synthetic-user-065,train
12939,synthetic-user-065,train
12940,synthetic-user-065,train
12941,synthetic-user-065,train
12942,synthetic-user-065,train
12943,synthetic-user-065,train
12944,synthetic-user-065,train
12945,synthetic-user-065,train
12946,synthetic-user-065,train
12947,synthetic-user-065,train
12948,synthetic-user-065,train
12949,synthetic-user-065,train
12950,synthetic-user-065,train
12951,synthetic-user-065,train
12952,synthetic-user-065,train
12953,synthetic-user-065,train
12954,synthetic-user-065,train
12955,synthetic-user-065,train
12956,synthetic-user-065,train
12957,synthetic-user-065,train
12958,synthetic-user-065,train
12959,synthetic-user-065,train
12960,synthetic-user-065,train
12961,synthetic-user-065,train
12962,synthetic-user-065,train
12963,synthetic-user-065,train
12964,synthetic-user-065,train
12965,synthetic-user-065,train
12966,synthetic-user-065,train
12967,synthetic-user-065,train
12968,synthetic-user-065,train
12969,synthetic-user-065,train
12970,synthetic-user-065,train
12971,synthetic-user-065,train
12972,synthetic-user-065,train
12973,synthetic-user-065,train
12974,synthetic-user-065,train
12975,synthetic-user-065,train
12976,synthetic-user-065,train
12977,synthetic-user-065,train
12978,synthetic-user-065,train
12979,synthetic-user-065,train
12980,synthetic-user-065,train
12981,synthetic-user-065,train
12982,synthetic-user-065,train
12983,synthetic-user-065,train
12984,synthetic-user-065,train
12985,synthetic-user-065,train
12986,synthetic-user-065,train
12987,synthetic-user-065,train
12988,synthetic-user-065,train
12989,synthetic-user-065,train
12990,synthetic-user-065,train
12991,synthetic-user-065,train
12992,synthetic-user-065,train
12993,synthetic-user-065,train
12994,synthetic-user-065,train
12995,synthetic-user-065,train
12996,synthetic-user-065,train
12997,synthetic-user-065,train
12998,synthetic-user-065,train
12999,synthetic-user-065,train
13000,synthetic-user-065,train
13001,synthetic-user-066,test
13002,synthetic-user-066,test
13003,synthetic-user-066,test
13004,synthetic-user-066,test
13005,synthetic-user-066,test
13006,synthetic-user-066,test
13007,synthetic-user-066,test
13008,synthetic-user-066,test
13009,synthetic-user-066,test
13010,synthetic-user-066,test
13011,synthetic-user-066,test
13012,synthetic-user-066,test
13013,synthetic-user-066,test
13014,synthetic-user-066,test
13015,synthetic-user-066,test
13016,synthetic-user-066,test
13017,synthetic-user-066,test
13018,synthetic-user-066,test
13019,synthetic-user-066,test
13020,synthetic-user-066,test
13021,synthetic-user-066,test
13022,synthetic-user-066,test
13023,synthetic-user-066,test
13024,synthetic-user-066,test
13025,synthetic-user-066,test
13026,synthetic-user-066,test
13027,synthetic-user-066,test
13028,synthetic-user-066,test
13029,synthetic-user-066,test
13030,synthetic-user-066,test
13031,synthetic-user-066,test
13032,synthetic-user-066,test
13033,synthetic-user-066,test
13034,synthetic-user-066,test
13035,synthetic-user-066,test
13036,synthetic-user-066,test
13037,synthetic-user-066,test
13038,synthetic-user-066,test
13039,synthetic-user-066,test
13040,synthetic-user-066,test
13041,synthetic-user-066,test
13042,synthetic-user-066,test
13043,synthetic-user-066,test
13044,synthetic-user-066,test
13045,synthetic-user-066,test
13046,synthetic-user-066,test
13047,synthetic-user-066,test
13048,synthetic-user-066,test
13049,synthetic-user-066,test
13050,synthetic-user-066,test
13051,synthetic-user-066,test
13052,synthetic-user-066,test
13053,synthetic-user-066,test
13054,synthetic-user-066,test
13055,synthetic-user-066,test
13056,synthetic-user-066,test
13057,synthetic-user-066,test
13058,synthetic-user-066,test
13059,synthetic-user-066,test
13060,synthetic-user-066,test
13061,synthetic-user-066,test
13062,synthetic-user-066,test
13063,synthetic-user-066,test
13064,synthetic-user-066,test
13065,synthetic-user-066,test
13066,synthetic-user-066,test
13067,synthetic-user-066,test
13068,synthetic-user-066,test
13069,synthetic-user-066,test
13070,synthetic-user-066,test
13071,synthetic-user-066,test
13072,synthetic-user-066,test
13073,synthetic-user-066,test
13074,synthetic-user-066,test
13075,synthetic-user-066,test
13076,synthetic-user-066,test
13077,synthetic-user-066,test
13078,synthetic-user-066,test
13079,synthetic-user-066,test
13080,synthetic-user-066,test
13081,synthetic-user-066,test
13082,synthetic-user-066,test
13083,synthetic-user-066,test
13084,synthetic-user-066,test
13085,synthetic-user-066,test
13086,synthetic-user-066,test
13087,synthetic-user-066,test
13088,synthetic-user-066,test
13089,synthetic-user-066,test
13090,synthetic-user-066,test
13091,synthetic-user-066,test
13092,synthetic-user-066,test
13093,synthetic-user-066,test
13094,synthetic-user-066,test
13095,synthetic-user-066,test
13096,synthetic-user-066,test
13097,synthetic-user-066,test
13098,synthetic-user-066,test
13099,synthetic-user-066,test
13100,synthetic-user-066,test
13101,synthetic-user-066,test
13102,synthetic-user-066,test
13103,synthetic-user-066,test
13104,synthetic-user-066,test
13105,synthetic-user-066,test
13106,synthetic-user-066,test
13107,synthetic-user-066,test
13108,synthetic-user-066,test
13109,synthetic-user-066,test
13110,synthetic-user-066,test
13111,synthetic-user-066,test
13112,synthetic-user-066,test
13113,synthetic-user-066,test
13114,synthetic-user-066,test
13115,synthetic-user-066,test
13116,synthetic-user-066,test
13117,synthetic-user-066,test
13118,synthetic-user-066,test
13119,synthetic-user-066,test
13120,synthetic-user-066,test
13121,synthetic-user-066,test
13122,synthetic-user-066,test
13123,synthetic-user-066,test
13124,synthetic-user-066,test
13125,synthetic-user-066,test
13126,synthetic-user-066,test
13127,synthetic-user-066,test
13128,synthetic-user-066,test
13129,synthetic-user-066,test
13130,synthetic-user-066,test
13131,synthetic-user-066,test
13132,synthetic-user-066,test
13133,synthetic-user-066,test
13134,synthetic-user-066,test
13135,synthetic-user-066,test
13136,synthetic-user-066,test
13137,synthetic-user-066,test
13138,synthetic-user-066,test
13139,synthetic-user-066,test
13140,synthetic-user-066,test
13141,synthetic-user-066,test
13142,synthetic-user-066,test
13143,synthetic-user-066,test
13144,synthetic-user-066,test
13145,synthetic-user-066,test
13146,synthetic-user-066,test
13147,synthetic-user-066,test
13148,synthetic-user-066,test
13149,synthetic-user-066,test
13150,synthetic-user-066,test
13151,synthetic-user-066,test
13152,synthetic-user-066,test
13153,synthetic-user-066,test
13154,synthetic-user-066,test
13155,synthetic-user-066,test
13156,synthetic-user-066,test
13157,synthetic-user-066,test
13158,synthetic-user-066,test
13159,synthetic-user-066,test
13160,synthetic-user-066,test
13161,synthetic-user-066,test
13162,synthetic-user-066,test
13163,synthetic-user-066,test
13164,synthetic-user-066,test
13165,synthetic-user-066,test
13166,synthetic-user-066,test
13167,synthetic-user-066,test
13168,synthetic-user-066,test
13169,synthetic-user-066,test
13170,synthetic-user-066,test
13171,synthetic-user-066,test
13172,synthetic-user-066,test
13173,synthetic-user-066,test
13174,synthetic-user-066,test
13175,synthetic-user-066,test
13176,synthetic-user-066,test
13177,synthetic-user-066,test
13178,synthetic-user-066,test
13179,synthetic-user-066,test
13180,synthetic-user-066,test
13181,synthetic-user-066,test
13182,synthetic-user-066,test
13183,synthetic-user-066,test
13184,synthetic-user-066,test
13185,synthetic-user-066,test
13186,synthetic-user-066,test
13187,synthetic-user-066,test
13188,synthetic-user-066,test
13189,synthetic-user-066,test
13190,synthetic-user-066,test
13191,synthetic-user-066,test
13192,synthetic-user-066,test
13193,synthetic-user-066,test
13194,synthetic-user-066,test
13195,synthetic-user-066,test
13196,synthetic-user-066,test
13197,synthetic-user-066,test
13198,synthetic-user-066,test
13199,synthetic-user-066,test
13200,synthetic-user-066,test
13201,synthetic-user-067,validation
13202,synthetic-user-067,validation
13203,synthetic-user-067,validation
13204,synthetic-user-067,validation
13205,synthetic-user-067,validation
13206,synthetic-user-067,validation
13207,synthetic-user-067,validation
13208,synthetic-user-067,validation
13209,synthetic-user-067,validation
13210,synthetic-user-067,validation
13211,synthetic-user-067,validation
13212,synthetic-user-067,validation
13213,synthetic-user-067,validation
13214,synthetic-user-067,validation
13215,synthetic-user-067,validation
13216,synthetic-user-067,validation
13217,synthetic-user-067,validation
13218,synthetic-user-067,validation
13219,synthetic-user-067,validation
13220,synthetic-user-067,validation
13221,synthetic-user-067,validation
13222,synthetic-user-067,validation
13223,synthetic-user-067,validation
13224,synthetic-user-067,validation
13225,synthetic-user-067,validation
13226,synthetic-user-067,validation
13227,synthetic-user-067,validation
13228,synthetic-user-067,validation
13229,synthetic-user-067,validation
13230,synthetic-user-067,validation
13231,synthetic-user-067,validation
13232,synthetic-user-067,validation
13233,synthetic-user-067,validation
13234,synthetic-user-067,validation
13235,synthetic-user-067,validation
13236,synthetic-user-067,validation
13237,synthetic-user-067,validation
13238,synthetic-user-067,validation
13239,synthetic-user-067,validation
13240,synthetic-user-067,validation
13241,synthetic-user-067,validation
13242,synthetic-user-067,validation
13243,synthetic-user-067,validation
13244,synthetic-user-067,validation
13245,synthetic-user-067,validation
13246,synthetic-user-067,validation
13247,synthetic-user-067,validation
13248,synthetic-user-067,validation
13249,synthetic-user-067,validation
13250,synthetic-user-067,validation
13251,synthetic-user-067,validation
13252,synthetic-user-067,validation
13253,synthetic-user-067,validation
13254,synthetic-user-067,validation
13255,synthetic-user-067,validation
13256,synthetic-user-067,validation
13257,synthetic-user-067,validation
13258,synthetic-user-067,validation
13259,synthetic-user-067,validation
13260,synthetic-user-067,validation
13261,synthetic-user-067,validation
13262,synthetic-user-067,validation
13263,synthetic-user-067,validation
13264,synthetic-user-067,validation
13265,synthetic-user-067,validation
13266,synthetic-user-067,validation
13267,synthetic-user-067,validation
13268,synthetic-user-067,validation
13269,synthetic-user-067,validation
13270,synthetic-user-067,validation
13271,synthetic-user-067,validation
13272,synthetic-user-067,validation
13273,synthetic-user-067,validation
13274,synthetic-user-067,validation
13275,synthetic-user-067,validation
13276,synthetic-user-067,validation
13277,synthetic-user-067,validation
13278,synthetic-user-067,validation
13279,synthetic-user-067,validation
13280,synthetic-user-067,validation
13281,synthetic-user-067,validation
13282,synthetic-user-067,validation
13283,synthetic-user-067,validation
13284,synthetic-user-067,validation
13285,synthetic-user-067,validation
13286,synthetic-user-067,validation
13287,synthetic-user-067,validation
13288,synthetic-user-067,validation
13289,synthetic-user-067,validation
13290,synthetic-user-067,validation
13291,synthetic-user-067,validation
13292,synthetic-user-067,validation
13293,synthetic-user-067,validation
13294,synthetic-user-067,validation
13295,synthetic-user-067,validation
13296,synthetic-user-067,validation
13297,synthetic-user-067,validation
13298,synthetic-user-067,validation
13299,synthetic-user-067,validation
13300,synthetic-user-067,validation
13301,synthetic-user-067,validation
13302,synthetic-user-067,validation
13303,synthetic-user-067,validation
13304,synthetic-user-067,validation
13305,synthetic-user-067,validation
13306,synthetic-user-067,validation
13307,synthetic-user-067,validation
13308,synthetic-user-067,validation
13309,synthetic-user-067,validation
13310,synthetic-user-067,validation
13311,synthetic-user-067,validation
13312,synthetic-user-067,validation
13313,synthetic-user-067,validation
13314,synthetic-user-067,validation
13315,synthetic-user-067,validation
13316,synthetic-user-067,validation
13317,synthetic-user-067,validation
13318,synthetic-user-067,validation
13319,synthetic-user-067,validation
13320,synthetic-user-067,validation
13321,synthetic-user-067,validation
13322,synthetic-user-067,validation
13323,synthetic-user-067,validation
13324,synthetic-user-067,validation
13325,synthetic-user-067,validation
13326,synthetic-user-067,validation
13327,synthetic-user-067,validation
13328,synthetic-user-067,validation
13329,synthetic-user-067,validation
13330,synthetic-user-067,validation
13331,synthetic-user-067,validation
13332,synthetic-user-067,validation
13333,synthetic-user-067,validation
13334,synthetic-user-067,validation
13335,synthetic-user-067,validation
13336,synthetic-user-067,validation
13337,synthetic-user-067,validation
13338,synthetic-user-067,validation
13339,synthetic-user-067,validation
13340,synthetic-user-067,validation
13341,synthetic-user-067,validation
13342,synthetic-user-067,validation
13343,synthetic-user-067,validation
13344,synthetic-user-067,validation
13345,synthetic-user-067,validation
13346,synthetic-user-067,validation
13347,synthetic-user-067,validation
13348,synthetic-user-067,validation
13349,synthetic-user-067,validation
13350,synthetic-user-067,validation
13351,synthetic-user-067,validation
13352,synthetic-user-067,validation
13353,synthetic-user-067,validation
13354,synthetic-user-067,validation
13355,synthetic-user-067,validation
13356,synthetic-user-067,validation
13357,synthetic-user-067,validation
13358,synthetic-user-067,validation
13359,synthetic-user-067,validation
13360,synthetic-user-067,validation
13361,synthetic-user-067,validation
13362,synthetic-user-067,validation
13363,synthetic-user-067,validation
13364,synthetic-user-067,validation
13365,synthetic-user-067,validation
13366,synthetic-user-067,validation
13367,synthetic-user-067,validation
13368,synthetic-user-067,validation
13369,synthetic-user-067,validation
13370,synthetic-user-067,validation
13371,synthetic-user-067,validation
13372,synthetic-user-067,validation
13373,synthetic-user-067,validation
13374,synthetic-user-067,validation
13375,synthetic-user-067,validation
13376,synthetic-user-067,validation
13377,synthetic-user-067,validation
13378,synthetic-user-067,validation
13379,synthetic-user-067,validation
13380,synthetic-user-067,validation
13381,synthetic-user-067,validation
13382,synthetic-user-067,validation
13383,synthetic-user-067,validation
13384,synthetic-user-067,validation
13385,synthetic-user-067,validation
13386,synthetic-user-067,validation
13387,synthetic-user-067,validation
13388,synthetic-user-067,validation
13389,synthetic-user-067,validation
13390,synthetic-user-067,validation
13391,synthetic-user-067,validation
13392,synthetic-user-067,validation
13393,synthetic-user-067,validation
13394,synthetic-user-067,validation
13395,synthetic-user-067,validation
13396,synthetic-user-067,validation
13397,synthetic-user-067,validation
13398,synthetic-user-067,validation
13399,synthetic-user-067,validation
13400,synthetic-user-067,validation
13401,synthetic-user-068,train
13402,synthetic-user-068,train
13403,synthetic-user-068,train
13404,synthetic-user-068,train
13405,synthetic-user-068,train
13406,synthetic-user-068,train
13407,synthetic-user-068,train
13408,synthetic-user-068,train
13409,synthetic-user-068,train
13410,synthetic-user-068,train
13411,synthetic-user-068,train
13412,synthetic-user-068,train
13413,synthetic-user-068,train
13414,synthetic-user-068,train
13415,synthetic-user-068,train
13416,synthetic-user-068,train
13417,synthetic-user-068,train
13418,synthetic-user-068,train
13419,synthetic-user-068,train
13420,synthetic-user-068,train
13421,synthetic-user-068,train
13422,synthetic-user-068,train
13423,synthetic-user-068,train
13424,synthetic-user-068,train
13425,synthetic-user-068,train
13426,synthetic-user-068,train
13427,synthetic-user-068,train
13428,synthetic-user-068,train
13429,synthetic-user-068,train
13430,synthetic-user-068,train
13431,synthetic-user-068,train
13432,synthetic-user-068,train
13433,synthetic-user-068,train
13434,synthetic-user-068,train
13435,synthetic-user-068,train
13436,synthetic-user-068,train
13437,synthetic-user-068,train
13438,synthetic-user-068,train
13439,synthetic-user-068,train
13440,synthetic-user-068,train
13441,synthetic-user-068,train
13442,synthetic-user-068,train
13443,synthetic-user-068,train
13444,synthetic-user-068,train
13445,synthetic-user-068,train
13446,synthetic-user-068,train
13447,synthetic-user-068,train
13448,synthetic-user-068,train
13449,synthetic-user-068,train
13450,synthetic-user-068,train
13451,synthetic-user-068,train
13452,synthetic-user-068,train
13453,synthetic-user-068,train
13454,synthetic-user-068,train
13455,synthetic-user-068,train
13456,synthetic-user-068,train
13457,synthetic-user-068,train
13458,synthetic-user-068,train
13459,synthetic-user-068,train
13460,synthetic-user-068,train
13461,synthetic-user-068,train
13462,synthetic-user-068,train
13463,synthetic-user-068,train
13464,synthetic-user-068,train
13465,synthetic-user-068,train
13466,synthetic-user-068,train
13467,synthetic-user-068,train
13468,synthetic-user-068,train
13469,synthetic-user-068,train
13470,synthetic-user-068,train
13471,synthetic-user-068,train
13472,synthetic-user-068,train
13473,synthetic-user-068,train
13474,synthetic-user-068,train
13475,synthetic-user-068,train
13476,synthetic-user-068,train
13477,synthetic-user-068,train
13478,synthetic-user-068,train
13479,synthetic-user-068,train
13480,synthetic-user-068,train
13481,synthetic-user-068,train
13482,synthetic-user-068,train
13483,synthetic-user-068,train
13484,synthetic-user-068,train
13485,synthetic-user-068,train
13486,synthetic-user-068,train
13487,synthetic-user-068,train
13488,synthetic-user-068,train
13489,synthetic-user-068,train
13490,synthetic-user-068,train
13491,synthetic-user-068,train
13492,synthetic-user-068,train
13493,synthetic-user-068,train
13494,synthetic-user-068,train
13495,synthetic-user-068,train
13496,synthetic-user-068,train
13497,synthetic-user-068,train
13498,synthetic-user-068,train
13499,synthetic-user-068,train
13500,synthetic-user-068,train
13501,synthetic-user-068,train
13502,synthetic-user-068,train
13503,synthetic-user-068,train
13504,synthetic-user-068,train
13505,synthetic-user-068,train
13506,synthetic-user-068,train
13507,synthetic-user-068,train
13508,synthetic-user-068,train
13509,synthetic-user-068,train
13510,synthetic-user-068,train
13511,synthetic-user-068,train
13512,synthetic-user-068,train
13513,synthetic-user-068,train
13514,synthetic-user-068,train
13515,synthetic-user-068,train
13516,synthetic-user-068,train
13517,synthetic-user-068,train
13518,synthetic-user-068,train
13519,synthetic-user-068,train
13520,synthetic-user-068,train
13521,synthetic-user-068,train
13522,synthetic-user-068,train
13523,synthetic-user-068,train
13524,synthetic-user-068,train
13525,synthetic-user-068,train
13526,synthetic-user-068,train
13527,synthetic-user-068,train
13528,synthetic-user-068,train
13529,synthetic-user-068,train
13530,synthetic-user-068,train
13531,synthetic-user-068,train
13532,synthetic-user-068,train
13533,synthetic-user-068,train
13534,synthetic-user-068,train
13535,synthetic-user-068,train
13536,synthetic-user-068,train
13537,synthetic-user-068,train
13538,synthetic-user-068,train
13539,synthetic-user-068,train
13540,synthetic-user-068,train
13541,synthetic-user-068,train
13542,synthetic-user-068,train
13543,synthetic-user-068,train
13544,synthetic-user-068,train
13545,synthetic-user-068,train
13546,synthetic-user-068,train
13547,synthetic-user-068,train
13548,synthetic-user-068,train
13549,synthetic-user-068,train
13550,synthetic-user-068,train
13551,synthetic-user-068,train
13552,synthetic-user-068,train
13553,synthetic-user-068,train
13554,synthetic-user-068,train
13555,synthetic-user-068,train
13556,synthetic-user-068,train
13557,synthetic-user-068,train
13558,synthetic-user-068,train
13559,synthetic-user-068,train
13560,synthetic-user-068,train
13561,synthetic-user-068,train
13562,synthetic-user-068,train
13563,synthetic-user-068,train
13564,synthetic-user-068,train
13565,synthetic-user-068,train
13566,synthetic-user-068,train
13567,synthetic-user-068,train
13568,synthetic-user-068,train
13569,synthetic-user-068,train
13570,synthetic-user-068,train
13571,synthetic-user-068,train
13572,synthetic-user-068,train
13573,synthetic-user-068,train
13574,synthetic-user-068,train
13575,synthetic-user-068,train
13576,synthetic-user-068,train
13577,synthetic-user-068,train
13578,synthetic-user-068,train
13579,synthetic-user-068,train
13580,synthetic-user-068,train
13581,synthetic-user-068,train
13582,synthetic-user-068,train
13583,synthetic-user-068,train
13584,synthetic-user-068,train
13585,synthetic-user-068,train
13586,synthetic-user-068,train
13587,synthetic-user-068,train
13588,synthetic-user-068,train
13589,synthetic-user-068,train
13590,synthetic-user-068,train
13591,synthetic-user-068,train
13592,synthetic-user-068,train
13593,synthetic-user-068,train
13594,synthetic-user-068,train
13595,synthetic-user-068,train
13596,synthetic-user-068,train
13597,synthetic-user-068,train
13598,synthetic-user-068,train
13599,synthetic-user-068,train
13600,synthetic-user-068,train
13601,synthetic-user-069,train
13602,synthetic-user-069,train
13603,synthetic-user-069,train
13604,synthetic-user-069,train
13605,synthetic-user-069,train
13606,synthetic-user-069,train
13607,synthetic-user-069,train
13608,synthetic-user-069,train
13609,synthetic-user-069,train
13610,synthetic-user-069,train
13611,synthetic-user-069,train
13612,synthetic-user-069,train
13613,synthetic-user-069,train
13614,synthetic-user-069,train
13615,synthetic-user-069,train
13616,synthetic-user-069,train
13617,synthetic-user-069,train
13618,synthetic-user-069,train
13619,synthetic-user-069,train
13620,synthetic-user-069,train
13621,synthetic-user-069,train
13622,synthetic-user-069,train
13623,synthetic-user-069,train
13624,synthetic-user-069,train
13625,synthetic-user-069,train
13626,synthetic-user-069,train
13627,synthetic-user-069,train
13628,synthetic-user-069,train
13629,synthetic-user-069,train
13630,synthetic-user-069,train
13631,synthetic-user-069,train
13632,synthetic-user-069,train
13633,synthetic-user-069,train
13634,synthetic-user-069,train
13635,synthetic-user-069,train
13636,synthetic-user-069,train
13637,synthetic-user-069,train
13638,synthetic-user-069,train
13639,synthetic-user-069,train
13640,synthetic-user-069,train
13641,synthetic-user-069,train
13642,synthetic-user-069,train
13643,synthetic-user-069,train
13644,synthetic-user-069,train
13645,synthetic-user-069,train
13646,synthetic-user-069,train
13647,synthetic-user-069,train
13648,synthetic-user-069,train
13649,synthetic-user-069,train
13650,synthetic-user-069,train
13651,synthetic-user-069,train
13652,synthetic-user-069,train
13653,synthetic-user-069,train
13654,synthetic-user-069,train
13655,synthetic-user-069,train
13656,synthetic-user-069,train
13657,synthetic-user-069,train
13658,synthetic-user-069,train
13659,synthetic-user-069,train
13660,synthetic-user-069,train
13661,synthetic-user-069,train
13662,synthetic-user-069,train
13663,synthetic-user-069,train
13664,synthetic-user-069,train
13665,synthetic-user-069,train
13666,synthetic-user-069,train
13667,synthetic-user-069,train
13668,synthetic-user-069,train
13669,synthetic-user-069,train
13670,synthetic-user-069,train
13671,synthetic-user-069,train
13672,synthetic-user-069,train
13673,synthetic-user-069,train
13674,synthetic-user-069,train
13675,synthetic-user-069,train
13676,synthetic-user-069,train
13677,synthetic-user-069,train
13678,synthetic-user-069,train
13679,synthetic-user-069,train
13680,synthetic-user-069,train
13681,synthetic-user-069,train
13682,synthetic-user-069,train
13683,synthetic-user-069,train
13684,synthetic-user-069,train
13685,synthetic-user-069,train
13686,synthetic-user-069,train
13687,synthetic-user-069,train
13688,synthetic-user-069,train
13689,synthetic-user-069,train
13690,synthetic-user-069,train
13691,synthetic-user-069,train
13692,synthetic-user-069,train
13693,synthetic-user-069,train
13694,synthetic-user-069,train
13695,synthetic-user-069,train
13696,synthetic-user-069,train
13697,synthetic-user-069,train
13698,synthetic-user-069,train
13699,synthetic-user-069,train
13700,synthetic-user-069,train
13701,synthetic-user-069,train
13702,synthetic-user-069,train
13703,synthetic-user-069,train
13704,synthetic-user-069,train
13705,synthetic-user-069,train
13706,synthetic-user-069,train
13707,synthetic-user-069,train
13708,synthetic-user-069,train
13709,synthetic-user-069,train
13710,synthetic-user-069,train
13711,synthetic-user-069,train
13712,synthetic-user-069,train
13713,synthetic-user-069,train
13714,synthetic-user-069,train
13715,synthetic-user-069,train
13716,synthetic-user-069,train
13717,synthetic-user-069,train
13718,synthetic-user-069,train
13719,synthetic-user-069,train
13720,synthetic-user-069,train
13721,synthetic-user-069,train
13722,synthetic-user-069,train
13723,synthetic-user-069,train
13724,synthetic-user-069,train
13725,synthetic-user-069,train
13726,synthetic-user-069,train
13727,synthetic-user-069,train
13728,synthetic-user-069,train
13729,synthetic-user-069,train
13730,synthetic-user-069,train
13731,synthetic-user-069,train
13732,synthetic-user-069,train
13733,synthetic-user-069,train
13734,synthetic-user-069,train
13735,synthetic-user-069,train
13736,synthetic-user-069,train
13737,synthetic-user-069,train
13738,synthetic-user-069,train
13739,synthetic-user-069,train
13740,synthetic-user-069,train
13741,synthetic-user-069,train
13742,synthetic-user-069,train
13743,synthetic-user-069,train
13744,synthetic-user-069,train
13745,synthetic-user-069,train
13746,synthetic-user-069,train
13747,synthetic-user-069,train
13748,synthetic-user-069,train
13749,synthetic-user-069,train
13750,synthetic-user-069,train
13751,synthetic-user-069,train
13752,synthetic-user-069,train
13753,synthetic-user-069,train
13754,synthetic-user-069,train
13755,synthetic-user-069,train
13756,synthetic-user-069,train
13757,synthetic-user-069,train
13758,synthetic-user-069,train
13759,synthetic-user-069,train
13760,synthetic-user-069,train
13761,synthetic-user-069,train
13762,synthetic-user-069,train
13763,synthetic-user-069,train
13764,synthetic-user-069,train
13765,synthetic-user-069,train
13766,synthetic-user-069,train
13767,synthetic-user-069,train
13768,synthetic-user-069,train
13769,synthetic-user-069,train
13770,synthetic-user-069,train
13771,synthetic-user-069,train
13772,synthetic-user-069,train
13773,synthetic-user-069,train
13774,synthetic-user-069,train
13775,synthetic-user-069,train
13776,synthetic-user-069,train
13777,synthetic-user-069,train
13778,synthetic-user-069,train
13779,synthetic-user-069,train
13780,synthetic-user-069,train
13781,synthetic-user-069,train
13782,synthetic-user-069,train
13783,synthetic-user-069,train
13784,synthetic-user-069,train
13785,synthetic-user-069,train
13786,synthetic-user-069,train
13787,synthetic-user-069,train
13788,synthetic-user-069,train
13789,synthetic-user-069,train
13790,synthetic-user-069,train
13791,synthetic-user-069,train
13792,synthetic-user-069,train
13793,synthetic-user-069,train
13794,synthetic-user-069,train
13795,synthetic-user-069,train
13796,synthetic-user-069,train
13797,synthetic-user-069,train
13798,synthetic-user-069,train
13799,synthetic-user-069,train
13800,synthetic-user-069,train
13801,synthetic-user-070,train
13802,synthetic-user-070,train
13803,synthetic-user-070,train
13804,synthetic-user-070,train
13805,synthetic-user-070,train
13806,synthetic-user-070,train
13807,synthetic-user-070,train
13808,synthetic-user-070,train
13809,synthetic-user-070,train
13810,synthetic-user-070,train
13811,synthetic-user-070,train
13812,synthetic-user-070,train
13813,synthetic-user-070,train
13814,synthetic-user-070,train
13815,synthetic-user-070,train
13816,synthetic-user-070,train
13817,synthetic-user-070,train
13818,synthetic-user-070,train
13819,synthetic-user-070,train
13820,synthetic-user-070,train
13821,synthetic-user-070,train
13822,synthetic-user-070,train
13823,synthetic-user-070,train
13824,synthetic-user-070,train
13825,synthetic-user-070,train
13826,synthetic-user-070,train
13827,synthetic-user-070,train
13828,synthetic-user-070,train
13829,synthetic-user-070,train
13830,synthetic-user-070,train
13831,synthetic-user-070,train
13832,synthetic-user-070,train
13833,synthetic-user-070,train
13834,synthetic-user-070,train
13835,synthetic-user-070,train
13836,synthetic-user-070,train
13837,synthetic-user-070,train
13838,synthetic-user-070,train
13839,synthetic-user-070,train
13840,synthetic-user-070,train
13841,synthetic-user-070,train
13842,synthetic-user-070,train
13843,synthetic-user-070,train
13844,synthetic-user-070,train
13845,synthetic-user-070,train
13846,synthetic-user-070,train
13847,synthetic-user-070,train
13848,synthetic-user-070,train
13849,synthetic-user-070,train
13850,synthetic-user-070,train
13851,synthetic-user-070,train
13852,synthetic-user-070,train
13853,synthetic-user-070,train
13854,synthetic-user-070,train
13855,synthetic-user-070,train
13856,synthetic-user-070,train
13857,synthetic-user-070,train
13858,synthetic-user-070,train
13859,synthetic-user-070,train
13860,synthetic-user-070,train
13861,synthetic-user-070,train
13862,synthetic-user-070,train
13863,synthetic-user-070,train
13864,synthetic-user-070,train
13865,synthetic-user-070,train
13866,synthetic-user-070,train
13867,synthetic-user-070,train
13868,synthetic-user-070,train
13869,synthetic-user-070,train
13870,synthetic-user-070,train
13871,synthetic-user-070,train
13872,synthetic-user-070,train
13873,synthetic-user-070,train
13874,synthetic-user-070,train
13875,synthetic-user-070,train
13876,synthetic-user-070,train
13877,synthetic-user-070,train
13878,synthetic-user-070,train
13879,synthetic-user-070,train
13880,synthetic-user-070,train
13881,synthetic-user-070,train
13882,synthetic-user-070,train
13883,synthetic-user-070,train
13884,synthetic-user-070,train
13885,synthetic-user-070,train
13886,synthetic-user-070,train
13887,synthetic-user-070,train
13888,synthetic-user-070,train
13889,synthetic-user-070,train
13890,synthetic-user-070,train
13891,synthetic-user-070,train
13892,synthetic-user-070,train
13893,synthetic-user-070,train
13894,synthetic-user-070,train
13895,synthetic-user-070,train
13896,synthetic-user-070,train
13897,synthetic-user-070,train
13898,synthetic-user-070,train
13899,synthetic-user-070,train
13900,synthetic-user-070,train
13901,synthetic-user-070,train
13902,synthetic-user-070,train
13903,synthetic-user-070,train
13904,synthetic-user-070,train
13905,synthetic-user-070,train
13906,synthetic-user-070,train
13907,synthetic-user-070,train
13908,synthetic-user-070,train
13909,synthetic-user-070,train
13910,synthetic-user-070,train
13911,synthetic-user-070,train
13912,synthetic-user-070,train
13913,synthetic-user-070,train
13914,synthetic-user-070,train
13915,synthetic-user-070,train
13916,synthetic-user-070,train
13917,synthetic-user-070,train
13918,synthetic-user-070,train
13919,synthetic-user-070,train
13920,synthetic-user-070,train
13921,synthetic-user-070,train
13922,synthetic-user-070,train
13923,synthetic-user-070,train
13924,synthetic-user-070,train
13925,synthetic-user-070,train
13926,synthetic-user-070,train
13927,synthetic-user-070,train
13928,synthetic-user-070,train
13929,synthetic-user-070,train
13930,synthetic-user-070,train
13931,synthetic-user-070,train
13932,synthetic-user-070,train
13933,synthetic-user-070,train
13934,synthetic-user-070,train
13935,synthetic-user-070,train
13936,synthetic-user-070,train
13937,synthetic-user-070,train
13938,synthetic-user-070,train
13939,synthetic-user-070,train
13940,synthetic-user-070,train
13941,synthetic-user-070,train
13942,synthetic-user-070,train
13943,synthetic-user-070,train
13944,synthetic-user-070,train
13945,synthetic-user-070,train
13946,synthetic-user-070,train
13947,synthetic-user-070,train
13948,synthetic-user-070,train
13949,synthetic-user-070,train
13950,synthetic-user-070,train
13951,synthetic-user-070,train
13952,synthetic-user-070,train
13953,synthetic-user-070,train
13954,synthetic-user-070,train
13955,synthetic-user-070,train
13956,synthetic-user-070,train
13957,synthetic-user-070,train
13958,synthetic-user-070,train
13959,synthetic-user-070,train
13960,synthetic-user-070,train
13961,synthetic-user-070,train
13962,synthetic-user-070,train
13963,synthetic-user-070,train
13964,synthetic-user-070,train
13965,synthetic-user-070,train
13966,synthetic-user-070,train
13967,synthetic-user-070,train
13968,synthetic-user-070,train
13969,synthetic-user-070,train
13970,synthetic-user-070,train
13971,synthetic-user-070,train
13972,synthetic-user-070,train
13973,synthetic-user-070,train
13974,synthetic-user-070,train
13975,synthetic-user-070,train
13976,synthetic-user-070,train
13977,synthetic-user-070,train
13978,synthetic-user-070,train
13979,synthetic-user-070,train
13980,synthetic-user-070,train
13981,synthetic-user-070,train
13982,synthetic-user-070,train
13983,synthetic-user-070,train
13984,synthetic-user-070,train
13985,synthetic-user-070,train
13986,synthetic-user-070,train
13987,synthetic-user-070,train
13988,synthetic-user-070,train
13989,synthetic-user-070,train
13990,synthetic-user-070,train
13991,synthetic-user-070,train
13992,synthetic-user-070,train
13993,synthetic-user-070,train
13994,synthetic-user-070,train
13995,synthetic-user-070,train
13996,synthetic-user-070,train
13997,synthetic-user-070,train
13998,synthetic-user-070,train
13999,synthetic-user-070,train
14000,synthetic-user-070,train
14001,synthetic-user-071,test
14002,synthetic-user-071,test
14003,synthetic-user-071,test
14004,synthetic-user-071,test
14005,synthetic-user-071,test
14006,synthetic-user-071,test
14007,synthetic-user-071,test
14008,synthetic-user-071,test
14009,synthetic-user-071,test
14010,synthetic-user-071,test
14011,synthetic-user-071,test
14012,synthetic-user-071,test
14013,synthetic-user-071,test
14014,synthetic-user-071,test
14015,synthetic-user-071,test
14016,synthetic-user-071,test
14017,synthetic-user-071,test
14018,synthetic-user-071,test
14019,synthetic-user-071,test
14020,synthetic-user-071,test
14021,synthetic-user-071,test
14022,synthetic-user-071,test
14023,synthetic-user-071,test
14024,synthetic-user-071,test
14025,synthetic-user-071,test
14026,synthetic-user-071,test
14027,synthetic-user-071,test
14028,synthetic-user-071,test
14029,synthetic-user-071,test
14030,synthetic-user-071,test
14031,synthetic-user-071,test
14032,synthetic-user-071,test
14033,synthetic-user-071,test
14034,synthetic-user-071,test
14035,synthetic-user-071,test
14036,synthetic-user-071,test
14037,synthetic-user-071,test
14038,synthetic-user-071,test
14039,synthetic-user-071,test
14040,synthetic-user-071,test
14041,synthetic-user-071,test
14042,synthetic-user-071,test
14043,synthetic-user-071,test
14044,synthetic-user-071,test
14045,synthetic-user-071,test
14046,synthetic-user-071,test
14047,synthetic-user-071,test
14048,synthetic-user-071,test
14049,synthetic-user-071,test
14050,synthetic-user-071,test
14051,synthetic-user-071,test
14052,synthetic-user-071,test
14053,synthetic-user-071,test
14054,synthetic-user-071,test
14055,synthetic-user-071,test
14056,synthetic-user-071,test
14057,synthetic-user-071,test
14058,synthetic-user-071,test
14059,synthetic-user-071,test
14060,synthetic-user-071,test
14061,synthetic-user-071,test
14062,synthetic-user-071,test
14063,synthetic-user-071,test
14064,synthetic-user-071,test
14065,synthetic-user-071,test
14066,synthetic-user-071,test
14067,synthetic-user-071,test
14068,synthetic-user-071,test
14069,synthetic-user-071,test
14070,synthetic-user-071,test
14071,synthetic-user-071,test
14072,synthetic-user-071,test
14073,synthetic-user-071,test
14074,synthetic-user-071,test
14075,synthetic-user-071,test
14076,synthetic-user-071,test
14077,synthetic-user-071,test
14078,synthetic-user-071,test
14079,synthetic-user-071,test
14080,synthetic-user-071,test
14081,synthetic-user-071,test
14082,synthetic-user-071,test
14083,synthetic-user-071,test
14084,synthetic-user-071,test
14085,synthetic-user-071,test
14086,synthetic-user-071,test
14087,synthetic-user-071,test
14088,synthetic-user-071,test
14089,synthetic-user-071,test
14090,synthetic-user-071,test
14091,synthetic-user-071,test
14092,synthetic-user-071,test
14093,synthetic-user-071,test
14094,synthetic-user-071,test
14095,synthetic-user-071,test
14096,synthetic-user-071,test
14097,synthetic-user-071,test
14098,synthetic-user-071,test
14099,synthetic-user-071,test
14100,synthetic-user-071,test
14101,synthetic-user-071,test
14102,synthetic-user-071,test
14103,synthetic-user-071,test
14104,synthetic-user-071,test
14105,synthetic-user-071,test
14106,synthetic-user-071,test
14107,synthetic-user-071,test
14108,synthetic-user-071,test
14109,synthetic-user-071,test
14110,synthetic-user-071,test
14111,synthetic-user-071,test
14112,synthetic-user-071,test
14113,synthetic-user-071,test
14114,synthetic-user-071,test
14115,synthetic-user-071,test
14116,synthetic-user-071,test
14117,synthetic-user-071,test
14118,synthetic-user-071,test
14119,synthetic-user-071,test
14120,synthetic-user-071,test
14121,synthetic-user-071,test
14122,synthetic-user-071,test
14123,synthetic-user-071,test
14124,synthetic-user-071,test
14125,synthetic-user-071,test
14126,synthetic-user-071,test
14127,synthetic-user-071,test
14128,synthetic-user-071,test
14129,synthetic-user-071,test
14130,synthetic-user-071,test
14131,synthetic-user-071,test
14132,synthetic-user-071,test
14133,synthetic-user-071,test
14134,synthetic-user-071,test
14135,synthetic-user-071,test
14136,synthetic-user-071,test
14137,synthetic-user-071,test
14138,synthetic-user-071,test
14139,synthetic-user-071,test
14140,synthetic-user-071,test
14141,synthetic-user-071,test
14142,synthetic-user-071,test
14143,synthetic-user-071,test
14144,synthetic-user-071,test
14145,synthetic-user-071,test
14146,synthetic-user-071,test
14147,synthetic-user-071,test
14148,synthetic-user-071,test
14149,synthetic-user-071,test
14150,synthetic-user-071,test
14151,synthetic-user-071,test
14152,synthetic-user-071,test
14153,synthetic-user-071,test
14154,synthetic-user-071,test
14155,synthetic-user-071,test
14156,synthetic-user-071,test
14157,synthetic-user-071,test
14158,synthetic-user-071,test
14159,synthetic-user-071,test
14160,synthetic-user-071,test
14161,synthetic-user-071,test
14162,synthetic-user-071,test
14163,synthetic-user-071,test
14164,synthetic-user-071,test
14165,synthetic-user-071,test
14166,synthetic-user-071,test
14167,synthetic-user-071,test
14168,synthetic-user-071,test
14169,synthetic-user-071,test
14170,synthetic-user-071,test
14171,synthetic-user-071,test
14172,synthetic-user-071,test
14173,synthetic-user-071,test
14174,synthetic-user-071,test
14175,synthetic-user-071,test
14176,synthetic-user-071,test
14177,synthetic-user-071,test
14178,synthetic-user-071,test
14179,synthetic-user-071,test
14180,synthetic-user-071,test
14181,synthetic-user-071,test
14182,synthetic-user-071,test
14183,synthetic-user-071,test
14184,synthetic-user-071,test
14185,synthetic-user-071,test
14186,synthetic-user-071,test
14187,synthetic-user-071,test
14188,synthetic-user-071,test
14189,synthetic-user-071,test
14190,synthetic-user-071,test
14191,synthetic-user-071,test
14192,synthetic-user-071,test
14193,synthetic-user-071,test
14194,synthetic-user-071,test
14195,synthetic-user-071,test
14196,synthetic-user-071,test
14197,synthetic-user-071,test
14198,synthetic-user-071,test
14199,synthetic-user-071,test
14200,synthetic-user-071,test
14201,synthetic-user-072,validation
14202,synthetic-user-072,validation
14203,synthetic-user-072,validation
14204,synthetic-user-072,validation
14205,synthetic-user-072,validation
14206,synthetic-user-072,validation
14207,synthetic-user-072,validation
14208,synthetic-user-072,validation
14209,synthetic-user-072,validation
14210,synthetic-user-072,validation
14211,synthetic-user-072,validation
14212,synthetic-user-072,validation
14213,synthetic-user-072,validation
14214,synthetic-user-072,validation
14215,synthetic-user-072,validation
14216,synthetic-user-072,validation
14217,synthetic-user-072,validation
14218,synthetic-user-072,validation
14219,synthetic-user-072,validation
14220,synthetic-user-072,validation
14221,synthetic-user-072,validation
14222,synthetic-user-072,validation
14223,synthetic-user-072,validation
14224,synthetic-user-072,validation
14225,synthetic-user-072,validation
14226,synthetic-user-072,validation
14227,synthetic-user-072,validation
14228,synthetic-user-072,validation
14229,synthetic-user-072,validation
14230,synthetic-user-072,validation
14231,synthetic-user-072,validation
14232,synthetic-user-072,validation
14233,synthetic-user-072,validation
14234,synthetic-user-072,validation
14235,synthetic-user-072,validation
14236,synthetic-user-072,validation
14237,synthetic-user-072,validation
14238,synthetic-user-072,validation
14239,synthetic-user-072,validation
14240,synthetic-user-072,validation
14241,synthetic-user-072,validation
14242,synthetic-user-072,validation
14243,synthetic-user-072,validation
14244,synthetic-user-072,validation
14245,synthetic-user-072,validation
14246,synthetic-user-072,validation
14247,synthetic-user-072,validation
14248,synthetic-user-072,validation
14249,synthetic-user-072,validation
14250,synthetic-user-072,validation
14251,synthetic-user-072,validation
14252,synthetic-user-072,validation
14253,synthetic-user-072,validation
14254,synthetic-user-072,validation
14255,synthetic-user-072,validation
14256,synthetic-user-072,validation
14257,synthetic-user-072,validation
14258,synthetic-user-072,validation
14259,synthetic-user-072,validation
14260,synthetic-user-072,validation
14261,synthetic-user-072,validation
14262,synthetic-user-072,validation
14263,synthetic-user-072,validation
14264,synthetic-user-072,validation
14265,synthetic-user-072,validation
14266,synthetic-user-072,validation
14267,synthetic-user-072,validation
14268,synthetic-user-072,validation
14269,synthetic-user-072,validation
14270,synthetic-user-072,validation
14271,synthetic-user-072,validation
14272,synthetic-user-072,validation
14273,synthetic-user-072,validation
14274,synthetic-user-072,validation
14275,synthetic-user-072,validation
14276,synthetic-user-072,validation
14277,synthetic-user-072,validation
14278,synthetic-user-072,validation
14279,synthetic-user-072,validation
14280,synthetic-user-072,validation
14281,synthetic-user-072,validation
14282,synthetic-user-072,validation
14283,synthetic-user-072,validation
14284,synthetic-user-072,validation
14285,synthetic-user-072,validation
14286,synthetic-user-072,validation
14287,synthetic-user-072,validation
14288,synthetic-user-072,validation
14289,synthetic-user-072,validation
14290,synthetic-user-072,validation
14291,synthetic-user-072,validation
14292,synthetic-user-072,validation
14293,synthetic-user-072,validation
14294,synthetic-user-072,validation
14295,synthetic-user-072,validation
14296,synthetic-user-072,validation
14297,synthetic-user-072,validation
14298,synthetic-user-072,validation
14299,synthetic-user-072,validation
14300,synthetic-user-072,validation
14301,synthetic-user-072,validation
14302,synthetic-user-072,validation
14303,synthetic-user-072,validation
14304,synthetic-user-072,validation
14305,synthetic-user-072,validation
14306,synthetic-user-072,validation
14307,synthetic-user-072,validation
14308,synthetic-user-072,validation
14309,synthetic-user-072,validation
14310,synthetic-user-072,validation
14311,synthetic-user-072,validation
14312,synthetic-user-072,validation
14313,synthetic-user-072,validation
14314,synthetic-user-072,validation
14315,synthetic-user-072,validation
14316,synthetic-user-072,validation
14317,synthetic-user-072,validation
14318,synthetic-user-072,validation
14319,synthetic-user-072,validation
14320,synthetic-user-072,validation
14321,synthetic-user-072,validation
14322,synthetic-user-072,validation
14323,synthetic-user-072,validation
14324,synthetic-user-072,validation
14325,synthetic-user-072,validation
14326,synthetic-user-072,validation
14327,synthetic-user-072,validation
14328,synthetic-user-072,validation
14329,synthetic-user-072,validation
14330,synthetic-user-072,validation
14331,synthetic-user-072,validation
14332,synthetic-user-072,validation
14333,synthetic-user-072,validation
14334,synthetic-user-072,validation
14335,synthetic-user-072,validation
14336,synthetic-user-072,validation
14337,synthetic-user-072,validation
14338,synthetic-user-072,validation
14339,synthetic-user-072,validation
14340,synthetic-user-072,validation
14341,synthetic-user-072,validation
14342,synthetic-user-072,validation
14343,synthetic-user-072,validation
14344,synthetic-user-072,validation
14345,synthetic-user-072,validation
14346,synthetic-user-072,validation
14347,synthetic-user-072,validation
14348,synthetic-user-072,validation
14349,synthetic-user-072,validation
14350,synthetic-user-072,validation
14351,synthetic-user-072,validation
14352,synthetic-user-072,validation
14353,synthetic-user-072,validation
14354,synthetic-user-072,validation
14355,synthetic-user-072,validation
14356,synthetic-user-072,validation
14357,synthetic-user-072,validation
14358,synthetic-user-072,validation
14359,synthetic-user-072,validation
14360,synthetic-user-072,validation
14361,synthetic-user-072,validation
14362,synthetic-user-072,validation
14363,synthetic-user-072,validation
14364,synthetic-user-072,validation
14365,synthetic-user-072,validation
14366,synthetic-user-072,validation
14367,synthetic-user-072,validation
14368,synthetic-user-072,validation
14369,synthetic-user-072,validation
14370,synthetic-user-072,validation
14371,synthetic-user-072,validation
14372,synthetic-user-072,validation
14373,synthetic-user-072,validation
14374,synthetic-user-072,validation
14375,synthetic-user-072,validation
14376,synthetic-user-072,validation
14377,synthetic-user-072,validation
14378,synthetic-user-072,validation
14379,synthetic-user-072,validation
14380,synthetic-user-072,validation
14381,synthetic-user-072,validation
14382,synthetic-user-072,validation
14383,synthetic-user-072,validation
14384,synthetic-user-072,validation
14385,synthetic-user-072,validation
14386,synthetic-user-072,validation
14387,synthetic-user-072,validation
14388,synthetic-user-072,validation
14389,synthetic-user-072,validation
14390,synthetic-user-072,validation
14391,synthetic-user-072,validation
14392,synthetic-user-072,validation
14393,synthetic-user-072,validation
14394,synthetic-user-072,validation
14395,synthetic-user-072,validation
14396,synthetic-user-072,validation
14397,synthetic-user-072,validation
14398,synthetic-user-072,validation
14399,synthetic-user-072,validation
14400,synthetic-user-072,validation
14401,synthetic-user-073,train
14402,synthetic-user-073,train
14403,synthetic-user-073,train
14404,synthetic-user-073,train
14405,synthetic-user-073,train
14406,synthetic-user-073,train
14407,synthetic-user-073,train
14408,synthetic-user-073,train
14409,synthetic-user-073,train
14410,synthetic-user-073,train
14411,synthetic-user-073,train
14412,synthetic-user-073,train
14413,synthetic-user-073,train
14414,synthetic-user-073,train
14415,synthetic-user-073,train
14416,synthetic-user-073,train
14417,synthetic-user-073,train
14418,synthetic-user-073,train
14419,synthetic-user-073,train
14420,synthetic-user-073,train
14421,synthetic-user-073,train
14422,synthetic-user-073,train
14423,synthetic-user-073,train
14424,synthetic-user-073,train
14425,synthetic-user-073,train
14426,synthetic-user-073,train
14427,synthetic-user-073,train
14428,synthetic-user-073,train
14429,synthetic-user-073,train
14430,synthetic-user-073,train
14431,synthetic-user-073,train
14432,synthetic-user-073,train
14433,synthetic-user-073,train
14434,synthetic-user-073,train
14435,synthetic-user-073,train
14436,synthetic-user-073,train
14437,synthetic-user-073,train
14438,synthetic-user-073,train
14439,synthetic-user-073,train
14440,synthetic-user-073,train
14441,synthetic-user-073,train
14442,synthetic-user-073,train
14443,synthetic-user-073,train
14444,synthetic-user-073,train
14445,synthetic-user-073,train
14446,synthetic-user-073,train
14447,synthetic-user-073,train
14448,synthetic-user-073,train
14449,synthetic-user-073,train
14450,synthetic-user-073,train
14451,synthetic-user-073,train
14452,synthetic-user-073,train
14453,synthetic-user-073,train
14454,synthetic-user-073,train
14455,synthetic-user-073,train
14456,synthetic-user-073,train
14457,synthetic-user-073,train
14458,synthetic-user-073,train
14459,synthetic-user-073,train
14460,synthetic-user-073,train
14461,synthetic-user-073,train
14462,synthetic-user-073,train
14463,synthetic-user-073,train
14464,synthetic-user-073,train
14465,synthetic-user-073,train
14466,synthetic-user-073,train
14467,synthetic-user-073,train
14468,synthetic-user-073,train
14469,synthetic-user-073,train
14470,synthetic-user-073,train
14471,synthetic-user-073,train
14472,synthetic-user-073,train
14473,synthetic-user-073,train
14474,synthetic-user-073,train
14475,synthetic-user-073,train
14476,synthetic-user-073,train
14477,synthetic-user-073,train
14478,synthetic-user-073,train
14479,synthetic-user-073,train
14480,synthetic-user-073,train
14481,synthetic-user-073,train
14482,synthetic-user-073,train
14483,synthetic-user-073,train
14484,synthetic-user-073,train
14485,synthetic-user-073,train
14486,synthetic-user-073,train
14487,synthetic-user-073,train
14488,synthetic-user-073,train
14489,synthetic-user-073,train
14490,synthetic-user-073,train
14491,synthetic-user-073,train
14492,synthetic-user-073,train
14493,synthetic-user-073,train
14494,synthetic-user-073,train
14495,synthetic-user-073,train
14496,synthetic-user-073,train
14497,synthetic-user-073,train
14498,synthetic-user-073,train
14499,synthetic-user-073,train
14500,synthetic-user-073,train
14501,synthetic-user-073,train
14502,synthetic-user-073,train
14503,synthetic-user-073,train
14504,synthetic-user-073,train
14505,synthetic-user-073,train
14506,synthetic-user-073,train
14507,synthetic-user-073,train
14508,synthetic-user-073,train
14509,synthetic-user-073,train
14510,synthetic-user-073,train
14511,synthetic-user-073,train
14512,synthetic-user-073,train
14513,synthetic-user-073,train
14514,synthetic-user-073,train
14515,synthetic-user-073,train
14516,synthetic-user-073,train
14517,synthetic-user-073,train
14518,synthetic-user-073,train
14519,synthetic-user-073,train
14520,synthetic-user-073,train
14521,synthetic-user-073,train
14522,synthetic-user-073,train
14523,synthetic-user-073,train
14524,synthetic-user-073,train
14525,synthetic-user-073,train
14526,synthetic-user-073,train
14527,synthetic-user-073,train
14528,synthetic-user-073,train
14529,synthetic-user-073,train
14530,synthetic-user-073,train
14531,synthetic-user-073,train
14532,synthetic-user-073,train
14533,synthetic-user-073,train
14534,synthetic-user-073,train
14535,synthetic-user-073,train
14536,synthetic-user-073,train
14537,synthetic-user-073,train
14538,synthetic-user-073,train
14539,synthetic-user-073,train
14540,synthetic-user-073,train
14541,synthetic-user-073,train
14542,synthetic-user-073,train
14543,synthetic-user-073,train
14544,synthetic-user-073,train
14545,synthetic-user-073,train
14546,synthetic-user-073,train
14547,synthetic-user-073,train
14548,synthetic-user-073,train
14549,synthetic-user-073,train
14550,synthetic-user-073,train
14551,synthetic-user-073,train
14552,synthetic-user-073,train
14553,synthetic-user-073,train
14554,synthetic-user-073,train
14555,synthetic-user-073,train
14556,synthetic-user-073,train
14557,synthetic-user-073,train
14558,synthetic-user-073,train
14559,synthetic-user-073,train
14560,synthetic-user-073,train
14561,synthetic-user-073,train
14562,synthetic-user-073,train
14563,synthetic-user-073,train
14564,synthetic-user-073,train
14565,synthetic-user-073,train
14566,synthetic-user-073,train
14567,synthetic-user-073,train
14568,synthetic-user-073,train
14569,synthetic-user-073,train
14570,synthetic-user-073,train
14571,synthetic-user-073,train
14572,synthetic-user-073,train
14573,synthetic-user-073,train
14574,synthetic-user-073,train
14575,synthetic-user-073,train
14576,synthetic-user-073,train
14577,synthetic-user-073,train
14578,synthetic-user-073,train
14579,synthetic-user-073,train
14580,synthetic-user-073,train
14581,synthetic-user-073,train
14582,synthetic-user-073,train
14583,synthetic-user-073,train
14584,synthetic-user-073,train
14585,synthetic-user-073,train
14586,synthetic-user-073,train
14587,synthetic-user-073,train
14588,synthetic-user-073,train
14589,synthetic-user-073,train
14590,synthetic-user-073,train
14591,synthetic-user-073,train
14592,synthetic-user-073,train
14593,synthetic-user-073,train
14594,synthetic-user-073,train
14595,synthetic-user-073,train
14596,synthetic-user-073,train
14597,synthetic-user-073,train
14598,synthetic-user-073,train
14599,synthetic-user-073,train
14600,synthetic-user-073,train
14601,synthetic-user-074,train
14602,synthetic-user-074,train
14603,synthetic-user-074,train
14604,synthetic-user-074,train
14605,synthetic-user-074,train
14606,synthetic-user-074,train
14607,synthetic-user-074,train
14608,synthetic-user-074,train
14609,synthetic-user-074,train
14610,synthetic-user-074,train
14611,synthetic-user-074,train
14612,synthetic-user-074,train
14613,synthetic-user-074,train
14614,synthetic-user-074,train
14615,synthetic-user-074,train
14616,synthetic-user-074,train
14617,synthetic-user-074,train
14618,synthetic-user-074,train
14619,synthetic-user-074,train
14620,synthetic-user-074,train
14621,synthetic-user-074,train
14622,synthetic-user-074,train
14623,synthetic-user-074,train
14624,synthetic-user-074,train
14625,synthetic-user-074,train
14626,synthetic-user-074,train
14627,synthetic-user-074,train
14628,synthetic-user-074,train
14629,synthetic-user-074,train
14630,synthetic-user-074,train
14631,synthetic-user-074,train
14632,synthetic-user-074,train
14633,synthetic-user-074,train
14634,synthetic-user-074,train
14635,synthetic-user-074,train
14636,synthetic-user-074,train
14637,synthetic-user-074,train
14638,synthetic-user-074,train
14639,synthetic-user-074,train
14640,synthetic-user-074,train
14641,synthetic-user-074,train
14642,synthetic-user-074,train
14643,synthetic-user-074,train
14644,synthetic-user-074,train
14645,synthetic-user-074,train
14646,synthetic-user-074,train
14647,synthetic-user-074,train
14648,synthetic-user-074,train
14649,synthetic-user-074,train
14650,synthetic-user-074,train
14651,synthetic-user-074,train
14652,synthetic-user-074,train
14653,synthetic-user-074,train
14654,synthetic-user-074,train
14655,synthetic-user-074,train
14656,synthetic-user-074,train
14657,synthetic-user-074,train
14658,synthetic-user-074,train
14659,synthetic-user-074,train
14660,synthetic-user-074,train
14661,synthetic-user-074,train
14662,synthetic-user-074,train
14663,synthetic-user-074,train
14664,synthetic-user-074,train
14665,synthetic-user-074,train
14666,synthetic-user-074,train
14667,synthetic-user-074,train
14668,synthetic-user-074,train
14669,synthetic-user-074,train
14670,synthetic-user-074,train
14671,synthetic-user-074,train
14672,synthetic-user-074,train
14673,synthetic-user-074,train
14674,synthetic-user-074,train
14675,synthetic-user-074,train
14676,synthetic-user-074,train
14677,synthetic-user-074,train
14678,synthetic-user-074,train
14679,synthetic-user-074,train
14680,synthetic-user-074,train
14681,synthetic-user-074,train
14682,synthetic-user-074,train
14683,synthetic-user-074,train
14684,synthetic-user-074,train
14685,synthetic-user-074,train
14686,synthetic-user-074,train
14687,synthetic-user-074,train
14688,synthetic-user-074,train
14689,synthetic-user-074,train
14690,synthetic-user-074,train
14691,synthetic-user-074,train
14692,synthetic-user-074,train
14693,synthetic-user-074,train
14694,synthetic-user-074,train
14695,synthetic-user-074,train
14696,synthetic-user-074,train
14697,synthetic-user-074,train
14698,synthetic-user-074,train
14699,synthetic-user-074,train
14700,synthetic-user-074,train
14701,synthetic-user-074,train
14702,synthetic-user-074,train
14703,synthetic-user-074,train
14704,synthetic-user-074,train
14705,synthetic-user-074,train
14706,synthetic-user-074,train
14707,synthetic-user-074,train
14708,synthetic-user-074,train
14709,synthetic-user-074,train
14710,synthetic-user-074,train
14711,synthetic-user-074,train
14712,synthetic-user-074,train
14713,synthetic-user-074,train
14714,synthetic-user-074,train
14715,synthetic-user-074,train
14716,synthetic-user-074,train
14717,synthetic-user-074,train
14718,synthetic-user-074,train
14719,synthetic-user-074,train
14720,synthetic-user-074,train
14721,synthetic-user-074,train
14722,synthetic-user-074,train
14723,synthetic-user-074,train
14724,synthetic-user-074,train
14725,synthetic-user-074,train
14726,synthetic-user-074,train
14727,synthetic-user-074,train
14728,synthetic-user-074,train
14729,synthetic-user-074,train
14730,synthetic-user-074,train
14731,synthetic-user-074,train
14732,synthetic-user-074,train
14733,synthetic-user-074,train
14734,synthetic-user-074,train
14735,synthetic-user-074,train
14736,synthetic-user-074,train
14737,synthetic-user-074,train
14738,synthetic-user-074,train
14739,synthetic-user-074,train
14740,synthetic-user-074,train
14741,synthetic-user-074,train
14742,synthetic-user-074,train
14743,synthetic-user-074,train
14744,synthetic-user-074,train
14745,synthetic-user-074,train
14746,synthetic-user-074,train
14747,synthetic-user-074,train
14748,synthetic-user-074,train
14749,synthetic-user-074,train
14750,synthetic-user-074,train
14751,synthetic-user-074,train
14752,synthetic-user-074,train
14753,synthetic-user-074,train
14754,synthetic-user-074,train
14755,synthetic-user-074,train
14756,synthetic-user-074,train
14757,synthetic-user-074,train
14758,synthetic-user-074,train
14759,synthetic-user-074,train
14760,synthetic-user-074,train
14761,synthetic-user-074,train
14762,synthetic-user-074,train
14763,synthetic-user-074,train
14764,synthetic-user-074,train
14765,synthetic-user-074,train
14766,synthetic-user-074,train
14767,synthetic-user-074,train
14768,synthetic-user-074,train
14769,synthetic-user-074,train
14770,synthetic-user-074,train
14771,synthetic-user-074,train
14772,synthetic-user-074,train
14773,synthetic-user-074,train
14774,synthetic-user-074,train
14775,synthetic-user-074,train
14776,synthetic-user-074,train
14777,synthetic-user-074,train
14778,synthetic-user-074,train
14779,synthetic-user-074,train
14780,synthetic-user-074,train
14781,synthetic-user-074,train
14782,synthetic-user-074,train
14783,synthetic-user-074,train
14784,synthetic-user-074,train
14785,synthetic-user-074,train
14786,synthetic-user-074,train
14787,synthetic-user-074,train
14788,synthetic-user-074,train
14789,synthetic-user-074,train
14790,synthetic-user-074,train
14791,synthetic-user-074,train
14792,synthetic-user-074,train
14793,synthetic-user-074,train
14794,synthetic-user-074,train
14795,synthetic-user-074,train
14796,synthetic-user-074,train
14797,synthetic-user-074,train
14798,synthetic-user-074,train
14799,synthetic-user-074,train
14800,synthetic-user-074,train
14801,synthetic-user-075,train
14802,synthetic-user-075,train
14803,synthetic-user-075,train
14804,synthetic-user-075,train
14805,synthetic-user-075,train
14806,synthetic-user-075,train
14807,synthetic-user-075,train
14808,synthetic-user-075,train
14809,synthetic-user-075,train
14810,synthetic-user-075,train
14811,synthetic-user-075,train
14812,synthetic-user-075,train
14813,synthetic-user-075,train
14814,synthetic-user-075,train
14815,synthetic-user-075,train
14816,synthetic-user-075,train
14817,synthetic-user-075,train
14818,synthetic-user-075,train
14819,synthetic-user-075,train
14820,synthetic-user-075,train
14821,synthetic-user-075,train
14822,synthetic-user-075,train
14823,synthetic-user-075,train
14824,synthetic-user-075,train
14825,synthetic-user-075,train
14826,synthetic-user-075,train
14827,synthetic-user-075,train
14828,synthetic-user-075,train
14829,synthetic-user-075,train
14830,synthetic-user-075,train
14831,synthetic-user-075,train
14832,synthetic-user-075,train
14833,synthetic-user-075,train
14834,synthetic-user-075,train
14835,synthetic-user-075,train
14836,synthetic-user-075,train
14837,synthetic-user-075,train
14838,synthetic-user-075,train
14839,synthetic-user-075,train
14840,synthetic-user-075,train
14841,synthetic-user-075,train
14842,synthetic-user-075,train
14843,synthetic-user-075,train
14844,synthetic-user-075,train
14845,synthetic-user-075,train
14846,synthetic-user-075,train
14847,synthetic-user-075,train
14848,synthetic-user-075,train
14849,synthetic-user-075,train
14850,synthetic-user-075,train
14851,synthetic-user-075,train
14852,synthetic-user-075,train
14853,synthetic-user-075,train
14854,synthetic-user-075,train
14855,synthetic-user-075,train
14856,synthetic-user-075,train
14857,synthetic-user-075,train
14858,synthetic-user-075,train
14859,synthetic-user-075,train
14860,synthetic-user-075,train
14861,synthetic-user-075,train
14862,synthetic-user-075,train
14863,synthetic-user-075,train
14864,synthetic-user-075,train
14865,synthetic-user-075,train
14866,synthetic-user-075,train
14867,synthetic-user-075,train
14868,synthetic-user-075,train
14869,synthetic-user-075,train
14870,synthetic-user-075,train
14871,synthetic-user-075,train
14872,synthetic-user-075,train
14873,synthetic-user-075,train
14874,synthetic-user-075,train
14875,synthetic-user-075,train
14876,synthetic-user-075,train
14877,synthetic-user-075,train
14878,synthetic-user-075,train
14879,synthetic-user-075,train
14880,synthetic-user-075,train
14881,synthetic-user-075,train
14882,synthetic-user-075,train
14883,synthetic-user-075,train
14884,synthetic-user-075,train
14885,synthetic-user-075,train
14886,synthetic-user-075,train
14887,synthetic-user-075,train
14888,synthetic-user-075,train
14889,synthetic-user-075,train
14890,synthetic-user-075,train
14891,synthetic-user-075,train
14892,synthetic-user-075,train
14893,synthetic-user-075,train
14894,synthetic-user-075,train
14895,synthetic-user-075,train
14896,synthetic-user-075,train
14897,synthetic-user-075,train
14898,synthetic-user-075,train
14899,synthetic-user-075,train
14900,synthetic-user-075,train
14901,synthetic-user-075,train
14902,synthetic-user-075,train
14903,synthetic-user-075,train
14904,synthetic-user-075,train
14905,synthetic-user-075,train
14906,synthetic-user-075,train
14907,synthetic-user-075,train
14908,synthetic-user-075,train
14909,synthetic-user-075,train
14910,synthetic-user-075,train
14911,synthetic-user-075,train
14912,synthetic-user-075,train
14913,synthetic-user-075,train
14914,synthetic-user-075,train
14915,synthetic-user-075,train
14916,synthetic-user-075,train
14917,synthetic-user-075,train
14918,synthetic-user-075,train
14919,synthetic-user-075,train
14920,synthetic-user-075,train
14921,synthetic-user-075,train
14922,synthetic-user-075,train
14923,synthetic-user-075,train
14924,synthetic-user-075,train
14925,synthetic-user-075,train
14926,synthetic-user-075,train
14927,synthetic-user-075,train
14928,synthetic-user-075,train
14929,synthetic-user-075,train
14930,synthetic-user-075,train
14931,synthetic-user-075,train
14932,synthetic-user-075,train
14933,synthetic-user-075,train
14934,synthetic-user-075,train
14935,synthetic-user-075,train
14936,synthetic-user-075,train
14937,synthetic-user-075,train
14938,synthetic-user-075,train
14939,synthetic-user-075,train
14940,synthetic-user-075,train
14941,synthetic-user-075,train
14942,synthetic-user-075,train
14943,synthetic-user-075,train
14944,synthetic-user-075,train
14945,synthetic-user-075,train
14946,synthetic-user-075,train
14947,synthetic-user-075,train
14948,synthetic-user-075,train
14949,synthetic-user-075,train
14950,synthetic-user-075,train
14951,synthetic-user-075,train
14952,synthetic-user-075,train
14953,synthetic-user-075,train
14954,synthetic-user-075,train
14955,synthetic-user-075,train
14956,synthetic-user-075,train
14957,synthetic-user-075,train
14958,synthetic-user-075,train
14959,synthetic-user-075,train
14960,synthetic-user-075,train
14961,synthetic-user-075,train
14962,synthetic-user-075,train
14963,synthetic-user-075,train
14964,synthetic-user-075,train
14965,synthetic-user-075,train
14966,synthetic-user-075,train
14967,synthetic-user-075,train
14968,synthetic-user-075,train
14969,synthetic-user-075,train
14970,synthetic-user-075,train
14971,synthetic-user-075,train
14972,synthetic-user-075,train
14973,synthetic-user-075,train
14974,synthetic-user-075,train
14975,synthetic-user-075,train
14976,synthetic-user-075,train
14977,synthetic-user-075,train
14978,synthetic-user-075,train
14979,synthetic-user-075,train
14980,synthetic-user-075,train
14981,synthetic-user-075,train
14982,synthetic-user-075,train
14983,synthetic-user-075,train
14984,synthetic-user-075,train
14985,synthetic-user-075,train
14986,synthetic-user-075,train
14987,synthetic-user-075,train
14988,synthetic-user-075,train
14989,synthetic-user-075,train
14990,synthetic-user-075,train
14991,synthetic-user-075,train
14992,synthetic-user-075,train
14993,synthetic-user-075,train
14994,synthetic-user-075,train
14995,synthetic-user-075,train
14996,synthetic-user-075,train
14997,synthetic-user-075,train
14998,synthetic-user-075,train
14999,synthetic-user-075,train
15000,synthetic-user-075,train
15001,synthetic-user-076,test
15002,synthetic-user-076,test
15003,synthetic-user-076,test
15004,synthetic-user-076,test
15005,synthetic-user-076,test
15006,synthetic-user-076,test
15007,synthetic-user-076,test
15008,synthetic-user-076,test
15009,synthetic-user-076,test
15010,synthetic-user-076,test
15011,synthetic-user-076,test
15012,synthetic-user-076,test
15013,synthetic-user-076,test
15014,synthetic-user-076,test
15015,synthetic-user-076,test
15016,synthetic-user-076,test
15017,synthetic-user-076,test
15018,synthetic-user-076,test
15019,synthetic-user-076,test
15020,synthetic-user-076,test
15021,synthetic-user-076,test
15022,synthetic-user-076,test
15023,synthetic-user-076,test
15024,synthetic-user-076,test
15025,synthetic-user-076,test
15026,synthetic-user-076,test
15027,synthetic-user-076,test
15028,synthetic-user-076,test
15029,synthetic-user-076,test
15030,synthetic-user-076,test
15031,synthetic-user-076,test
15032,synthetic-user-076,test
15033,synthetic-user-076,test
15034,synthetic-user-076,test
15035,synthetic-user-076,test
15036,synthetic-user-076,test
15037,synthetic-user-076,test
15038,synthetic-user-076,test
15039,synthetic-user-076,test
15040,synthetic-user-076,test
15041,synthetic-user-076,test
15042,synthetic-user-076,test
15043,synthetic-user-076,test
15044,synthetic-user-076,test
15045,synthetic-user-076,test
15046,synthetic-user-076,test
15047,synthetic-user-076,test
15048,synthetic-user-076,test
15049,synthetic-user-076,test
15050,synthetic-user-076,test
15051,synthetic-user-076,test
15052,synthetic-user-076,test
15053,synthetic-user-076,test
15054,synthetic-user-076,test
15055,synthetic-user-076,test
15056,synthetic-user-076,test
15057,synthetic-user-076,test
15058,synthetic-user-076,test
15059,synthetic-user-076,test
15060,synthetic-user-076,test
15061,synthetic-user-076,test
15062,synthetic-user-076,test
15063,synthetic-user-076,test
15064,synthetic-user-076,test
15065,synthetic-user-076,test
15066,synthetic-user-076,test
15067,synthetic-user-076,test
15068,synthetic-user-076,test
15069,synthetic-user-076,test
15070,synthetic-user-076,test
15071,synthetic-user-076,test
15072,synthetic-user-076,test
15073,synthetic-user-076,test
15074,synthetic-user-076,test
15075,synthetic-user-076,test
15076,synthetic-user-076,test
15077,synthetic-user-076,test
15078,synthetic-user-076,test
15079,synthetic-user-076,test
15080,synthetic-user-076,test
15081,synthetic-user-076,test
15082,synthetic-user-076,test
15083,synthetic-user-076,test
15084,synthetic-user-076,test
15085,synthetic-user-076,test
15086,synthetic-user-076,test
15087,synthetic-user-076,test
15088,synthetic-user-076,test
15089,synthetic-user-076,test
15090,synthetic-user-076,test
15091,synthetic-user-076,test
15092,synthetic-user-076,test
15093,synthetic-user-076,test
15094,synthetic-user-076,test
15095,synthetic-user-076,test
15096,synthetic-user-076,test
15097,synthetic-user-076,test
15098,synthetic-user-076,test
15099,synthetic-user-076,test
15100,synthetic-user-076,test
15101,synthetic-user-076,test
15102,synthetic-user-076,test
15103,synthetic-user-076,test
15104,synthetic-user-076,test
15105,synthetic-user-076,test
15106,synthetic-user-076,test
15107,synthetic-user-076,test
15108,synthetic-user-076,test
15109,synthetic-user-076,test
15110,synthetic-user-076,test
15111,synthetic-user-076,test
15112,synthetic-user-076,test
15113,synthetic-user-076,test
15114,synthetic-user-076,test
15115,synthetic-user-076,test
15116,synthetic-user-076,test
15117,synthetic-user-076,test
15118,synthetic-user-076,test
15119,synthetic-user-076,test
15120,synthetic-user-076,test
15121,synthetic-user-076,test
15122,synthetic-user-076,test
15123,synthetic-user-076,test
15124,synthetic-user-076,test
15125,synthetic-user-076,test
15126,synthetic-user-076,test
15127,synthetic-user-076,test
15128,synthetic-user-076,test
15129,synthetic-user-076,test
15130,synthetic-user-076,test
15131,synthetic-user-076,test
15132,synthetic-user-076,test
15133,synthetic-user-076,test
15134,synthetic-user-076,test
15135,synthetic-user-076,test
15136,synthetic-user-076,test
15137,synthetic-user-076,test
15138,synthetic-user-076,test
15139,synthetic-user-076,test
15140,synthetic-user-076,test
15141,synthetic-user-076,test
15142,synthetic-user-076,test
15143,synthetic-user-076,test
15144,synthetic-user-076,test
15145,synthetic-user-076,test
15146,synthetic-user-076,test
15147,synthetic-user-076,test
15148,synthetic-user-076,test
15149,synthetic-user-076,test
15150,synthetic-user-076,test
15151,synthetic-user-076,test
15152,synthetic-user-076,test
15153,synthetic-user-076,test
15154,synthetic-user-076,test
15155,synthetic-user-076,test
15156,synthetic-user-076,test
15157,synthetic-user-076,test
15158,synthetic-user-076,test
15159,synthetic-user-076,test
15160,synthetic-user-076,test
15161,synthetic-user-076,test
15162,synthetic-user-076,test
15163,synthetic-user-076,test
15164,synthetic-user-076,test
15165,synthetic-user-076,test
15166,synthetic-user-076,test
15167,synthetic-user-076,test
15168,synthetic-user-076,test
15169,synthetic-user-076,test
15170,synthetic-user-076,test
15171,synthetic-user-076,test
15172,synthetic-user-076,test
15173,synthetic-user-076,test
15174,synthetic-user-076,test
15175,synthetic-user-076,test
15176,synthetic-user-076,test
15177,synthetic-user-076,test
15178,synthetic-user-076,test
15179,synthetic-user-076,test
15180,synthetic-user-076,test
15181,synthetic-user-076,test
15182,synthetic-user-076,test
15183,synthetic-user-076,test
15184,synthetic-user-076,test
15185,synthetic-user-076,test
15186,synthetic-user-076,test
15187,synthetic-user-076,test
15188,synthetic-user-076,test
15189,synthetic-user-076,test
15190,synthetic-user-076,test
15191,synthetic-user-076,test
15192,synthetic-user-076,test
15193,synthetic-user-076,test
15194,synthetic-user-076,test
15195,synthetic-user-076,test
15196,synthetic-user-076,test
15197,synthetic-user-076,test
15198,synthetic-user-076,test
15199,synthetic-user-076,test
15200,synthetic-user-076,test
15201,synthetic-user-077,validation
15202,synthetic-user-077,validation
15203,synthetic-user-077,validation
15204,synthetic-user-077,validation
15205,synthetic-user-077,validation
15206,synthetic-user-077,validation
15207,synthetic-user-077,validation
15208,synthetic-user-077,validation
15209,synthetic-user-077,validation
15210,synthetic-user-077,validation
15211,synthetic-user-077,validation
15212,synthetic-user-077,validation
15213,synthetic-user-077,validation
15214,synthetic-user-077,validation
15215,synthetic-user-077,validation
15216,synthetic-user-077,validation
15217,synthetic-user-077,validation
15218,synthetic-user-077,validation
15219,synthetic-user-077,validation
15220,synthetic-user-077,validation
15221,synthetic-user-077,validation
15222,synthetic-user-077,validation
15223,synthetic-user-077,validation
15224,synthetic-user-077,validation
15225,synthetic-user-077,validation
15226,synthetic-user-077,validation
15227,synthetic-user-077,validation
15228,synthetic-user-077,validation
15229,synthetic-user-077,validation
15230,synthetic-user-077,validation
15231,synthetic-user-077,validation
15232,synthetic-user-077,validation
15233,synthetic-user-077,validation
15234,synthetic-user-077,validation
15235,synthetic-user-077,validation
15236,synthetic-user-077,validation
15237,synthetic-user-077,validation
15238,synthetic-user-077,validation
15239,synthetic-user-077,validation
15240,synthetic-user-077,validation
15241,synthetic-user-077,validation
15242,synthetic-user-077,validation
15243,synthetic-user-077,validation
15244,synthetic-user-077,validation
15245,synthetic-user-077,validation
15246,synthetic-user-077,validation
15247,synthetic-user-077,validation
15248,synthetic-user-077,validation
15249,synthetic-user-077,validation
15250,synthetic-user-077,validation
15251,synthetic-user-077,validation
15252,synthetic-user-077,validation
15253,synthetic-user-077,validation
15254,synthetic-user-077,validation
15255,synthetic-user-077,validation
15256,synthetic-user-077,validation
15257,synthetic-user-077,validation
15258,synthetic-user-077,validation
15259,synthetic-user-077,validation
15260,synthetic-user-077,validation
15261,synthetic-user-077,validation
15262,synthetic-user-077,validation
15263,synthetic-user-077,validation
15264,synthetic-user-077,validation
15265,synthetic-user-077,validation
15266,synthetic-user-077,validation
15267,synthetic-user-077,validation
15268,synthetic-user-077,validation
15269,synthetic-user-077,validation
15270,synthetic-user-077,validation
15271,synthetic-user-077,validation
15272,synthetic-user-077,validation
15273,synthetic-user-077,validation
15274,synthetic-user-077,validation
15275,synthetic-user-077,validation
15276,synthetic-user-077,validation
15277,synthetic-user-077,validation
15278,synthetic-user-077,validation
15279,synthetic-user-077,validation
15280,synthetic-user-077,validation
15281,synthetic-user-077,validation
15282,synthetic-user-077,validation
15283,synthetic-user-077,validation
15284,synthetic-user-077,validation
15285,synthetic-user-077,validation
15286,synthetic-user-077,validation
15287,synthetic-user-077,validation
15288,synthetic-user-077,validation
15289,synthetic-user-077,validation
15290,synthetic-user-077,validation
15291,synthetic-user-077,validation
15292,synthetic-user-077,validation
15293,synthetic-user-077,validation
15294,synthetic-user-077,validation
15295,synthetic-user-077,validation
15296,synthetic-user-077,validation
15297,synthetic-user-077,validation
15298,synthetic-user-077,validation
15299,synthetic-user-077,validation
15300,synthetic-user-077,validation
15301,synthetic-user-077,validation
15302,synthetic-user-077,validation
15303,synthetic-user-077,validation
15304,synthetic-user-077,validation
15305,synthetic-user-077,validation
15306,synthetic-user-077,validation
15307,synthetic-user-077,validation
15308,synthetic-user-077,validation
15309,synthetic-user-077,validation
15310,synthetic-user-077,validation
15311,synthetic-user-077,validation
15312,synthetic-user-077,validation
15313,synthetic-user-077,validation
15314,synthetic-user-077,validation
15315,synthetic-user-077,validation
15316,synthetic-user-077,validation
15317,synthetic-user-077,validation
15318,synthetic-user-077,validation
15319,synthetic-user-077,validation
15320,synthetic-user-077,validation
15321,synthetic-user-077,validation
15322,synthetic-user-077,validation
15323,synthetic-user-077,validation
15324,synthetic-user-077,validation
15325,synthetic-user-077,validation
15326,synthetic-user-077,validation
15327,synthetic-user-077,validation
15328,synthetic-user-077,validation
15329,synthetic-user-077,validation
15330,synthetic-user-077,validation
15331,synthetic-user-077,validation
15332,synthetic-user-077,validation
15333,synthetic-user-077,validation
15334,synthetic-user-077,validation
15335,synthetic-user-077,validation
15336,synthetic-user-077,validation
15337,synthetic-user-077,validation
15338,synthetic-user-077,validation
15339,synthetic-user-077,validation
15340,synthetic-user-077,validation
15341,synthetic-user-077,validation
15342,synthetic-user-077,validation
15343,synthetic-user-077,validation
15344,synthetic-user-077,validation
15345,synthetic-user-077,validation
15346,synthetic-user-077,validation
15347,synthetic-user-077,validation
15348,synthetic-user-077,validation
15349,synthetic-user-077,validation
15350,synthetic-user-077,validation
15351,synthetic-user-077,validation
15352,synthetic-user-077,validation
15353,synthetic-user-077,validation
15354,synthetic-user-077,validation
15355,synthetic-user-077,validation
15356,synthetic-user-077,validation
15357,synthetic-user-077,validation
15358,synthetic-user-077,validation
15359,synthetic-user-077,validation
15360,synthetic-user-077,validation
15361,synthetic-user-077,validation
15362,synthetic-user-077,validation
15363,synthetic-user-077,validation
15364,synthetic-user-077,validation
15365,synthetic-user-077,validation
15366,synthetic-user-077,validation
15367,synthetic-user-077,validation
15368,synthetic-user-077,validation
15369,synthetic-user-077,validation
15370,synthetic-user-077,validation
15371,synthetic-user-077,validation
15372,synthetic-user-077,validation
15373,synthetic-user-077,validation
15374,synthetic-user-077,validation
15375,synthetic-user-077,validation
15376,synthetic-user-077,validation
15377,synthetic-user-077,validation
15378,synthetic-user-077,validation
15379,synthetic-user-077,validation
15380,synthetic-user-077,validation
15381,synthetic-user-077,validation
15382,synthetic-user-077,validation
15383,synthetic-user-077,validation
15384,synthetic-user-077,validation
15385,synthetic-user-077,validation
15386,synthetic-user-077,validation
15387,synthetic-user-077,validation
15388,synthetic-user-077,validation
15389,synthetic-user-077,validation
15390,synthetic-user-077,validation
15391,synthetic-user-077,validation
15392,synthetic-user-077,validation
15393,synthetic-user-077,validation
15394,synthetic-user-077,validation
15395,synthetic-user-077,validation
15396,synthetic-user-077,validation
15397,synthetic-user-077,validation
15398,synthetic-user-077,validation
15399,synthetic-user-077,validation
15400,synthetic-user-077,validation
15401,synthetic-user-078,train
15402,synthetic-user-078,train
15403,synthetic-user-078,train
15404,synthetic-user-078,train
15405,synthetic-user-078,train
15406,synthetic-user-078,train
15407,synthetic-user-078,train
15408,synthetic-user-078,train
15409,synthetic-user-078,train
15410,synthetic-user-078,train
15411,synthetic-user-078,train
15412,synthetic-user-078,train
15413,synthetic-user-078,train
15414,synthetic-user-078,train
15415,synthetic-user-078,train
15416,synthetic-user-078,train
15417,synthetic-user-078,train
15418,synthetic-user-078,train
15419,synthetic-user-078,train
15420,synthetic-user-078,train
15421,synthetic-user-078,train
15422,synthetic-user-078,train
15423,synthetic-user-078,train
15424,synthetic-user-078,train
15425,synthetic-user-078,train
15426,synthetic-user-078,train
15427,synthetic-user-078,train
15428,synthetic-user-078,train
15429,synthetic-user-078,train
15430,synthetic-user-078,train
15431,synthetic-user-078,train
15432,synthetic-user-078,train
15433,synthetic-user-078,train
15434,synthetic-user-078,train
15435,synthetic-user-078,train
15436,synthetic-user-078,train
15437,synthetic-user-078,train
15438,synthetic-user-078,train
15439,synthetic-user-078,train
15440,synthetic-user-078,train
15441,synthetic-user-078,train
15442,synthetic-user-078,train
15443,synthetic-user-078,train
15444,synthetic-user-078,train
15445,synthetic-user-078,train
15446,synthetic-user-078,train
15447,synthetic-user-078,train
15448,synthetic-user-078,train
15449,synthetic-user-078,train
15450,synthetic-user-078,train
15451,synthetic-user-078,train
15452,synthetic-user-078,train
15453,synthetic-user-078,train
15454,synthetic-user-078,train
15455,synthetic-user-078,train
15456,synthetic-user-078,train
15457,synthetic-user-078,train
15458,synthetic-user-078,train
15459,synthetic-user-078,train
15460,synthetic-user-078,train
15461,synthetic-user-078,train
15462,synthetic-user-078,train
15463,synthetic-user-078,train
15464,synthetic-user-078,train
15465,synthetic-user-078,train
15466,synthetic-user-078,train
15467,synthetic-user-078,train
15468,synthetic-user-078,train
15469,synthetic-user-078,train
15470,synthetic-user-078,train
15471,synthetic-user-078,train
15472,synthetic-user-078,train
15473,synthetic-user-078,train
15474,synthetic-user-078,train
15475,synthetic-user-078,train
15476,synthetic-user-078,train
15477,synthetic-user-078,train
15478,synthetic-user-078,train
15479,synthetic-user-078,train
15480,synthetic-user-078,train
15481,synthetic-user-078,train
15482,synthetic-user-078,train
15483,synthetic-user-078,train
15484,synthetic-user-078,train
15485,synthetic-user-078,train
15486,synthetic-user-078,train
15487,synthetic-user-078,train
15488,synthetic-user-078,train
15489,synthetic-user-078,train
15490,synthetic-user-078,train
15491,synthetic-user-078,train
15492,synthetic-user-078,train
15493,synthetic-user-078,train
15494,synthetic-user-078,train
15495,synthetic-user-078,train
15496,synthetic-user-078,train
15497,synthetic-user-078,train
15498,synthetic-user-078,train
15499,synthetic-user-078,train
15500,synthetic-user-078,train
15501,synthetic-user-078,train
15502,synthetic-user-078,train
15503,synthetic-user-078,train
15504,synthetic-user-078,train
15505,synthetic-user-078,train
15506,synthetic-user-078,train
15507,synthetic-user-078,train
15508,synthetic-user-078,train
15509,synthetic-user-078,train
15510,synthetic-user-078,train
15511,synthetic-user-078,train
15512,synthetic-user-078,train
15513,synthetic-user-078,train
15514,synthetic-user-078,train
15515,synthetic-user-078,train
15516,synthetic-user-078,train
15517,synthetic-user-078,train
15518,synthetic-user-078,train
15519,synthetic-user-078,train
15520,synthetic-user-078,train
15521,synthetic-user-078,train
15522,synthetic-user-078,train
15523,synthetic-user-078,train
15524,synthetic-user-078,train
15525,synthetic-user-078,train
15526,synthetic-user-078,train
15527,synthetic-user-078,train
15528,synthetic-user-078,train
15529,synthetic-user-078,train
15530,synthetic-user-078,train
15531,synthetic-user-078,train
15532,synthetic-user-078,train
15533,synthetic-user-078,train
15534,synthetic-user-078,train
15535,synthetic-user-078,train
15536,synthetic-user-078,train
15537,synthetic-user-078,train
15538,synthetic-user-078,train
15539,synthetic-user-078,train
15540,synthetic-user-078,train
15541,synthetic-user-078,train
15542,synthetic-user-078,train
15543,synthetic-user-078,train
15544,synthetic-user-078,train
15545,synthetic-user-078,train
15546,synthetic-user-078,train
15547,synthetic-user-078,train
15548,synthetic-user-078,train
15549,synthetic-user-078,train
15550,synthetic-user-078,train
15551,synthetic-user-078,train
15552,synthetic-user-078,train
15553,synthetic-user-078,train
15554,synthetic-user-078,train
15555,synthetic-user-078,train
15556,synthetic-user-078,train
15557,synthetic-user-078,train
15558,synthetic-user-078,train
15559,synthetic-user-078,train
15560,synthetic-user-078,train
15561,synthetic-user-078,train
15562,synthetic-user-078,train
15563,synthetic-user-078,train
15564,synthetic-user-078,train
15565,synthetic-user-078,train
15566,synthetic-user-078,train
15567,synthetic-user-078,train
15568,synthetic-user-078,train
15569,synthetic-user-078,train
15570,synthetic-user-078,train
15571,synthetic-user-078,train
15572,synthetic-user-078,train
15573,synthetic-user-078,train
15574,synthetic-user-078,train
15575,synthetic-user-078,train
15576,synthetic-user-078,train
15577,synthetic-user-078,train
15578,synthetic-user-078,train
15579,synthetic-user-078,train
15580,synthetic-user-078,train
15581,synthetic-user-078,train
15582,synthetic-user-078,train
15583,synthetic-user-078,train
15584,synthetic-user-078,train
15585,synthetic-user-078,train
15586,synthetic-user-078,train
15587,synthetic-user-078,train
15588,synthetic-user-078,train
15589,synthetic-user-078,train
15590,synthetic-user-078,train
15591,synthetic-user-078,train
15592,synthetic-user-078,train
15593,synthetic-user-078,train
15594,synthetic-user-078,train
15595,synthetic-user-078,train
15596,synthetic-user-078,train
15597,synthetic-user-078,train
15598,synthetic-user-078,train
15599,synthetic-user-078,train
15600,synthetic-user-078,train
15601,synthetic-user-079,train
15602,synthetic-user-079,train
15603,synthetic-user-079,train
15604,synthetic-user-079,train
15605,synthetic-user-079,train
15606,synthetic-user-079,train
15607,synthetic-user-079,train
15608,synthetic-user-079,train
15609,synthetic-user-079,train
15610,synthetic-user-079,train
15611,synthetic-user-079,train
15612,synthetic-user-079,train
15613,synthetic-user-079,train
15614,synthetic-user-079,train
15615,synthetic-user-079,train
15616,synthetic-user-079,train
15617,synthetic-user-079,train
15618,synthetic-user-079,train
15619,synthetic-user-079,train
15620,synthetic-user-079,train
15621,synthetic-user-079,train
15622,synthetic-user-079,train
15623,synthetic-user-079,train
15624,synthetic-user-079,train
15625,synthetic-user-079,train
15626,synthetic-user-079,train
15627,synthetic-user-079,train
15628,synthetic-user-079,train
15629,synthetic-user-079,train
15630,synthetic-user-079,train
15631,synthetic-user-079,train
15632,synthetic-user-079,train
15633,synthetic-user-079,train
15634,synthetic-user-079,train
15635,synthetic-user-079,train
15636,synthetic-user-079,train
15637,synthetic-user-079,train
15638,synthetic-user-079,train
15639,synthetic-user-079,train
15640,synthetic-user-079,train
15641,synthetic-user-079,train
15642,synthetic-user-079,train
15643,synthetic-user-079,train
15644,synthetic-user-079,train
15645,synthetic-user-079,train
15646,synthetic-user-079,train
15647,synthetic-user-079,train
15648,synthetic-user-079,train
15649,synthetic-user-079,train
15650,synthetic-user-079,train
15651,synthetic-user-079,train
15652,synthetic-user-079,train
15653,synthetic-user-079,train
15654,synthetic-user-079,train
15655,synthetic-user-079,train
15656,synthetic-user-079,train
15657,synthetic-user-079,train
15658,synthetic-user-079,train
15659,synthetic-user-079,train
15660,synthetic-user-079,train
15661,synthetic-user-079,train
15662,synthetic-user-079,train
15663,synthetic-user-079,train
15664,synthetic-user-079,train
15665,synthetic-user-079,train
15666,synthetic-user-079,train
15667,synthetic-user-079,train
15668,synthetic-user-079,train
15669,synthetic-user-079,train
15670,synthetic-user-079,train
15671,synthetic-user-079,train
15672,synthetic-user-079,train
15673,synthetic-user-079,train
15674,synthetic-user-079,train
15675,synthetic-user-079,train
15676,synthetic-user-079,train
15677,synthetic-user-079,train
15678,synthetic-user-079,train
15679,synthetic-user-079,train
15680,synthetic-user-079,train
15681,synthetic-user-079,train
15682,synthetic-user-079,train
15683,synthetic-user-079,train
15684,synthetic-user-079,train
15685,synthetic-user-079,train
15686,synthetic-user-079,train
15687,synthetic-user-079,train
15688,synthetic-user-079,train
15689,synthetic-user-079,train
15690,synthetic-user-079,train
15691,synthetic-user-079,train
15692,synthetic-user-079,train
15693,synthetic-user-079,train
15694,synthetic-user-079,train
15695,synthetic-user-079,train
15696,synthetic-user-079,train
15697,synthetic-user-079,train
15698,synthetic-user-079,train
15699,synthetic-user-079,train
15700,synthetic-user-079,train
15701,synthetic-user-079,train
15702,synthetic-user-079,train
15703,synthetic-user-079,train
15704,synthetic-user-079,train
15705,synthetic-user-079,train
15706,synthetic-user-079,train
15707,synthetic-user-079,train
15708,synthetic-user-079,train
15709,synthetic-user-079,train
15710,synthetic-user-079,train
15711,synthetic-user-079,train
15712,synthetic-user-079,train
15713,synthetic-user-079,train
15714,synthetic-user-079,train
15715,synthetic-user-079,train
15716,synthetic-user-079,train
15717,synthetic-user-079,train
15718,synthetic-user-079,train
15719,synthetic-user-079,train
15720,synthetic-user-079,train
15721,synthetic-user-079,train
15722,synthetic-user-079,train
15723,synthetic-user-079,train
15724,synthetic-user-079,train
15725,synthetic-user-079,train
15726,synthetic-user-079,train
15727,synthetic-user-079,train
15728,synthetic-user-079,train
15729,synthetic-user-079,train
15730,synthetic-user-079,train
15731,synthetic-user-079,train
15732,synthetic-user-079,train
15733,synthetic-user-079,train
15734,synthetic-user-079,train
15735,synthetic-user-079,train
15736,synthetic-user-079,train
15737,synthetic-user-079,train
15738,synthetic-user-079,train
15739,synthetic-user-079,train
15740,synthetic-user-079,train
15741,synthetic-user-079,train
15742,synthetic-user-079,train
15743,synthetic-user-079,train
15744,synthetic-user-079,train
15745,synthetic-user-079,train
15746,synthetic-user-079,train
15747,synthetic-user-079,train
15748,synthetic-user-079,train
15749,synthetic-user-079,train
15750,synthetic-user-079,train
15751,synthetic-user-079,train
15752,synthetic-user-079,train
15753,synthetic-user-079,train
15754,synthetic-user-079,train
15755,synthetic-user-079,train
15756,synthetic-user-079,train
15757,synthetic-user-079,train
15758,synthetic-user-079,train
15759,synthetic-user-079,train
15760,synthetic-user-079,train
15761,synthetic-user-079,train
15762,synthetic-user-079,train
15763,synthetic-user-079,train
15764,synthetic-user-079,train
15765,synthetic-user-079,train
15766,synthetic-user-079,train
15767,synthetic-user-079,train
15768,synthetic-user-079,train
15769,synthetic-user-079,train
15770,synthetic-user-079,train
15771,synthetic-user-079,train
15772,synthetic-user-079,train
15773,synthetic-user-079,train
15774,synthetic-user-079,train
15775,synthetic-user-079,train
15776,synthetic-user-079,train
15777,synthetic-user-079,train
15778,synthetic-user-079,train
15779,synthetic-user-079,train
15780,synthetic-user-079,train
15781,synthetic-user-079,train
15782,synthetic-user-079,train
15783,synthetic-user-079,train
15784,synthetic-user-079,train
15785,synthetic-user-079,train
15786,synthetic-user-079,train
15787,synthetic-user-079,train
15788,synthetic-user-079,train
15789,synthetic-user-079,train
15790,synthetic-user-079,train
15791,synthetic-user-079,train
15792,synthetic-user-079,train
15793,synthetic-user-079,train
15794,synthetic-user-079,train
15795,synthetic-user-079,train
15796,synthetic-user-079,train
15797,synthetic-user-079,train
15798,synthetic-user-079,train
15799,synthetic-user-079,train
15800,synthetic-user-079,train
15801,synthetic-user-080,train
15802,synthetic-user-080,train
15803,synthetic-user-080,train
15804,synthetic-user-080,train
15805,synthetic-user-080,train
15806,synthetic-user-080,train
15807,synthetic-user-080,train
15808,synthetic-user-080,train
15809,synthetic-user-080,train
15810,synthetic-user-080,train
15811,synthetic-user-080,train
15812,synthetic-user-080,train
15813,synthetic-user-080,train
15814,synthetic-user-080,train
15815,synthetic-user-080,train
15816,synthetic-user-080,train
15817,synthetic-user-080,train
15818,synthetic-user-080,train
15819,synthetic-user-080,train
15820,synthetic-user-080,train
15821,synthetic-user-080,train
15822,synthetic-user-080,train
15823,synthetic-user-080,train
15824,synthetic-user-080,train
15825,synthetic-user-080,train
15826,synthetic-user-080,train
15827,synthetic-user-080,train
15828,synthetic-user-080,train
15829,synthetic-user-080,train
15830,synthetic-user-080,train
15831,synthetic-user-080,train
15832,synthetic-user-080,train
15833,synthetic-user-080,train
15834,synthetic-user-080,train
15835,synthetic-user-080,train
15836,synthetic-user-080,train
15837,synthetic-user-080,train
15838,synthetic-user-080,train
15839,synthetic-user-080,train
15840,synthetic-user-080,train
15841,synthetic-user-080,train
15842,synthetic-user-080,train
15843,synthetic-user-080,train
15844,synthetic-user-080,train
15845,synthetic-user-080,train
15846,synthetic-user-080,train
15847,synthetic-user-080,train
15848,synthetic-user-080,train
15849,synthetic-user-080,train
15850,synthetic-user-080,train
15851,synthetic-user-080,train
15852,synthetic-user-080,train
15853,synthetic-user-080,train
15854,synthetic-user-080,train
15855,synthetic-user-080,train
15856,synthetic-user-080,train
15857,synthetic-user-080,train
15858,synthetic-user-080,train
15859,synthetic-user-080,train
15860,synthetic-user-080,train
15861,synthetic-user-080,train
15862,synthetic-user-080,train
15863,synthetic-user-080,train
15864,synthetic-user-080,train
15865,synthetic-user-080,train
15866,synthetic-user-080,train
15867,synthetic-user-080,train
15868,synthetic-user-080,train
15869,synthetic-user-080,train
15870,synthetic-user-080,train
15871,synthetic-user-080,train
15872,synthetic-user-080,train
15873,synthetic-user-080,train
15874,synthetic-user-080,train
15875,synthetic-user-080,train
15876,synthetic-user-080,train
15877,synthetic-user-080,train
15878,synthetic-user-080,train
15879,synthetic-user-080,train
15880,synthetic-user-080,train
15881,synthetic-user-080,train
15882,synthetic-user-080,train
15883,synthetic-user-080,train
15884,synthetic-user-080,train
15885,synthetic-user-080,train
15886,synthetic-user-080,train
15887,synthetic-user-080,train
15888,synthetic-user-080,train
15889,synthetic-user-080,train
15890,synthetic-user-080,train
15891,synthetic-user-080,train
15892,synthetic-user-080,train
15893,synthetic-user-080,train
15894,synthetic-user-080,train
15895,synthetic-user-080,train
15896,synthetic-user-080,train
15897,synthetic-user-080,train
15898,synthetic-user-080,train
15899,synthetic-user-080,train
15900,synthetic-user-080,train
15901,synthetic-user-080,train
15902,synthetic-user-080,train
15903,synthetic-user-080,train
15904,synthetic-user-080,train
15905,synthetic-user-080,train
15906,synthetic-user-080,train
15907,synthetic-user-080,train
15908,synthetic-user-080,train
15909,synthetic-user-080,train
15910,synthetic-user-080,train
15911,synthetic-user-080,train
15912,synthetic-user-080,train
15913,synthetic-user-080,train
15914,synthetic-user-080,train
15915,synthetic-user-080,train
15916,synthetic-user-080,train
15917,synthetic-user-080,train
15918,synthetic-user-080,train
15919,synthetic-user-080,train
15920,synthetic-user-080,train
15921,synthetic-user-080,train
15922,synthetic-user-080,train
15923,synthetic-user-080,train
15924,synthetic-user-080,train
15925,synthetic-user-080,train
15926,synthetic-user-080,train
15927,synthetic-user-080,train
15928,synthetic-user-080,train
15929,synthetic-user-080,train
15930,synthetic-user-080,train
15931,synthetic-user-080,train
15932,synthetic-user-080,train
15933,synthetic-user-080,train
15934,synthetic-user-080,train
15935,synthetic-user-080,train
15936,synthetic-user-080,train
15937,synthetic-user-080,train
15938,synthetic-user-080,train
15939,synthetic-user-080,train
15940,synthetic-user-080,train
15941,synthetic-user-080,train
15942,synthetic-user-080,train
15943,synthetic-user-080,train
15944,synthetic-user-080,train
15945,synthetic-user-080,train
15946,synthetic-user-080,train
15947,synthetic-user-080,train
15948,synthetic-user-080,train
15949,synthetic-user-080,train
15950,synthetic-user-080,train
15951,synthetic-user-080,train
15952,synthetic-user-080,train
15953,synthetic-user-080,train
15954,synthetic-user-080,train
15955,synthetic-user-080,train
15956,synthetic-user-080,train
15957,synthetic-user-080,train
15958,synthetic-user-080,train
15959,synthetic-user-080,train
15960,synthetic-user-080,train
15961,synthetic-user-080,train
15962,synthetic-user-080,train
15963,synthetic-user-080,train
15964,synthetic-user-080,train
15965,synthetic-user-080,train
15966,synthetic-user-080,train
15967,synthetic-user-080,train
15968,synthetic-user-080,train
15969,synthetic-user-080,train
15970,synthetic-user-080,train
15971,synthetic-user-080,train
15972,synthetic-user-080,train
15973,synthetic-user-080,train
15974,synthetic-user-080,train
15975,synthetic-user-080,train
15976,synthetic-user-080,train
15977,synthetic-user-080,train
15978,synthetic-user-080,train
15979,synthetic-user-080,train
15980,synthetic-user-080,train
15981,synthetic-user-080,train
15982,synthetic-user-080,train
15983,synthetic-user-080,train
15984,synthetic-user-080,train
15985,synthetic-user-080,train
15986,synthetic-user-080,train
15987,synthetic-user-080,train
15988,synthetic-user-080,train
15989,synthetic-user-080,train
15990,synthetic-user-080,train
15991,synthetic-user-080,train
15992,synthetic-user-080,train
15993,synthetic-user-080,train
15994,synthetic-user-080,train
15995,synthetic-user-080,train
15996,synthetic-user-080,train
15997,synthetic-user-080,train
15998,synthetic-user-080,train
15999,synthetic-user-080,train
16000,synthetic-user-080,train
16001,synthetic-user-081,test
16002,synthetic-user-081,test
16003,synthetic-user-081,test
16004,synthetic-user-081,test
16005,synthetic-user-081,test
16006,synthetic-user-081,test
16007,synthetic-user-081,test
16008,synthetic-user-081,test
16009,synthetic-user-081,test
16010,synthetic-user-081,test
16011,synthetic-user-081,test
16012,synthetic-user-081,test
16013,synthetic-user-081,test
16014,synthetic-user-081,test
16015,synthetic-user-081,test
16016,synthetic-user-081,test
16017,synthetic-user-081,test
16018,synthetic-user-081,test
16019,synthetic-user-081,test
16020,synthetic-user-081,test
16021,synthetic-user-081,test
16022,synthetic-user-081,test
16023,synthetic-user-081,test
16024,synthetic-user-081,test
16025,synthetic-user-081,test
16026,synthetic-user-081,test
16027,synthetic-user-081,test
16028,synthetic-user-081,test
16029,synthetic-user-081,test
16030,synthetic-user-081,test
16031,synthetic-user-081,test
16032,synthetic-user-081,test
16033,synthetic-user-081,test
16034,synthetic-user-081,test
16035,synthetic-user-081,test
16036,synthetic-user-081,test
16037,synthetic-user-081,test
16038,synthetic-user-081,test
16039,synthetic-user-081,test
16040,synthetic-user-081,test
16041,synthetic-user-081,test
16042,synthetic-user-081,test
16043,synthetic-user-081,test
16044,synthetic-user-081,test
16045,synthetic-user-081,test
16046,synthetic-user-081,test
16047,synthetic-user-081,test
16048,synthetic-user-081,test
16049,synthetic-user-081,test
16050,synthetic-user-081,test
16051,synthetic-user-081,test
16052,synthetic-user-081,test
16053,synthetic-user-081,test
16054,synthetic-user-081,test
16055,synthetic-user-081,test
16056,synthetic-user-081,test
16057,synthetic-user-081,test
16058,synthetic-user-081,test
16059,synthetic-user-081,test
16060,synthetic-user-081,test
16061,synthetic-user-081,test
16062,synthetic-user-081,test
16063,synthetic-user-081,test
16064,synthetic-user-081,test
16065,synthetic-user-081,test
16066,synthetic-user-081,test
16067,synthetic-user-081,test
16068,synthetic-user-081,test
16069,synthetic-user-081,test
16070,synthetic-user-081,test
16071,synthetic-user-081,test
16072,synthetic-user-081,test
16073,synthetic-user-081,test
16074,synthetic-user-081,test
16075,synthetic-user-081,test
16076,synthetic-user-081,test
16077,synthetic-user-081,test
16078,synthetic-user-081,test
16079,synthetic-user-081,test
16080,synthetic-user-081,test
16081,synthetic-user-081,test
16082,synthetic-user-081,test
16083,synthetic-user-081,test
16084,synthetic-user-081,test
16085,synthetic-user-081,test
16086,synthetic-user-081,test
16087,synthetic-user-081,test
16088,synthetic-user-081,test
16089,synthetic-user-081,test
16090,synthetic-user-081,test
16091,synthetic-user-081,test
16092,synthetic-user-081,test
16093,synthetic-user-081,test
16094,synthetic-user-081,test
16095,synthetic-user-081,test
16096,synthetic-user-081,test
16097,synthetic-user-081,test
16098,synthetic-user-081,test
16099,synthetic-user-081,test
16100,synthetic-user-081,test
16101,synthetic-user-081,test
16102,synthetic-user-081,test
16103,synthetic-user-081,test
16104,synthetic-user-081,test
16105,synthetic-user-081,test
16106,synthetic-user-081,test
16107,synthetic-user-081,test
16108,synthetic-user-081,test
16109,synthetic-user-081,test
16110,synthetic-user-081,test
16111,synthetic-user-081,test
16112,synthetic-user-081,test
16113,synthetic-user-081,test
16114,synthetic-user-081,test
16115,synthetic-user-081,test
16116,synthetic-user-081,test
16117,synthetic-user-081,test
16118,synthetic-user-081,test
16119,synthetic-user-081,test
16120,synthetic-user-081,test
16121,synthetic-user-081,test
16122,synthetic-user-081,test
16123,synthetic-user-081,test
16124,synthetic-user-081,test
16125,synthetic-user-081,test
16126,synthetic-user-081,test
16127,synthetic-user-081,test
16128,synthetic-user-081,test
16129,synthetic-user-081,test
16130,synthetic-user-081,test
16131,synthetic-user-081,test
16132,synthetic-user-081,test
16133,synthetic-user-081,test
16134,synthetic-user-081,test
16135,synthetic-user-081,test
16136,synthetic-user-081,test
16137,synthetic-user-081,test
16138,synthetic-user-081,test
16139,synthetic-user-081,test
16140,synthetic-user-081,test
16141,synthetic-user-081,test
16142,synthetic-user-081,test
16143,synthetic-user-081,test
16144,synthetic-user-081,test
16145,synthetic-user-081,test
16146,synthetic-user-081,test
16147,synthetic-user-081,test
16148,synthetic-user-081,test
16149,synthetic-user-081,test
16150,synthetic-user-081,test
16151,synthetic-user-081,test
16152,synthetic-user-081,test
16153,synthetic-user-081,test
16154,synthetic-user-081,test
16155,synthetic-user-081,test
16156,synthetic-user-081,test
16157,synthetic-user-081,test
16158,synthetic-user-081,test
16159,synthetic-user-081,test
16160,synthetic-user-081,test
16161,synthetic-user-081,test
16162,synthetic-user-081,test
16163,synthetic-user-081,test
16164,synthetic-user-081,test
16165,synthetic-user-081,test
16166,synthetic-user-081,test
16167,synthetic-user-081,test
16168,synthetic-user-081,test
16169,synthetic-user-081,test
16170,synthetic-user-081,test
16171,synthetic-user-081,test
16172,synthetic-user-081,test
16173,synthetic-user-081,test
16174,synthetic-user-081,test
16175,synthetic-user-081,test
16176,synthetic-user-081,test
16177,synthetic-user-081,test
16178,synthetic-user-081,test
16179,synthetic-user-081,test
16180,synthetic-user-081,test
16181,synthetic-user-081,test
16182,synthetic-user-081,test
16183,synthetic-user-081,test
16184,synthetic-user-081,test
16185,synthetic-user-081,test
16186,synthetic-user-081,test
16187,synthetic-user-081,test
16188,synthetic-user-081,test
16189,synthetic-user-081,test
16190,synthetic-user-081,test
16191,synthetic-user-081,test
16192,synthetic-user-081,test
16193,synthetic-user-081,test
16194,synthetic-user-081,test
16195,synthetic-user-081,test
16196,synthetic-user-081,test
16197,synthetic-user-081,test
16198,synthetic-user-081,test
16199,synthetic-user-081,test
16200,synthetic-user-081,test
16201,synthetic-user-082,validation
16202,synthetic-user-082,validation
16203,synthetic-user-082,validation
16204,synthetic-user-082,validation
16205,synthetic-user-082,validation
16206,synthetic-user-082,validation
16207,synthetic-user-082,validation
16208,synthetic-user-082,validation
16209,synthetic-user-082,validation
16210,synthetic-user-082,validation
16211,synthetic-user-082,validation
16212,synthetic-user-082,validation
16213,synthetic-user-082,validation
16214,synthetic-user-082,validation
16215,synthetic-user-082,validation
16216,synthetic-user-082,validation
16217,synthetic-user-082,validation
16218,synthetic-user-082,validation
16219,synthetic-user-082,validation
16220,synthetic-user-082,validation
16221,synthetic-user-082,validation
16222,synthetic-user-082,validation
16223,synthetic-user-082,validation
16224,synthetic-user-082,validation
16225,synthetic-user-082,validation
16226,synthetic-user-082,validation
16227,synthetic-user-082,validation
16228,synthetic-user-082,validation
16229,synthetic-user-082,validation
16230,synthetic-user-082,validation
16231,synthetic-user-082,validation
16232,synthetic-user-082,validation
16233,synthetic-user-082,validation
16234,synthetic-user-082,validation
16235,synthetic-user-082,validation
16236,synthetic-user-082,validation
16237,synthetic-user-082,validation
16238,synthetic-user-082,validation
16239,synthetic-user-082,validation
16240,synthetic-user-082,validation
16241,synthetic-user-082,validation
16242,synthetic-user-082,validation
16243,synthetic-user-082,validation
16244,synthetic-user-082,validation
16245,synthetic-user-082,validation
16246,synthetic-user-082,validation
16247,synthetic-user-082,validation
16248,synthetic-user-082,validation
16249,synthetic-user-082,validation
16250,synthetic-user-082,validation
16251,synthetic-user-082,validation
16252,synthetic-user-082,validation
16253,synthetic-user-082,validation
16254,synthetic-user-082,validation
16255,synthetic-user-082,validation
16256,synthetic-user-082,validation
16257,synthetic-user-082,validation
16258,synthetic-user-082,validation
16259,synthetic-user-082,validation
16260,synthetic-user-082,validation
16261,synthetic-user-082,validation
16262,synthetic-user-082,validation
16263,synthetic-user-082,validation
16264,synthetic-user-082,validation
16265,synthetic-user-082,validation
16266,synthetic-user-082,validation
16267,synthetic-user-082,validation
16268,synthetic-user-082,validation
16269,synthetic-user-082,validation
16270,synthetic-user-082,validation
16271,synthetic-user-082,validation
16272,synthetic-user-082,validation
16273,synthetic-user-082,validation
16274,synthetic-user-082,validation
16275,synthetic-user-082,validation
16276,synthetic-user-082,validation
16277,synthetic-user-082,validation
16278,synthetic-user-082,validation
16279,synthetic-user-082,validation
16280,synthetic-user-082,validation
16281,synthetic-user-082,validation
16282,synthetic-user-082,validation
16283,synthetic-user-082,validation
16284,synthetic-user-082,validation
16285,synthetic-user-082,validation
16286,synthetic-user-082,validation
16287,synthetic-user-082,validation
16288,synthetic-user-082,validation
16289,synthetic-user-082,validation
16290,synthetic-user-082,validation
16291,synthetic-user-082,validation
16292,synthetic-user-082,validation
16293,synthetic-user-082,validation
16294,synthetic-user-082,validation
16295,synthetic-user-082,validation
16296,synthetic-user-082,validation
16297,synthetic-user-082,validation
16298,synthetic-user-082,validation
16299,synthetic-user-082,validation
16300,synthetic-user-082,validation
16301,synthetic-user-082,validation
16302,synthetic-user-082,validation
16303,synthetic-user-082,validation
16304,synthetic-user-082,validation
16305,synthetic-user-082,validation
16306,synthetic-user-082,validation
16307,synthetic-user-082,validation
16308,synthetic-user-082,validation
16309,synthetic-user-082,validation
16310,synthetic-user-082,validation
16311,synthetic-user-082,validation
16312,synthetic-user-082,validation
16313,synthetic-user-082,validation
16314,synthetic-user-082,validation
16315,synthetic-user-082,validation
16316,synthetic-user-082,validation
16317,synthetic-user-082,validation
16318,synthetic-user-082,validation
16319,synthetic-user-082,validation
16320,synthetic-user-082,validation
16321,synthetic-user-082,validation
16322,synthetic-user-082,validation
16323,synthetic-user-082,validation
16324,synthetic-user-082,validation
16325,synthetic-user-082,validation
16326,synthetic-user-082,validation
16327,synthetic-user-082,validation
16328,synthetic-user-082,validation
16329,synthetic-user-082,validation
16330,synthetic-user-082,validation
16331,synthetic-user-082,validation
16332,synthetic-user-082,validation
16333,synthetic-user-082,validation
16334,synthetic-user-082,validation
16335,synthetic-user-082,validation
16336,synthetic-user-082,validation
16337,synthetic-user-082,validation
16338,synthetic-user-082,validation
16339,synthetic-user-082,validation
16340,synthetic-user-082,validation
16341,synthetic-user-082,validation
16342,synthetic-user-082,validation
16343,synthetic-user-082,validation
16344,synthetic-user-082,validation
16345,synthetic-user-082,validation
16346,synthetic-user-082,validation
16347,synthetic-user-082,validation
16348,synthetic-user-082,validation
16349,synthetic-user-082,validation
16350,synthetic-user-082,validation
16351,synthetic-user-082,validation
16352,synthetic-user-082,validation
16353,synthetic-user-082,validation
16354,synthetic-user-082,validation
16355,synthetic-user-082,validation
16356,synthetic-user-082,validation
16357,synthetic-user-082,validation
16358,synthetic-user-082,validation
16359,synthetic-user-082,validation
16360,synthetic-user-082,validation
16361,synthetic-user-082,validation
16362,synthetic-user-082,validation
16363,synthetic-user-082,validation
16364,synthetic-user-082,validation
16365,synthetic-user-082,validation
16366,synthetic-user-082,validation
16367,synthetic-user-082,validation
16368,synthetic-user-082,validation
16369,synthetic-user-082,validation
16370,synthetic-user-082,validation
16371,synthetic-user-082,validation
16372,synthetic-user-082,validation
16373,synthetic-user-082,validation
16374,synthetic-user-082,validation
16375,synthetic-user-082,validation
16376,synthetic-user-082,validation
16377,synthetic-user-082,validation
16378,synthetic-user-082,validation
16379,synthetic-user-082,validation
16380,synthetic-user-082,validation
16381,synthetic-user-082,validation
16382,synthetic-user-082,validation
16383,synthetic-user-082,validation
16384,synthetic-user-082,validation
16385,synthetic-user-082,validation
16386,synthetic-user-082,validation
16387,synthetic-user-082,validation
16388,synthetic-user-082,validation
16389,synthetic-user-082,validation
16390,synthetic-user-082,validation
16391,synthetic-user-082,validation
16392,synthetic-user-082,validation
16393,synthetic-user-082,validation
16394,synthetic-user-082,validation
16395,synthetic-user-082,validation
16396,synthetic-user-082,validation
16397,synthetic-user-082,validation
16398,synthetic-user-082,validation
16399,synthetic-user-082,validation
16400,synthetic-user-082,validation
16401,synthetic-user-083,train
16402,synthetic-user-083,train
16403,synthetic-user-083,train
16404,synthetic-user-083,train
16405,synthetic-user-083,train
16406,synthetic-user-083,train
16407,synthetic-user-083,train
16408,synthetic-user-083,train
16409,synthetic-user-083,train
16410,synthetic-user-083,train
16411,synthetic-user-083,train
16412,synthetic-user-083,train
16413,synthetic-user-083,train
16414,synthetic-user-083,train
16415,synthetic-user-083,train
16416,synthetic-user-083,train
16417,synthetic-user-083,train
16418,synthetic-user-083,train
16419,synthetic-user-083,train
16420,synthetic-user-083,train
16421,synthetic-user-083,train
16422,synthetic-user-083,train
16423,synthetic-user-083,train
16424,synthetic-user-083,train
16425,synthetic-user-083,train
16426,synthetic-user-083,train
16427,synthetic-user-083,train
16428,synthetic-user-083,train
16429,synthetic-user-083,train
16430,synthetic-user-083,train
16431,synthetic-user-083,train
16432,synthetic-user-083,train
16433,synthetic-user-083,train
16434,synthetic-user-083,train
16435,synthetic-user-083,train
16436,synthetic-user-083,train
16437,synthetic-user-083,train
16438,synthetic-user-083,train
16439,synthetic-user-083,train
16440,synthetic-user-083,train
16441,synthetic-user-083,train
16442,synthetic-user-083,train
16443,synthetic-user-083,train
16444,synthetic-user-083,train
16445,synthetic-user-083,train
16446,synthetic-user-083,train
16447,synthetic-user-083,train
16448,synthetic-user-083,train
16449,synthetic-user-083,train
16450,synthetic-user-083,train
16451,synthetic-user-083,train
16452,synthetic-user-083,train
16453,synthetic-user-083,train
16454,synthetic-user-083,train
16455,synthetic-user-083,train
16456,synthetic-user-083,train
16457,synthetic-user-083,train
16458,synthetic-user-083,train
16459,synthetic-user-083,train
16460,synthetic-user-083,train
16461,synthetic-user-083,train
16462,synthetic-user-083,train
16463,synthetic-user-083,train
16464,synthetic-user-083,train
16465,synthetic-user-083,train
16466,synthetic-user-083,train
16467,synthetic-user-083,train
16468,synthetic-user-083,train
16469,synthetic-user-083,train
16470,synthetic-user-083,train
16471,synthetic-user-083,train
16472,synthetic-user-083,train
16473,synthetic-user-083,train
16474,synthetic-user-083,train
16475,synthetic-user-083,train
16476,synthetic-user-083,train
16477,synthetic-user-083,train
16478,synthetic-user-083,train
16479,synthetic-user-083,train
16480,synthetic-user-083,train
16481,synthetic-user-083,train
16482,synthetic-user-083,train
16483,synthetic-user-083,train
16484,synthetic-user-083,train
16485,synthetic-user-083,train
16486,synthetic-user-083,train
16487,synthetic-user-083,train
16488,synthetic-user-083,train
16489,synthetic-user-083,train
16490,synthetic-user-083,train
16491,synthetic-user-083,train
16492,synthetic-user-083,train
16493,synthetic-user-083,train
16494,synthetic-user-083,train
16495,synthetic-user-083,train
16496,synthetic-user-083,train
16497,synthetic-user-083,train
16498,synthetic-user-083,train
16499,synthetic-user-083,train
16500,synthetic-user-083,train
16501,synthetic-user-083,train
16502,synthetic-user-083,train
16503,synthetic-user-083,train
16504,synthetic-user-083,train
16505,synthetic-user-083,train
16506,synthetic-user-083,train
16507,synthetic-user-083,train
16508,synthetic-user-083,train
16509,synthetic-user-083,train
16510,synthetic-user-083,train
16511,synthetic-user-083,train
16512,synthetic-user-083,train
16513,synthetic-user-083,train
16514,synthetic-user-083,train
16515,synthetic-user-083,train
16516,synthetic-user-083,train
16517,synthetic-user-083,train
16518,synthetic-user-083,train
16519,synthetic-user-083,train
16520,synthetic-user-083,train
16521,synthetic-user-083,train
16522,synthetic-user-083,train
16523,synthetic-user-083,train
16524,synthetic-user-083,train
16525,synthetic-user-083,train
16526,synthetic-user-083,train
16527,synthetic-user-083,train
16528,synthetic-user-083,train
16529,synthetic-user-083,train
16530,synthetic-user-083,train
16531,synthetic-user-083,train
16532,synthetic-user-083,train
16533,synthetic-user-083,train
16534,synthetic-user-083,train
16535,synthetic-user-083,train
16536,synthetic-user-083,train
16537,synthetic-user-083,train
16538,synthetic-user-083,train
16539,synthetic-user-083,train
16540,synthetic-user-083,train
16541,synthetic-user-083,train
16542,synthetic-user-083,train
16543,synthetic-user-083,train
16544,synthetic-user-083,train
16545,synthetic-user-083,train
16546,synthetic-user-083,train
16547,synthetic-user-083,train
16548,synthetic-user-083,train
16549,synthetic-user-083,train
16550,synthetic-user-083,train
16551,synthetic-user-083,train
16552,synthetic-user-083,train
16553,synthetic-user-083,train
16554,synthetic-user-083,train
16555,synthetic-user-083,train
16556,synthetic-user-083,train
16557,synthetic-user-083,train
16558,synthetic-user-083,train
16559,synthetic-user-083,train
16560,synthetic-user-083,train
16561,synthetic-user-083,train
16562,synthetic-user-083,train
16563,synthetic-user-083,train
16564,synthetic-user-083,train
16565,synthetic-user-083,train
16566,synthetic-user-083,train
16567,synthetic-user-083,train
16568,synthetic-user-083,train
16569,synthetic-user-083,train
16570,synthetic-user-083,train
16571,synthetic-user-083,train
16572,synthetic-user-083,train
16573,synthetic-user-083,train
16574,synthetic-user-083,train
16575,synthetic-user-083,train
16576,synthetic-user-083,train
16577,synthetic-user-083,train
16578,synthetic-user-083,train
16579,synthetic-user-083,train
16580,synthetic-user-083,train
16581,synthetic-user-083,train
16582,synthetic-user-083,train
16583,synthetic-user-083,train
16584,synthetic-user-083,train
16585,synthetic-user-083,train
16586,synthetic-user-083,train
16587,synthetic-user-083,train
16588,synthetic-user-083,train
16589,synthetic-user-083,train
16590,synthetic-user-083,train
16591,synthetic-user-083,train
16592,synthetic-user-083,train
16593,synthetic-user-083,train
16594,synthetic-user-083,train
16595,synthetic-user-083,train
16596,synthetic-user-083,train
16597,synthetic-user-083,train
16598,synthetic-user-083,train
16599,synthetic-user-083,train
16600,synthetic-user-083,train
16601,synthetic-user-084,train
16602,synthetic-user-084,train
16603,synthetic-user-084,train
16604,synthetic-user-084,train
16605,synthetic-user-084,train
16606,synthetic-user-084,train
16607,synthetic-user-084,train
16608,synthetic-user-084,train
16609,synthetic-user-084,train
16610,synthetic-user-084,train
16611,synthetic-user-084,train
16612,synthetic-user-084,train
16613,synthetic-user-084,train
16614,synthetic-user-084,train
16615,synthetic-user-084,train
16616,synthetic-user-084,train
16617,synthetic-user-084,train
16618,synthetic-user-084,train
16619,synthetic-user-084,train
16620,synthetic-user-084,train
16621,synthetic-user-084,train
16622,synthetic-user-084,train
16623,synthetic-user-084,train
16624,synthetic-user-084,train
16625,synthetic-user-084,train
16626,synthetic-user-084,train
16627,synthetic-user-084,train
16628,synthetic-user-084,train
16629,synthetic-user-084,train
16630,synthetic-user-084,train
16631,synthetic-user-084,train
16632,synthetic-user-084,train
16633,synthetic-user-084,train
16634,synthetic-user-084,train
16635,synthetic-user-084,train
16636,synthetic-user-084,train
16637,synthetic-user-084,train
16638,synthetic-user-084,train
16639,synthetic-user-084,train
16640,synthetic-user-084,train
16641,synthetic-user-084,train
16642,synthetic-user-084,train
16643,synthetic-user-084,train
16644,synthetic-user-084,train
16645,synthetic-user-084,train
16646,synthetic-user-084,train
16647,synthetic-user-084,train
16648,synthetic-user-084,train
16649,synthetic-user-084,train
16650,synthetic-user-084,train
16651,synthetic-user-084,train
16652,synthetic-user-084,train
16653,synthetic-user-084,train
16654,synthetic-user-084,train
16655,synthetic-user-084,train
16656,synthetic-user-084,train
16657,synthetic-user-084,train
16658,synthetic-user-084,train
16659,synthetic-user-084,train
16660,synthetic-user-084,train
16661,synthetic-user-084,train
16662,synthetic-user-084,train
16663,synthetic-user-084,train
16664,synthetic-user-084,train
16665,synthetic-user-084,train
16666,synthetic-user-084,train
16667,synthetic-user-084,train
16668,synthetic-user-084,train
16669,synthetic-user-084,train
16670,synthetic-user-084,train
16671,synthetic-user-084,train
16672,synthetic-user-084,train
16673,synthetic-user-084,train
16674,synthetic-user-084,train
16675,synthetic-user-084,train
16676,synthetic-user-084,train
16677,synthetic-user-084,train
16678,synthetic-user-084,train
16679,synthetic-user-084,train
16680,synthetic-user-084,train
16681,synthetic-user-084,train
16682,synthetic-user-084,train
16683,synthetic-user-084,train
16684,synthetic-user-084,train
16685,synthetic-user-084,train
16686,synthetic-user-084,train
16687,synthetic-user-084,train
16688,synthetic-user-084,train
16689,synthetic-user-084,train
16690,synthetic-user-084,train
16691,synthetic-user-084,train
16692,synthetic-user-084,train
16693,synthetic-user-084,train
16694,synthetic-user-084,train
16695,synthetic-user-084,train
16696,synthetic-user-084,train
16697,synthetic-user-084,train
16698,synthetic-user-084,train
16699,synthetic-user-084,train
16700,synthetic-user-084,train
16701,synthetic-user-084,train
16702,synthetic-user-084,train
16703,synthetic-user-084,train
16704,synthetic-user-084,train
16705,synthetic-user-084,train
16706,synthetic-user-084,train
16707,synthetic-user-084,train
16708,synthetic-user-084,train
16709,synthetic-user-084,train
16710,synthetic-user-084,train
16711,synthetic-user-084,train
16712,synthetic-user-084,train
16713,synthetic-user-084,train
16714,synthetic-user-084,train
16715,synthetic-user-084,train
16716,synthetic-user-084,train
16717,synthetic-user-084,train
16718,synthetic-user-084,train
16719,synthetic-user-084,train
16720,synthetic-user-084,train
16721,synthetic-user-084,train
16722,synthetic-user-084,train
16723,synthetic-user-084,train
16724,synthetic-user-084,train
16725,synthetic-user-084,train
16726,synthetic-user-084,train
16727,synthetic-user-084,train
16728,synthetic-user-084,train
16729,synthetic-user-084,train
16730,synthetic-user-084,train
16731,synthetic-user-084,train
16732,synthetic-user-084,train
16733,synthetic-user-084,train
16734,synthetic-user-084,train
16735,synthetic-user-084,train
16736,synthetic-user-084,train
16737,synthetic-user-084,train
16738,synthetic-user-084,train
16739,synthetic-user-084,train
16740,synthetic-user-084,train
16741,synthetic-user-084,train
16742,synthetic-user-084,train
16743,synthetic-user-084,train
16744,synthetic-user-084,train
16745,synthetic-user-084,train
16746,synthetic-user-084,train
16747,synthetic-user-084,train
16748,synthetic-user-084,train
16749,synthetic-user-084,train
16750,synthetic-user-084,train
16751,synthetic-user-084,train
16752,synthetic-user-084,train
16753,synthetic-user-084,train
16754,synthetic-user-084,train
16755,synthetic-user-084,train
16756,synthetic-user-084,train
16757,synthetic-user-084,train
16758,synthetic-user-084,train
16759,synthetic-user-084,train
16760,synthetic-user-084,train
16761,synthetic-user-084,train
16762,synthetic-user-084,train
16763,synthetic-user-084,train
16764,synthetic-user-084,train
16765,synthetic-user-084,train
16766,synthetic-user-084,train
16767,synthetic-user-084,train
16768,synthetic-user-084,train
16769,synthetic-user-084,train
16770,synthetic-user-084,train
16771,synthetic-user-084,train
16772,synthetic-user-084,train
16773,synthetic-user-084,train
16774,synthetic-user-084,train
16775,synthetic-user-084,train
16776,synthetic-user-084,train
16777,synthetic-user-084,train
16778,synthetic-user-084,train
16779,synthetic-user-084,train
16780,synthetic-user-084,train
16781,synthetic-user-084,train
16782,synthetic-user-084,train
16783,synthetic-user-084,train
16784,synthetic-user-084,train
16785,synthetic-user-084,train
16786,synthetic-user-084,train
16787,synthetic-user-084,train
16788,synthetic-user-084,train
16789,synthetic-user-084,train
16790,synthetic-user-084,train
16791,synthetic-user-084,train
16792,synthetic-user-084,train
16793,synthetic-user-084,train
16794,synthetic-user-084,train
16795,synthetic-user-084,train
16796,synthetic-user-084,train
16797,synthetic-user-084,train
16798,synthetic-user-084,train
16799,synthetic-user-084,train
16800,synthetic-user-084,train
16801,synthetic-user-085,train
16802,synthetic-user-085,train
16803,synthetic-user-085,train
16804,synthetic-user-085,train
16805,synthetic-user-085,train
16806,synthetic-user-085,train
16807,synthetic-user-085,train
16808,synthetic-user-085,train
16809,synthetic-user-085,train
16810,synthetic-user-085,train
16811,synthetic-user-085,train
16812,synthetic-user-085,train
16813,synthetic-user-085,train
16814,synthetic-user-085,train
16815,synthetic-user-085,train
16816,synthetic-user-085,train
16817,synthetic-user-085,train
16818,synthetic-user-085,train
16819,synthetic-user-085,train
16820,synthetic-user-085,train
16821,synthetic-user-085,train
16822,synthetic-user-085,train
16823,synthetic-user-085,train
16824,synthetic-user-085,train
16825,synthetic-user-085,train
16826,synthetic-user-085,train
16827,synthetic-user-085,train
16828,synthetic-user-085,train
16829,synthetic-user-085,train
16830,synthetic-user-085,train
16831,synthetic-user-085,train
16832,synthetic-user-085,train
16833,synthetic-user-085,train
16834,synthetic-user-085,train
16835,synthetic-user-085,train
16836,synthetic-user-085,train
16837,synthetic-user-085,train
16838,synthetic-user-085,train
16839,synthetic-user-085,train
16840,synthetic-user-085,train
16841,synthetic-user-085,train
16842,synthetic-user-085,train
16843,synthetic-user-085,train
16844,synthetic-user-085,train
16845,synthetic-user-085,train
16846,synthetic-user-085,train
16847,synthetic-user-085,train
16848,synthetic-user-085,train
16849,synthetic-user-085,train
16850,synthetic-user-085,train
16851,synthetic-user-085,train
16852,synthetic-user-085,train
16853,synthetic-user-085,train
16854,synthetic-user-085,train
16855,synthetic-user-085,train
16856,synthetic-user-085,train
16857,synthetic-user-085,train
16858,synthetic-user-085,train
16859,synthetic-user-085,train
16860,synthetic-user-085,train
16861,synthetic-user-085,train
16862,synthetic-user-085,train
16863,synthetic-user-085,train
16864,synthetic-user-085,train
16865,synthetic-user-085,train
16866,synthetic-user-085,train
16867,synthetic-user-085,train
16868,synthetic-user-085,train
16869,synthetic-user-085,train
16870,synthetic-user-085,train
16871,synthetic-user-085,train
16872,synthetic-user-085,train
16873,synthetic-user-085,train
16874,synthetic-user-085,train
16875,synthetic-user-085,train
16876,synthetic-user-085,train
16877,synthetic-user-085,train
16878,synthetic-user-085,train
16879,synthetic-user-085,train
16880,synthetic-user-085,train
16881,synthetic-user-085,train
16882,synthetic-user-085,train
16883,synthetic-user-085,train
16884,synthetic-user-085,train
16885,synthetic-user-085,train
16886,synthetic-user-085,train
16887,synthetic-user-085,train
16888,synthetic-user-085,train
16889,synthetic-user-085,train
16890,synthetic-user-085,train
16891,synthetic-user-085,train
16892,synthetic-user-085,train
16893,synthetic-user-085,train
16894,synthetic-user-085,train
16895,synthetic-user-085,train
16896,synthetic-user-085,train
16897,synthetic-user-085,train
16898,synthetic-user-085,train
16899,synthetic-user-085,train
16900,synthetic-user-085,train
16901,synthetic-user-085,train
16902,synthetic-user-085,train
16903,synthetic-user-085,train
16904,synthetic-user-085,train
16905,synthetic-user-085,train
16906,synthetic-user-085,train
16907,synthetic-user-085,train
16908,synthetic-user-085,train
16909,synthetic-user-085,train
16910,synthetic-user-085,train
16911,synthetic-user-085,train
16912,synthetic-user-085,train
16913,synthetic-user-085,train
16914,synthetic-user-085,train
16915,synthetic-user-085,train
16916,synthetic-user-085,train
16917,synthetic-user-085,train
16918,synthetic-user-085,train
16919,synthetic-user-085,train
16920,synthetic-user-085,train
16921,synthetic-user-085,train
16922,synthetic-user-085,train
16923,synthetic-user-085,train
16924,synthetic-user-085,train
16925,synthetic-user-085,train
16926,synthetic-user-085,train
16927,synthetic-user-085,train
16928,synthetic-user-085,train
16929,synthetic-user-085,train
16930,synthetic-user-085,train
16931,synthetic-user-085,train
16932,synthetic-user-085,train
16933,synthetic-user-085,train
16934,synthetic-user-085,train
16935,synthetic-user-085,train
16936,synthetic-user-085,train
16937,synthetic-user-085,train
16938,synthetic-user-085,train
16939,synthetic-user-085,train
16940,synthetic-user-085,train
16941,synthetic-user-085,train
16942,synthetic-user-085,train
16943,synthetic-user-085,train
16944,synthetic-user-085,train
16945,synthetic-user-085,train
16946,synthetic-user-085,train
16947,synthetic-user-085,train
16948,synthetic-user-085,train
16949,synthetic-user-085,train
16950,synthetic-user-085,train
16951,synthetic-user-085,train
16952,synthetic-user-085,train
16953,synthetic-user-085,train
16954,synthetic-user-085,train
16955,synthetic-user-085,train
16956,synthetic-user-085,train
16957,synthetic-user-085,train
16958,synthetic-user-085,train
16959,synthetic-user-085,train
16960,synthetic-user-085,train
16961,synthetic-user-085,train
16962,synthetic-user-085,train
16963,synthetic-user-085,train
16964,synthetic-user-085,train
16965,synthetic-user-085,train
16966,synthetic-user-085,train
16967,synthetic-user-085,train
16968,synthetic-user-085,train
16969,synthetic-user-085,train
16970,synthetic-user-085,train
16971,synthetic-user-085,train
16972,synthetic-user-085,train
16973,synthetic-user-085,train
16974,synthetic-user-085,train
16975,synthetic-user-085,train
16976,synthetic-user-085,train
16977,synthetic-user-085,train
16978,synthetic-user-085,train
16979,synthetic-user-085,train
16980,synthetic-user-085,train
16981,synthetic-user-085,train
16982,synthetic-user-085,train
16983,synthetic-user-085,train
16984,synthetic-user-085,train
16985,synthetic-user-085,train
16986,synthetic-user-085,train
16987,synthetic-user-085,train
16988,synthetic-user-085,train
16989,synthetic-user-085,train
16990,synthetic-user-085,train
16991,synthetic-user-085,train
16992,synthetic-user-085,train
16993,synthetic-user-085,train
16994,synthetic-user-085,train
16995,synthetic-user-085,train
16996,synthetic-user-085,train
16997,synthetic-user-085,train
16998,synthetic-user-085,train
16999,synthetic-user-085,train
17000,synthetic-user-085,train
17001,synthetic-user-086,test
17002,synthetic-user-086,test
17003,synthetic-user-086,test
17004,synthetic-user-086,test
17005,synthetic-user-086,test
17006,synthetic-user-086,test
17007,synthetic-user-086,test
17008,synthetic-user-086,test
17009,synthetic-user-086,test
17010,synthetic-user-086,test
17011,synthetic-user-086,test
17012,synthetic-user-086,test
17013,synthetic-user-086,test
17014,synthetic-user-086,test
17015,synthetic-user-086,test
17016,synthetic-user-086,test
17017,synthetic-user-086,test
17018,synthetic-user-086,test
17019,synthetic-user-086,test
17020,synthetic-user-086,test
17021,synthetic-user-086,test
17022,synthetic-user-086,test
17023,synthetic-user-086,test
17024,synthetic-user-086,test
17025,synthetic-user-086,test
17026,synthetic-user-086,test
17027,synthetic-user-086,test
17028,synthetic-user-086,test
17029,synthetic-user-086,test
17030,synthetic-user-086,test
17031,synthetic-user-086,test
17032,synthetic-user-086,test
17033,synthetic-user-086,test
17034,synthetic-user-086,test
17035,synthetic-user-086,test
17036,synthetic-user-086,test
17037,synthetic-user-086,test
17038,synthetic-user-086,test
17039,synthetic-user-086,test
17040,synthetic-user-086,test
17041,synthetic-user-086,test
17042,synthetic-user-086,test
17043,synthetic-user-086,test
17044,synthetic-user-086,test
17045,synthetic-user-086,test
17046,synthetic-user-086,test
17047,synthetic-user-086,test
17048,synthetic-user-086,test
17049,synthetic-user-086,test
17050,synthetic-user-086,test
17051,synthetic-user-086,test
17052,synthetic-user-086,test
17053,synthetic-user-086,test
17054,synthetic-user-086,test
17055,synthetic-user-086,test
17056,synthetic-user-086,test
17057,synthetic-user-086,test
17058,synthetic-user-086,test
17059,synthetic-user-086,test
17060,synthetic-user-086,test
17061,synthetic-user-086,test
17062,synthetic-user-086,test
17063,synthetic-user-086,test
17064,synthetic-user-086,test
17065,synthetic-user-086,test
17066,synthetic-user-086,test
17067,synthetic-user-086,test
17068,synthetic-user-086,test
17069,synthetic-user-086,test
17070,synthetic-user-086,test
17071,synthetic-user-086,test
17072,synthetic-user-086,test
17073,synthetic-user-086,test
17074,synthetic-user-086,test
17075,synthetic-user-086,test
17076,synthetic-user-086,test
17077,synthetic-user-086,test
17078,synthetic-user-086,test
17079,synthetic-user-086,test
17080,synthetic-user-086,test
17081,synthetic-user-086,test
17082,synthetic-user-086,test
17083,synthetic-user-086,test
17084,synthetic-user-086,test
17085,synthetic-user-086,test
17086,synthetic-user-086,test
17087,synthetic-user-086,test
17088,synthetic-user-086,test
17089,synthetic-user-086,test
17090,synthetic-user-086,test
17091,synthetic-user-086,test
17092,synthetic-user-086,test
17093,synthetic-user-086,test
17094,synthetic-user-086,test
17095,synthetic-user-086,test
17096,synthetic-user-086,test
17097,synthetic-user-086,test
17098,synthetic-user-086,test
17099,synthetic-user-086,test
17100,synthetic-user-086,test
17101,synthetic-user-086,test
17102,synthetic-user-086,test
17103,synthetic-user-086,test
17104,synthetic-user-086,test
17105,synthetic-user-086,test
17106,synthetic-user-086,test
17107,synthetic-user-086,test
17108,synthetic-user-086,test
17109,synthetic-user-086,test
17110,synthetic-user-086,test
17111,synthetic-user-086,test
17112,synthetic-user-086,test
17113,synthetic-user-086,test
17114,synthetic-user-086,test
17115,synthetic-user-086,test
17116,synthetic-user-086,test
17117,synthetic-user-086,test
17118,synthetic-user-086,test
17119,synthetic-user-086,test
17120,synthetic-user-086,test
17121,synthetic-user-086,test
17122,synthetic-user-086,test
17123,synthetic-user-086,test
17124,synthetic-user-086,test
17125,synthetic-user-086,test
17126,synthetic-user-086,test
17127,synthetic-user-086,test
17128,synthetic-user-086,test
17129,synthetic-user-086,test
17130,synthetic-user-086,test
17131,synthetic-user-086,test
17132,synthetic-user-086,test
17133,synthetic-user-086,test
17134,synthetic-user-086,test
17135,synthetic-user-086,test
17136,synthetic-user-086,test
17137,synthetic-user-086,test
17138,synthetic-user-086,test
17139,synthetic-user-086,test
17140,synthetic-user-086,test
17141,synthetic-user-086,test
17142,synthetic-user-086,test
17143,synthetic-user-086,test
17144,synthetic-user-086,test
17145,synthetic-user-086,test
17146,synthetic-user-086,test
17147,synthetic-user-086,test
17148,synthetic-user-086,test
17149,synthetic-user-086,test
17150,synthetic-user-086,test
17151,synthetic-user-086,test
17152,synthetic-user-086,test
17153,synthetic-user-086,test
17154,synthetic-user-086,test
17155,synthetic-user-086,test
17156,synthetic-user-086,test
17157,synthetic-user-086,test
17158,synthetic-user-086,test
17159,synthetic-user-086,test
17160,synthetic-user-086,test
17161,synthetic-user-086,test
17162,synthetic-user-086,test
17163,synthetic-user-086,test
17164,synthetic-user-086,test
17165,synthetic-user-086,test
17166,synthetic-user-086,test
17167,synthetic-user-086,test
17168,synthetic-user-086,test
17169,synthetic-user-086,test
17170,synthetic-user-086,test
17171,synthetic-user-086,test
17172,synthetic-user-086,test
17173,synthetic-user-086,test
17174,synthetic-user-086,test
17175,synthetic-user-086,test
17176,synthetic-user-086,test
17177,synthetic-user-086,test
17178,synthetic-user-086,test
17179,synthetic-user-086,test
17180,synthetic-user-086,test
17181,synthetic-user-086,test
17182,synthetic-user-086,test
17183,synthetic-user-086,test
17184,synthetic-user-086,test
17185,synthetic-user-086,test
17186,synthetic-user-086,test
17187,synthetic-user-086,test
17188,synthetic-user-086,test
17189,synthetic-user-086,test
17190,synthetic-user-086,test
17191,synthetic-user-086,test
17192,synthetic-user-086,test
17193,synthetic-user-086,test
17194,synthetic-user-086,test
17195,synthetic-user-086,test
17196,synthetic-user-086,test
17197,synthetic-user-086,test
17198,synthetic-user-086,test
17199,synthetic-user-086,test
17200,synthetic-user-086,test
17201,synthetic-user-087,validation
17202,synthetic-user-087,validation
17203,synthetic-user-087,validation
17204,synthetic-user-087,validation
17205,synthetic-user-087,validation
17206,synthetic-user-087,validation
17207,synthetic-user-087,validation
17208,synthetic-user-087,validation
17209,synthetic-user-087,validation
17210,synthetic-user-087,validation
17211,synthetic-user-087,validation
17212,synthetic-user-087,validation
17213,synthetic-user-087,validation
17214,synthetic-user-087,validation
17215,synthetic-user-087,validation
17216,synthetic-user-087,validation
17217,synthetic-user-087,validation
17218,synthetic-user-087,validation
17219,synthetic-user-087,validation
17220,synthetic-user-087,validation
17221,synthetic-user-087,validation
17222,synthetic-user-087,validation
17223,synthetic-user-087,validation
17224,synthetic-user-087,validation
17225,synthetic-user-087,validation
17226,synthetic-user-087,validation
17227,synthetic-user-087,validation
17228,synthetic-user-087,validation
17229,synthetic-user-087,validation
17230,synthetic-user-087,validation
17231,synthetic-user-087,validation
17232,synthetic-user-087,validation
17233,synthetic-user-087,validation
17234,synthetic-user-087,validation
17235,synthetic-user-087,validation
17236,synthetic-user-087,validation
17237,synthetic-user-087,validation
17238,synthetic-user-087,validation
17239,synthetic-user-087,validation
17240,synthetic-user-087,validation
17241,synthetic-user-087,validation
17242,synthetic-user-087,validation
17243,synthetic-user-087,validation
17244,synthetic-user-087,validation
17245,synthetic-user-087,validation
17246,synthetic-user-087,validation
17247,synthetic-user-087,validation
17248,synthetic-user-087,validation
17249,synthetic-user-087,validation
17250,synthetic-user-087,validation
17251,synthetic-user-087,validation
17252,synthetic-user-087,validation
17253,synthetic-user-087,validation
17254,synthetic-user-087,validation
17255,synthetic-user-087,validation
17256,synthetic-user-087,validation
17257,synthetic-user-087,validation
17258,synthetic-user-087,validation
17259,synthetic-user-087,validation
17260,synthetic-user-087,validation
17261,synthetic-user-087,validation
17262,synthetic-user-087,validation
17263,synthetic-user-087,validation
17264,synthetic-user-087,validation
17265,synthetic-user-087,validation
17266,synthetic-user-087,validation
17267,synthetic-user-087,validation
17268,synthetic-user-087,validation
17269,synthetic-user-087,validation
17270,synthetic-user-087,validation
17271,synthetic-user-087,validation
17272,synthetic-user-087,validation
17273,synthetic-user-087,validation
17274,synthetic-user-087,validation
17275,synthetic-user-087,validation
17276,synthetic-user-087,validation
17277,synthetic-user-087,validation
17278,synthetic-user-087,validation
17279,synthetic-user-087,validation
17280,synthetic-user-087,validation
17281,synthetic-user-087,validation
17282,synthetic-user-087,validation
17283,synthetic-user-087,validation
17284,synthetic-user-087,validation
17285,synthetic-user-087,validation
17286,synthetic-user-087,validation
17287,synthetic-user-087,validation
17288,synthetic-user-087,validation
17289,synthetic-user-087,validation
17290,synthetic-user-087,validation
17291,synthetic-user-087,validation
17292,synthetic-user-087,validation
17293,synthetic-user-087,validation
17294,synthetic-user-087,validation
17295,synthetic-user-087,validation
17296,synthetic-user-087,validation
17297,synthetic-user-087,validation
17298,synthetic-user-087,validation
17299,synthetic-user-087,validation
17300,synthetic-user-087,validation
17301,synthetic-user-087,validation
17302,synthetic-user-087,validation
17303,synthetic-user-087,validation
17304,synthetic-user-087,validation
17305,synthetic-user-087,validation
17306,synthetic-user-087,validation
17307,synthetic-user-087,validation
17308,synthetic-user-087,validation
17309,synthetic-user-087,validation
17310,synthetic-user-087,validation
17311,synthetic-user-087,validation
17312,synthetic-user-087,validation
17313,synthetic-user-087,validation
17314,synthetic-user-087,validation
17315,synthetic-user-087,validation
17316,synthetic-user-087,validation
17317,synthetic-user-087,validation
17318,synthetic-user-087,validation
17319,synthetic-user-087,validation
17320,synthetic-user-087,validation
17321,synthetic-user-087,validation
17322,synthetic-user-087,validation
17323,synthetic-user-087,validation
17324,synthetic-user-087,validation
17325,synthetic-user-087,validation
17326,synthetic-user-087,validation
17327,synthetic-user-087,validation
17328,synthetic-user-087,validation
17329,synthetic-user-087,validation
17330,synthetic-user-087,validation
17331,synthetic-user-087,validation
17332,synthetic-user-087,validation
17333,synthetic-user-087,validation
17334,synthetic-user-087,validation
17335,synthetic-user-087,validation
17336,synthetic-user-087,validation
17337,synthetic-user-087,validation
17338,synthetic-user-087,validation
17339,synthetic-user-087,validation
17340,synthetic-user-087,validation
17341,synthetic-user-087,validation
17342,synthetic-user-087,validation
17343,synthetic-user-087,validation
17344,synthetic-user-087,validation
17345,synthetic-user-087,validation
17346,synthetic-user-087,validation
17347,synthetic-user-087,validation
17348,synthetic-user-087,validation
17349,synthetic-user-087,validation
17350,synthetic-user-087,validation
17351,synthetic-user-087,validation
17352,synthetic-user-087,validation
17353,synthetic-user-087,validation
17354,synthetic-user-087,validation
17355,synthetic-user-087,validation
17356,synthetic-user-087,validation
17357,synthetic-user-087,validation
17358,synthetic-user-087,validation
17359,synthetic-user-087,validation
17360,synthetic-user-087,validation
17361,synthetic-user-087,validation
17362,synthetic-user-087,validation
17363,synthetic-user-087,validation
17364,synthetic-user-087,validation
17365,synthetic-user-087,validation
17366,synthetic-user-087,validation
17367,synthetic-user-087,validation
17368,synthetic-user-087,validation
17369,synthetic-user-087,validation
17370,synthetic-user-087,validation
17371,synthetic-user-087,validation
17372,synthetic-user-087,validation
17373,synthetic-user-087,validation
17374,synthetic-user-087,validation
17375,synthetic-user-087,validation
17376,synthetic-user-087,validation
17377,synthetic-user-087,validation
17378,synthetic-user-087,validation
17379,synthetic-user-087,validation
17380,synthetic-user-087,validation
17381,synthetic-user-087,validation
17382,synthetic-user-087,validation
17383,synthetic-user-087,validation
17384,synthetic-user-087,validation
17385,synthetic-user-087,validation
17386,synthetic-user-087,validation
17387,synthetic-user-087,validation
17388,synthetic-user-087,validation
17389,synthetic-user-087,validation
17390,synthetic-user-087,validation
17391,synthetic-user-087,validation
17392,synthetic-user-087,validation
17393,synthetic-user-087,validation
17394,synthetic-user-087,validation
17395,synthetic-user-087,validation
17396,synthetic-user-087,validation
17397,synthetic-user-087,validation
17398,synthetic-user-087,validation
17399,synthetic-user-087,validation
17400,synthetic-user-087,validation
17401,synthetic-user-088,train
17402,synthetic-user-088,train
17403,synthetic-user-088,train
17404,synthetic-user-088,train
17405,synthetic-user-088,train
17406,synthetic-user-088,train
17407,synthetic-user-088,train
17408,synthetic-user-088,train
17409,synthetic-user-088,train
17410,synthetic-user-088,train
17411,synthetic-user-088,train
17412,synthetic-user-088,train
17413,synthetic-user-088,train
17414,synthetic-user-088,train
17415,synthetic-user-088,train
17416,synthetic-user-088,train
17417,synthetic-user-088,train
17418,synthetic-user-088,train
17419,synthetic-user-088,train
17420,synthetic-user-088,train
17421,synthetic-user-088,train
17422,synthetic-user-088,train
17423,synthetic-user-088,train
17424,synthetic-user-088,train
17425,synthetic-user-088,train
17426,synthetic-user-088,train
17427,synthetic-user-088,train
17428,synthetic-user-088,train
17429,synthetic-user-088,train
17430,synthetic-user-088,train
17431,synthetic-user-088,train
17432,synthetic-user-088,train
17433,synthetic-user-088,train
17434,synthetic-user-088,train
17435,synthetic-user-088,train
17436,synthetic-user-088,train
17437,synthetic-user-088,train
17438,synthetic-user-088,train
17439,synthetic-user-088,train
17440,synthetic-user-088,train
17441,synthetic-user-088,train
17442,synthetic-user-088,train
17443,synthetic-user-088,train
17444,synthetic-user-088,train
17445,synthetic-user-088,train
17446,synthetic-user-088,train
17447,synthetic-user-088,train
17448,synthetic-user-088,train
17449,synthetic-user-088,train
17450,synthetic-user-088,train
17451,synthetic-user-088,train
17452,synthetic-user-088,train
17453,synthetic-user-088,train
17454,synthetic-user-088,train
17455,synthetic-user-088,train
17456,synthetic-user-088,train
17457,synthetic-user-088,train
17458,synthetic-user-088,train
17459,synthetic-user-088,train
17460,synthetic-user-088,train
17461,synthetic-user-088,train
17462,synthetic-user-088,train
17463,synthetic-user-088,train
17464,synthetic-user-088,train
17465,synthetic-user-088,train
17466,synthetic-user-088,train
17467,synthetic-user-088,train
17468,synthetic-user-088,train
17469,synthetic-user-088,train
17470,synthetic-user-088,train
17471,synthetic-user-088,train
17472,synthetic-user-088,train
17473,synthetic-user-088,train
17474,synthetic-user-088,train
17475,synthetic-user-088,train
17476,synthetic-user-088,train
17477,synthetic-user-088,train
17478,synthetic-user-088,train
17479,synthetic-user-088,train
17480,synthetic-user-088,train
17481,synthetic-user-088,train
17482,synthetic-user-088,train
17483,synthetic-user-088,train
17484,synthetic-user-088,train
17485,synthetic-user-088,train
17486,synthetic-user-088,train
17487,synthetic-user-088,train
17488,synthetic-user-088,train
17489,synthetic-user-088,train
17490,synthetic-user-088,train
17491,synthetic-user-088,train
17492,synthetic-user-088,train
17493,synthetic-user-088,train
17494,synthetic-user-088,train
17495,synthetic-user-088,train
17496,synthetic-user-088,train
17497,synthetic-user-088,train
17498,synthetic-user-088,train
17499,synthetic-user-088,train
17500,synthetic-user-088,train
17501,synthetic-user-088,train
17502,synthetic-user-088,train
17503,synthetic-user-088,train
17504,synthetic-user-088,train
17505,synthetic-user-088,train
17506,synthetic-user-088,train
17507,synthetic-user-088,train
17508,synthetic-user-088,train
17509,synthetic-user-088,train
17510,synthetic-user-088,train
17511,synthetic-user-088,train
17512,synthetic-user-088,train
17513,synthetic-user-088,train
17514,synthetic-user-088,train
17515,synthetic-user-088,train
17516,synthetic-user-088,train
17517,synthetic-user-088,train
17518,synthetic-user-088,train
17519,synthetic-user-088,train
17520,synthetic-user-088,train
17521,synthetic-user-088,train
17522,synthetic-user-088,train
17523,synthetic-user-088,train
17524,synthetic-user-088,train
17525,synthetic-user-088,train
17526,synthetic-user-088,train
17527,synthetic-user-088,train
17528,synthetic-user-088,train
17529,synthetic-user-088,train
17530,synthetic-user-088,train
17531,synthetic-user-088,train
17532,synthetic-user-088,train
17533,synthetic-user-088,train
17534,synthetic-user-088,train
17535,synthetic-user-088,train
17536,synthetic-user-088,train
17537,synthetic-user-088,train
17538,synthetic-user-088,train
17539,synthetic-user-088,train
17540,synthetic-user-088,train
17541,synthetic-user-088,train
17542,synthetic-user-088,train
17543,synthetic-user-088,train
17544,synthetic-user-088,train
17545,synthetic-user-088,train
17546,synthetic-user-088,train
17547,synthetic-user-088,train
17548,synthetic-user-088,train
17549,synthetic-user-088,train
17550,synthetic-user-088,train
17551,synthetic-user-088,train
17552,synthetic-user-088,train
17553,synthetic-user-088,train
17554,synthetic-user-088,train
17555,synthetic-user-088,train
17556,synthetic-user-088,train
17557,synthetic-user-088,train
17558,synthetic-user-088,train
17559,synthetic-user-088,train
17560,synthetic-user-088,train
17561,synthetic-user-088,train
17562,synthetic-user-088,train
17563,synthetic-user-088,train
17564,synthetic-user-088,train
17565,synthetic-user-088,train
17566,synthetic-user-088,train
17567,synthetic-user-088,train
17568,synthetic-user-088,train
17569,synthetic-user-088,train
17570,synthetic-user-088,train
17571,synthetic-user-088,train
17572,synthetic-user-088,train
17573,synthetic-user-088,train
17574,synthetic-user-088,train
17575,synthetic-user-088,train
17576,synthetic-user-088,train
17577,synthetic-user-088,train
17578,synthetic-user-088,train
17579,synthetic-user-088,train
17580,synthetic-user-088,train
17581,synthetic-user-088,train
17582,synthetic-user-088,train
17583,synthetic-user-088,train
17584,synthetic-user-088,train
17585,synthetic-user-088,train
17586,synthetic-user-088,train
17587,synthetic-user-088,train
17588,synthetic-user-088,train
17589,synthetic-user-088,train
17590,synthetic-user-088,train
17591,synthetic-user-088,train
17592,synthetic-user-088,train
17593,synthetic-user-088,train
17594,synthetic-user-088,train
17595,synthetic-user-088,train
17596,synthetic-user-088,train
17597,synthetic-user-088,train
17598,synthetic-user-088,train
17599,synthetic-user-088,train
17600,synthetic-user-088,train
17601,synthetic-user-089,train
17602,synthetic-user-089,train
17603,synthetic-user-089,train
17604,synthetic-user-089,train
17605,synthetic-user-089,train
17606,synthetic-user-089,train
17607,synthetic-user-089,train
17608,synthetic-user-089,train
17609,synthetic-user-089,train
17610,synthetic-user-089,train
17611,synthetic-user-089,train
17612,synthetic-user-089,train
17613,synthetic-user-089,train
17614,synthetic-user-089,train
17615,synthetic-user-089,train
17616,synthetic-user-089,train
17617,synthetic-user-089,train
17618,synthetic-user-089,train
17619,synthetic-user-089,train
17620,synthetic-user-089,train
17621,synthetic-user-089,train
17622,synthetic-user-089,train
17623,synthetic-user-089,train
17624,synthetic-user-089,train
17625,synthetic-user-089,train
17626,synthetic-user-089,train
17627,synthetic-user-089,train
17628,synthetic-user-089,train
17629,synthetic-user-089,train
17630,synthetic-user-089,train
17631,synthetic-user-089,train
17632,synthetic-user-089,train
17633,synthetic-user-089,train
17634,synthetic-user-089,train
17635,synthetic-user-089,train
17636,synthetic-user-089,train
17637,synthetic-user-089,train
17638,synthetic-user-089,train
17639,synthetic-user-089,train
17640,synthetic-user-089,train
17641,synthetic-user-089,train
17642,synthetic-user-089,train
17643,synthetic-user-089,train
17644,synthetic-user-089,train
17645,synthetic-user-089,train
17646,synthetic-user-089,train
17647,synthetic-user-089,train
17648,synthetic-user-089,train
17649,synthetic-user-089,train
17650,synthetic-user-089,train
17651,synthetic-user-089,train
17652,synthetic-user-089,train
17653,synthetic-user-089,train
17654,synthetic-user-089,train
17655,synthetic-user-089,train
17656,synthetic-user-089,train
17657,synthetic-user-089,train
17658,synthetic-user-089,train
17659,synthetic-user-089,train
17660,synthetic-user-089,train
17661,synthetic-user-089,train
17662,synthetic-user-089,train
17663,synthetic-user-089,train
17664,synthetic-user-089,train
17665,synthetic-user-089,train
17666,synthetic-user-089,train
17667,synthetic-user-089,train
17668,synthetic-user-089,train
17669,synthetic-user-089,train
17670,synthetic-user-089,train
17671,synthetic-user-089,train
17672,synthetic-user-089,train
17673,synthetic-user-089,train
17674,synthetic-user-089,train
17675,synthetic-user-089,train
17676,synthetic-user-089,train
17677,synthetic-user-089,train
17678,synthetic-user-089,train
17679,synthetic-user-089,train
17680,synthetic-user-089,train
17681,synthetic-user-089,train
17682,synthetic-user-089,train
17683,synthetic-user-089,train
17684,synthetic-user-089,train
17685,synthetic-user-089,train
17686,synthetic-user-089,train
17687,synthetic-user-089,train
17688,synthetic-user-089,train
17689,synthetic-user-089,train
17690,synthetic-user-089,train
17691,synthetic-user-089,train
17692,synthetic-user-089,train
17693,synthetic-user-089,train
17694,synthetic-user-089,train
17695,synthetic-user-089,train
17696,synthetic-user-089,train
17697,synthetic-user-089,train
17698,synthetic-user-089,train
17699,synthetic-user-089,train
17700,synthetic-user-089,train
17701,synthetic-user-089,train
17702,synthetic-user-089,train
17703,synthetic-user-089,train
17704,synthetic-user-089,train
17705,synthetic-user-089,train
17706,synthetic-user-089,train
17707,synthetic-user-089,train
17708,synthetic-user-089,train
17709,synthetic-user-089,train
17710,synthetic-user-089,train
17711,synthetic-user-089,train
17712,synthetic-user-089,train
17713,synthetic-user-089,train
17714,synthetic-user-089,train
17715,synthetic-user-089,train
17716,synthetic-user-089,train
17717,synthetic-user-089,train
17718,synthetic-user-089,train
17719,synthetic-user-089,train
17720,synthetic-user-089,train
17721,synthetic-user-089,train
17722,synthetic-user-089,train
17723,synthetic-user-089,train
17724,synthetic-user-089,train
17725,synthetic-user-089,train
17726,synthetic-user-089,train
17727,synthetic-user-089,train
17728,synthetic-user-089,train
17729,synthetic-user-089,train
17730,synthetic-user-089,train
17731,synthetic-user-089,train
17732,synthetic-user-089,train
17733,synthetic-user-089,train
17734,synthetic-user-089,train
17735,synthetic-user-089,train
17736,synthetic-user-089,train
17737,synthetic-user-089,train
17738,synthetic-user-089,train
17739,synthetic-user-089,train
17740,synthetic-user-089,train
17741,synthetic-user-089,train
17742,synthetic-user-089,train
17743,synthetic-user-089,train
17744,synthetic-user-089,train
17745,synthetic-user-089,train
17746,synthetic-user-089,train
17747,synthetic-user-089,train
17748,synthetic-user-089,train
17749,synthetic-user-089,train
17750,synthetic-user-089,train
17751,synthetic-user-089,train
17752,synthetic-user-089,train
17753,synthetic-user-089,train
17754,synthetic-user-089,train
17755,synthetic-user-089,train
17756,synthetic-user-089,train
17757,synthetic-user-089,train
17758,synthetic-user-089,train
17759,synthetic-user-089,train
17760,synthetic-user-089,train
17761,synthetic-user-089,train
17762,synthetic-user-089,train
17763,synthetic-user-089,train
17764,synthetic-user-089,train
17765,synthetic-user-089,train
17766,synthetic-user-089,train
17767,synthetic-user-089,train
17768,synthetic-user-089,train
17769,synthetic-user-089,train
17770,synthetic-user-089,train
17771,synthetic-user-089,train
17772,synthetic-user-089,train
17773,synthetic-user-089,train
17774,synthetic-user-089,train
17775,synthetic-user-089,train
17776,synthetic-user-089,train
17777,synthetic-user-089,train
17778,synthetic-user-089,train
17779,synthetic-user-089,train
17780,synthetic-user-089,train
17781,synthetic-user-089,train
17782,synthetic-user-089,train
17783,synthetic-user-089,train
17784,synthetic-user-089,train
17785,synthetic-user-089,train
17786,synthetic-user-089,train
17787,synthetic-user-089,train
17788,synthetic-user-089,train
17789,synthetic-user-089,train
17790,synthetic-user-089,train
17791,synthetic-user-089,train
17792,synthetic-user-089,train
17793,synthetic-user-089,train
17794,synthetic-user-089,train
17795,synthetic-user-089,train
17796,synthetic-user-089,train
17797,synthetic-user-089,train
17798,synthetic-user-089,train
17799,synthetic-user-089,train
17800,synthetic-user-089,train
17801,synthetic-user-090,train
17802,synthetic-user-090,train
17803,synthetic-user-090,train
17804,synthetic-user-090,train
17805,synthetic-user-090,train
17806,synthetic-user-090,train
17807,synthetic-user-090,train
17808,synthetic-user-090,train
17809,synthetic-user-090,train
17810,synthetic-user-090,train
17811,synthetic-user-090,train
17812,synthetic-user-090,train
17813,synthetic-user-090,train
17814,synthetic-user-090,train
17815,synthetic-user-090,train
17816,synthetic-user-090,train
17817,synthetic-user-090,train
17818,synthetic-user-090,train
17819,synthetic-user-090,train
17820,synthetic-user-090,train
17821,synthetic-user-090,train
17822,synthetic-user-090,train
17823,synthetic-user-090,train
17824,synthetic-user-090,train
17825,synthetic-user-090,train
17826,synthetic-user-090,train
17827,synthetic-user-090,train
17828,synthetic-user-090,train
17829,synthetic-user-090,train
17830,synthetic-user-090,train
17831,synthetic-user-090,train
17832,synthetic-user-090,train
17833,synthetic-user-090,train
17834,synthetic-user-090,train
17835,synthetic-user-090,train
17836,synthetic-user-090,train
17837,synthetic-user-090,train
17838,synthetic-user-090,train
17839,synthetic-user-090,train
17840,synthetic-user-090,train
17841,synthetic-user-090,train
17842,synthetic-user-090,train
17843,synthetic-user-090,train
17844,synthetic-user-090,train
17845,synthetic-user-090,train
17846,synthetic-user-090,train
17847,synthetic-user-090,train
17848,synthetic-user-090,train
17849,synthetic-user-090,train
17850,synthetic-user-090,train
17851,synthetic-user-090,train
17852,synthetic-user-090,train
17853,synthetic-user-090,train
17854,synthetic-user-090,train
17855,synthetic-user-090,train
17856,synthetic-user-090,train
17857,synthetic-user-090,train
17858,synthetic-user-090,train
17859,synthetic-user-090,train
17860,synthetic-user-090,train
17861,synthetic-user-090,train
17862,synthetic-user-090,train
17863,synthetic-user-090,train
17864,synthetic-user-090,train
17865,synthetic-user-090,train
17866,synthetic-user-090,train
17867,synthetic-user-090,train
17868,synthetic-user-090,train
17869,synthetic-user-090,train
17870,synthetic-user-090,train
17871,synthetic-user-090,train
17872,synthetic-user-090,train
17873,synthetic-user-090,train
17874,synthetic-user-090,train
17875,synthetic-user-090,train
17876,synthetic-user-090,train
17877,synthetic-user-090,train
17878,synthetic-user-090,train
17879,synthetic-user-090,train
17880,synthetic-user-090,train
17881,synthetic-user-090,train
17882,synthetic-user-090,train
17883,synthetic-user-090,train
17884,synthetic-user-090,train
17885,synthetic-user-090,train
17886,synthetic-user-090,train
17887,synthetic-user-090,train
17888,synthetic-user-090,train
17889,synthetic-user-090,train
17890,synthetic-user-090,train
17891,synthetic-user-090,train
17892,synthetic-user-090,train
17893,synthetic-user-090,train
17894,synthetic-user-090,train
17895,synthetic-user-090,train
17896,synthetic-user-090,train
17897,synthetic-user-090,train
17898,synthetic-user-090,train
17899,synthetic-user-090,train
17900,synthetic-user-090,train
17901,synthetic-user-090,train
17902,synthetic-user-090,train
17903,synthetic-user-090,train
17904,synthetic-user-090,train
17905,synthetic-user-090,train
17906,synthetic-user-090,train
17907,synthetic-user-090,train
17908,synthetic-user-090,train
17909,synthetic-user-090,train
17910,synthetic-user-090,train
17911,synthetic-user-090,train
17912,synthetic-user-090,train
17913,synthetic-user-090,train
17914,synthetic-user-090,train
17915,synthetic-user-090,train
17916,synthetic-user-090,train
17917,synthetic-user-090,train
17918,synthetic-user-090,train
17919,synthetic-user-090,train
17920,synthetic-user-090,train
17921,synthetic-user-090,train
17922,synthetic-user-090,train
17923,synthetic-user-090,train
17924,synthetic-user-090,train
17925,synthetic-user-090,train
17926,synthetic-user-090,train
17927,synthetic-user-090,train
17928,synthetic-user-090,train
17929,synthetic-user-090,train
17930,synthetic-user-090,train
17931,synthetic-user-090,train
17932,synthetic-user-090,train
17933,synthetic-user-090,train
17934,synthetic-user-090,train
17935,synthetic-user-090,train
17936,synthetic-user-090,train
17937,synthetic-user-090,train
17938,synthetic-user-090,train
17939,synthetic-user-090,train
17940,synthetic-user-090,train
17941,synthetic-user-090,train
17942,synthetic-user-090,train
17943,synthetic-user-090,train
17944,synthetic-user-090,train
17945,synthetic-user-090,train
17946,synthetic-user-090,train
17947,synthetic-user-090,train
17948,synthetic-user-090,train
17949,synthetic-user-090,train
17950,synthetic-user-090,train
17951,synthetic-user-090,train
17952,synthetic-user-090,train
17953,synthetic-user-090,train
17954,synthetic-user-090,train
17955,synthetic-user-090,train
17956,synthetic-user-090,train
17957,synthetic-user-090,train
17958,synthetic-user-090,train
17959,synthetic-user-090,train
17960,synthetic-user-090,train
17961,synthetic-user-090,train
17962,synthetic-user-090,train
17963,synthetic-user-090,train
17964,synthetic-user-090,train
17965,synthetic-user-090,train
17966,synthetic-user-090,train
17967,synthetic-user-090,train
17968,synthetic-user-090,train
17969,synthetic-user-090,train
17970,synthetic-user-090,train
17971,synthetic-user-090,train
17972,synthetic-user-090,train
17973,synthetic-user-090,train
17974,synthetic-user-090,train
17975,synthetic-user-090,train
17976,synthetic-user-090,train
17977,synthetic-user-090,train
17978,synthetic-user-090,train
17979,synthetic-user-090,train
17980,synthetic-user-090,train
17981,synthetic-user-090,train
17982,synthetic-user-090,train
17983,synthetic-user-090,train
17984,synthetic-user-090,train
17985,synthetic-user-090,train
17986,synthetic-user-090,train
17987,synthetic-user-090,train
17988,synthetic-user-090,train
17989,synthetic-user-090,train
17990,synthetic-user-090,train
17991,synthetic-user-090,train
17992,synthetic-user-090,train
17993,synthetic-user-090,train
17994,synthetic-user-090,train
17995,synthetic-user-090,train
17996,synthetic-user-090,train
17997,synthetic-user-090,train
17998,synthetic-user-090,train
17999,synthetic-user-090,train
18000,synthetic-user-090,train
18001,synthetic-user-091,test
18002,synthetic-user-091,test
18003,synthetic-user-091,test
18004,synthetic-user-091,test
18005,synthetic-user-091,test
18006,synthetic-user-091,test
18007,synthetic-user-091,test
18008,synthetic-user-091,test
18009,synthetic-user-091,test
18010,synthetic-user-091,test
18011,synthetic-user-091,test
18012,synthetic-user-091,test
18013,synthetic-user-091,test
18014,synthetic-user-091,test
18015,synthetic-user-091,test
18016,synthetic-user-091,test
18017,synthetic-user-091,test
18018,synthetic-user-091,test
18019,synthetic-user-091,test
18020,synthetic-user-091,test
18021,synthetic-user-091,test
18022,synthetic-user-091,test
18023,synthetic-user-091,test
18024,synthetic-user-091,test
18025,synthetic-user-091,test
18026,synthetic-user-091,test
18027,synthetic-user-091,test
18028,synthetic-user-091,test
18029,synthetic-user-091,test
18030,synthetic-user-091,test
18031,synthetic-user-091,test
18032,synthetic-user-091,test
18033,synthetic-user-091,test
18034,synthetic-user-091,test
18035,synthetic-user-091,test
18036,synthetic-user-091,test
18037,synthetic-user-091,test
18038,synthetic-user-091,test
18039,synthetic-user-091,test
18040,synthetic-user-091,test
18041,synthetic-user-091,test
18042,synthetic-user-091,test
18043,synthetic-user-091,test
18044,synthetic-user-091,test
18045,synthetic-user-091,test
18046,synthetic-user-091,test
18047,synthetic-user-091,test
18048,synthetic-user-091,test
18049,synthetic-user-091,test
18050,synthetic-user-091,test
18051,synthetic-user-091,test
18052,synthetic-user-091,test
18053,synthetic-user-091,test
18054,synthetic-user-091,test
18055,synthetic-user-091,test
18056,synthetic-user-091,test
18057,synthetic-user-091,test
18058,synthetic-user-091,test
18059,synthetic-user-091,test
18060,synthetic-user-091,test
18061,synthetic-user-091,test
18062,synthetic-user-091,test
18063,synthetic-user-091,test
18064,synthetic-user-091,test
18065,synthetic-user-091,test
18066,synthetic-user-091,test
18067,synthetic-user-091,test
18068,synthetic-user-091,test
18069,synthetic-user-091,test
18070,synthetic-user-091,test
18071,synthetic-user-091,test
18072,synthetic-user-091,test
18073,synthetic-user-091,test
18074,synthetic-user-091,test
18075,synthetic-user-091,test
18076,synthetic-user-091,test
18077,synthetic-user-091,test
18078,synthetic-user-091,test
18079,synthetic-user-091,test
18080,synthetic-user-091,test
18081,synthetic-user-091,test
18082,synthetic-user-091,test
18083,synthetic-user-091,test
18084,synthetic-user-091,test
18085,synthetic-user-091,test
18086,synthetic-user-091,test
18087,synthetic-user-091,test
18088,synthetic-user-091,test
18089,synthetic-user-091,test
18090,synthetic-user-091,test
18091,synthetic-user-091,test
18092,synthetic-user-091,test
18093,synthetic-user-091,test
18094,synthetic-user-091,test
18095,synthetic-user-091,test
18096,synthetic-user-091,test
18097,synthetic-user-091,test
18098,synthetic-user-091,test
18099,synthetic-user-091,test
18100,synthetic-user-091,test
18101,synthetic-user-091,test
18102,synthetic-user-091,test
18103,synthetic-user-091,test
18104,synthetic-user-091,test
18105,synthetic-user-091,test
18106,synthetic-user-091,test
18107,synthetic-user-091,test
18108,synthetic-user-091,test
18109,synthetic-user-091,test
18110,synthetic-user-091,test
18111,synthetic-user-091,test
18112,synthetic-user-091,test
18113,synthetic-user-091,test
18114,synthetic-user-091,test
18115,synthetic-user-091,test
18116,synthetic-user-091,test
18117,synthetic-user-091,test
18118,synthetic-user-091,test
18119,synthetic-user-091,test
18120,synthetic-user-091,test
18121,synthetic-user-091,test
18122,synthetic-user-091,test
18123,synthetic-user-091,test
18124,synthetic-user-091,test
18125,synthetic-user-091,test
18126,synthetic-user-091,test
18127,synthetic-user-091,test
18128,synthetic-user-091,test
18129,synthetic-user-091,test
18130,synthetic-user-091,test
18131,synthetic-user-091,test
18132,synthetic-user-091,test
18133,synthetic-user-091,test
18134,synthetic-user-091,test
18135,synthetic-user-091,test
18136,synthetic-user-091,test
18137,synthetic-user-091,test
18138,synthetic-user-091,test
18139,synthetic-user-091,test
18140,synthetic-user-091,test
18141,synthetic-user-091,test
18142,synthetic-user-091,test
18143,synthetic-user-091,test
18144,synthetic-user-091,test
18145,synthetic-user-091,test
18146,synthetic-user-091,test
18147,synthetic-user-091,test
18148,synthetic-user-091,test
18149,synthetic-user-091,test
18150,synthetic-user-091,test
18151,synthetic-user-091,test
18152,synthetic-user-091,test
18153,synthetic-user-091,test
18154,synthetic-user-091,test
18155,synthetic-user-091,test
18156,synthetic-user-091,test
18157,synthetic-user-091,test
18158,synthetic-user-091,test
18159,synthetic-user-091,test
18160,synthetic-user-091,test
18161,synthetic-user-091,test
18162,synthetic-user-091,test
18163,synthetic-user-091,test
18164,synthetic-user-091,test
18165,synthetic-user-091,test
18166,synthetic-user-091,test
18167,synthetic-user-091,test
18168,synthetic-user-091,test
18169,synthetic-user-091,test
18170,synthetic-user-091,test
18171,synthetic-user-091,test
18172,synthetic-user-091,test
18173,synthetic-user-091,test
18174,synthetic-user-091,test
18175,synthetic-user-091,test
18176,synthetic-user-091,test
18177,synthetic-user-091,test
18178,synthetic-user-091,test
18179,synthetic-user-091,test
18180,synthetic-user-091,test
18181,synthetic-user-091,test
18182,synthetic-user-091,test
18183,synthetic-user-091,test
18184,synthetic-user-091,test
18185,synthetic-user-091,test
18186,synthetic-user-091,test
18187,synthetic-user-091,test
18188,synthetic-user-091,test
18189,synthetic-user-091,test
18190,synthetic-user-091,test
18191,synthetic-user-091,test
18192,synthetic-user-091,test
18193,synthetic-user-091,test
18194,synthetic-user-091,test
18195,synthetic-user-091,test
18196,synthetic-user-091,test
18197,synthetic-user-091,test
18198,synthetic-user-091,test
18199,synthetic-user-091,test
18200,synthetic-user-091,test
18201,synthetic-user-092,validation
18202,synthetic-user-092,validation
18203,synthetic-user-092,validation
18204,synthetic-user-092,validation
18205,synthetic-user-092,validation
18206,synthetic-user-092,validation
18207,synthetic-user-092,validation
18208,synthetic-user-092,validation
18209,synthetic-user-092,validation
18210,synthetic-user-092,validation
18211,synthetic-user-092,validation
18212,synthetic-user-092,validation
18213,synthetic-user-092,validation
18214,synthetic-user-092,validation
18215,synthetic-user-092,validation
18216,synthetic-user-092,validation
18217,synthetic-user-092,validation
18218,synthetic-user-092,validation
18219,synthetic-user-092,validation
18220,synthetic-user-092,validation
18221,synthetic-user-092,validation
18222,synthetic-user-092,validation
18223,synthetic-user-092,validation
18224,synthetic-user-092,validation
18225,synthetic-user-092,validation
18226,synthetic-user-092,validation
18227,synthetic-user-092,validation
18228,synthetic-user-092,validation
18229,synthetic-user-092,validation
18230,synthetic-user-092,validation
18231,synthetic-user-092,validation
18232,synthetic-user-092,validation
18233,synthetic-user-092,validation
18234,synthetic-user-092,validation
18235,synthetic-user-092,validation
18236,synthetic-user-092,validation
18237,synthetic-user-092,validation
18238,synthetic-user-092,validation
18239,synthetic-user-092,validation
18240,synthetic-user-092,validation
18241,synthetic-user-092,validation
18242,synthetic-user-092,validation
18243,synthetic-user-092,validation
18244,synthetic-user-092,validation
18245,synthetic-user-092,validation
18246,synthetic-user-092,validation
18247,synthetic-user-092,validation
18248,synthetic-user-092,validation
18249,synthetic-user-092,validation
18250,synthetic-user-092,validation
18251,synthetic-user-092,validation
18252,synthetic-user-092,validation
18253,synthetic-user-092,validation
18254,synthetic-user-092,validation
18255,synthetic-user-092,validation
18256,synthetic-user-092,validation
18257,synthetic-user-092,validation
18258,synthetic-user-092,validation
18259,synthetic-user-092,validation
18260,synthetic-user-092,validation
18261,synthetic-user-092,validation
18262,synthetic-user-092,validation
18263,synthetic-user-092,validation
18264,synthetic-user-092,validation
18265,synthetic-user-092,validation
18266,synthetic-user-092,validation
18267,synthetic-user-092,validation
18268,synthetic-user-092,validation
18269,synthetic-user-092,validation
18270,synthetic-user-092,validation
18271,synthetic-user-092,validation
18272,synthetic-user-092,validation
18273,synthetic-user-092,validation
18274,synthetic-user-092,validation
18275,synthetic-user-092,validation
18276,synthetic-user-092,validation
18277,synthetic-user-092,validation
18278,synthetic-user-092,validation
18279,synthetic-user-092,validation
18280,synthetic-user-092,validation
18281,synthetic-user-092,validation
18282,synthetic-user-092,validation
18283,synthetic-user-092,validation
18284,synthetic-user-092,validation
18285,synthetic-user-092,validation
18286,synthetic-user-092,validation
18287,synthetic-user-092,validation
18288,synthetic-user-092,validation
18289,synthetic-user-092,validation
18290,synthetic-user-092,validation
18291,synthetic-user-092,validation
18292,synthetic-user-092,validation
18293,synthetic-user-092,validation
18294,synthetic-user-092,validation
18295,synthetic-user-092,validation
18296,synthetic-user-092,validation
18297,synthetic-user-092,validation
18298,synthetic-user-092,validation
18299,synthetic-user-092,validation
18300,synthetic-user-092,validation
18301,synthetic-user-092,validation
18302,synthetic-user-092,validation
18303,synthetic-user-092,validation
18304,synthetic-user-092,validation
18305,synthetic-user-092,validation
18306,synthetic-user-092,validation
18307,synthetic-user-092,validation
18308,synthetic-user-092,validation
18309,synthetic-user-092,validation
18310,synthetic-user-092,validation
18311,synthetic-user-092,validation
18312,synthetic-user-092,validation
18313,synthetic-user-092,validation
18314,synthetic-user-092,validation
18315,synthetic-user-092,validation
18316,synthetic-user-092,validation
18317,synthetic-user-092,validation
18318,synthetic-user-092,validation
18319,synthetic-user-092,validation
18320,synthetic-user-092,validation
18321,synthetic-user-092,validation
18322,synthetic-user-092,validation
18323,synthetic-user-092,validation
18324,synthetic-user-092,validation
18325,synthetic-user-092,validation
18326,synthetic-user-092,validation
18327,synthetic-user-092,validation
18328,synthetic-user-092,validation
18329,synthetic-user-092,validation
18330,synthetic-user-092,validation
18331,synthetic-user-092,validation
18332,synthetic-user-092,validation
18333,synthetic-user-092,validation
18334,synthetic-user-092,validation
18335,synthetic-user-092,validation
18336,synthetic-user-092,validation
18337,synthetic-user-092,validation
18338,synthetic-user-092,validation
18339,synthetic-user-092,validation
18340,synthetic-user-092,validation
18341,synthetic-user-092,validation
18342,synthetic-user-092,validation
18343,synthetic-user-092,validation
18344,synthetic-user-092,validation
18345,synthetic-user-092,validation
18346,synthetic-user-092,validation
18347,synthetic-user-092,validation
18348,synthetic-user-092,validation
18349,synthetic-user-092,validation
18350,synthetic-user-092,validation
18351,synthetic-user-092,validation
18352,synthetic-user-092,validation
18353,synthetic-user-092,validation
18354,synthetic-user-092,validation
18355,synthetic-user-092,validation
18356,synthetic-user-092,validation
18357,synthetic-user-092,validation
18358,synthetic-user-092,validation
18359,synthetic-user-092,validation
18360,synthetic-user-092,validation
18361,synthetic-user-092,validation
18362,synthetic-user-092,validation
18363,synthetic-user-092,validation
18364,synthetic-user-092,validation
18365,synthetic-user-092,validation
18366,synthetic-user-092,validation
18367,synthetic-user-092,validation
18368,synthetic-user-092,validation
18369,synthetic-user-092,validation
18370,synthetic-user-092,validation
18371,synthetic-user-092,validation
18372,synthetic-user-092,validation
18373,synthetic-user-092,validation
18374,synthetic-user-092,validation
18375,synthetic-user-092,validation
18376,synthetic-user-092,validation
18377,synthetic-user-092,validation
18378,synthetic-user-092,validation
18379,synthetic-user-092,validation
18380,synthetic-user-092,validation
18381,synthetic-user-092,validation
18382,synthetic-user-092,validation
18383,synthetic-user-092,validation
18384,synthetic-user-092,validation
18385,synthetic-user-092,validation
18386,synthetic-user-092,validation
18387,synthetic-user-092,validation
18388,synthetic-user-092,validation
18389,synthetic-user-092,validation
18390,synthetic-user-092,validation
18391,synthetic-user-092,validation
18392,synthetic-user-092,validation
18393,synthetic-user-092,validation
18394,synthetic-user-092,validation
18395,synthetic-user-092,validation
18396,synthetic-user-092,validation
18397,synthetic-user-092,validation
18398,synthetic-user-092,validation
18399,synthetic-user-092,validation
18400,synthetic-user-092,validation
18401,synthetic-user-093,train
18402,synthetic-user-093,train
18403,synthetic-user-093,train
18404,synthetic-user-093,train
18405,synthetic-user-093,train
18406,synthetic-user-093,train
18407,synthetic-user-093,train
18408,synthetic-user-093,train
18409,synthetic-user-093,train
18410,synthetic-user-093,train
18411,synthetic-user-093,train
18412,synthetic-user-093,train
18413,synthetic-user-093,train
18414,synthetic-user-093,train
18415,synthetic-user-093,train
18416,synthetic-user-093,train
18417,synthetic-user-093,train
18418,synthetic-user-093,train
18419,synthetic-user-093,train
18420,synthetic-user-093,train
18421,synthetic-user-093,train
18422,synthetic-user-093,train
18423,synthetic-user-093,train
18424,synthetic-user-093,train
18425,synthetic-user-093,train
18426,synthetic-user-093,train
18427,synthetic-user-093,train
18428,synthetic-user-093,train
18429,synthetic-user-093,train
18430,synthetic-user-093,train
18431,synthetic-user-093,train
18432,synthetic-user-093,train
18433,synthetic-user-093,train
18434,synthetic-user-093,train
18435,synthetic-user-093,train
18436,synthetic-user-093,train
18437,synthetic-user-093,train
18438,synthetic-user-093,train
18439,synthetic-user-093,train
18440,synthetic-user-093,train
18441,synthetic-user-093,train
18442,synthetic-user-093,train
18443,synthetic-user-093,train
18444,synthetic-user-093,train
18445,synthetic-user-093,train
18446,synthetic-user-093,train
18447,synthetic-user-093,train
18448,synthetic-user-093,train
18449,synthetic-user-093,train
18450,synthetic-user-093,train
18451,synthetic-user-093,train
18452,synthetic-user-093,train
18453,synthetic-user-093,train
18454,synthetic-user-093,train
18455,synthetic-user-093,train
18456,synthetic-user-093,train
18457,synthetic-user-093,train
18458,synthetic-user-093,train
18459,synthetic-user-093,train
18460,synthetic-user-093,train
18461,synthetic-user-093,train
18462,synthetic-user-093,train
18463,synthetic-user-093,train
18464,synthetic-user-093,train
18465,synthetic-user-093,train
18466,synthetic-user-093,train
18467,synthetic-user-093,train
18468,synthetic-user-093,train
18469,synthetic-user-093,train
18470,synthetic-user-093,train
18471,synthetic-user-093,train
18472,synthetic-user-093,train
18473,synthetic-user-093,train
18474,synthetic-user-093,train
18475,synthetic-user-093,train
18476,synthetic-user-093,train
18477,synthetic-user-093,train
18478,synthetic-user-093,train
18479,synthetic-user-093,train
18480,synthetic-user-093,train
18481,synthetic-user-093,train
18482,synthetic-user-093,train
18483,synthetic-user-093,train
18484,synthetic-user-093,train
18485,synthetic-user-093,train
18486,synthetic-user-093,train
18487,synthetic-user-093,train
18488,synthetic-user-093,train
18489,synthetic-user-093,train
18490,synthetic-user-093,train
18491,synthetic-user-093,train
18492,synthetic-user-093,train
18493,synthetic-user-093,train
18494,synthetic-user-093,train
18495,synthetic-user-093,train
18496,synthetic-user-093,train
18497,synthetic-user-093,train
18498,synthetic-user-093,train
18499,synthetic-user-093,train
18500,synthetic-user-093,train
18501,synthetic-user-093,train
18502,synthetic-user-093,train
18503,synthetic-user-093,train
18504,synthetic-user-093,train
18505,synthetic-user-093,train
18506,synthetic-user-093,train
18507,synthetic-user-093,train
18508,synthetic-user-093,train
18509,synthetic-user-093,train
18510,synthetic-user-093,train
18511,synthetic-user-093,train
18512,synthetic-user-093,train
18513,synthetic-user-093,train
18514,synthetic-user-093,train
18515,synthetic-user-093,train
18516,synthetic-user-093,train
18517,synthetic-user-093,train
18518,synthetic-user-093,train
18519,synthetic-user-093,train
18520,synthetic-user-093,train
18521,synthetic-user-093,train
18522,synthetic-user-093,train
18523,synthetic-user-093,train
18524,synthetic-user-093,train
18525,synthetic-user-093,train
18526,synthetic-user-093,train
18527,synthetic-user-093,train
18528,synthetic-user-093,train
18529,synthetic-user-093,train
18530,synthetic-user-093,train
18531,synthetic-user-093,train
18532,synthetic-user-093,train
18533,synthetic-user-093,train
18534,synthetic-user-093,train
18535,synthetic-user-093,train
18536,synthetic-user-093,train
18537,synthetic-user-093,train
18538,synthetic-user-093,train
18539,synthetic-user-093,train
18540,synthetic-user-093,train
18541,synthetic-user-093,train
18542,synthetic-user-093,train
18543,synthetic-user-093,train
18544,synthetic-user-093,train
18545,synthetic-user-093,train
18546,synthetic-user-093,train
18547,synthetic-user-093,train
18548,synthetic-user-093,train
18549,synthetic-user-093,train
18550,synthetic-user-093,train
18551,synthetic-user-093,train
18552,synthetic-user-093,train
18553,synthetic-user-093,train
18554,synthetic-user-093,train
18555,synthetic-user-093,train
18556,synthetic-user-093,train
18557,synthetic-user-093,train
18558,synthetic-user-093,train
18559,synthetic-user-093,train
18560,synthetic-user-093,train
18561,synthetic-user-093,train
18562,synthetic-user-093,train
18563,synthetic-user-093,train
18564,synthetic-user-093,train
18565,synthetic-user-093,train
18566,synthetic-user-093,train
18567,synthetic-user-093,train
18568,synthetic-user-093,train
18569,synthetic-user-093,train
18570,synthetic-user-093,train
18571,synthetic-user-093,train
18572,synthetic-user-093,train
18573,synthetic-user-093,train
18574,synthetic-user-093,train
18575,synthetic-user-093,train
18576,synthetic-user-093,train
18577,synthetic-user-093,train
18578,synthetic-user-093,train
18579,synthetic-user-093,train
18580,synthetic-user-093,train
18581,synthetic-user-093,train
18582,synthetic-user-093,train
18583,synthetic-user-093,train
18584,synthetic-user-093,train
18585,synthetic-user-093,train
18586,synthetic-user-093,train
18587,synthetic-user-093,train
18588,synthetic-user-093,train
18589,synthetic-user-093,train
18590,synthetic-user-093,train
18591,synthetic-user-093,train
18592,synthetic-user-093,train
18593,synthetic-user-093,train
18594,synthetic-user-093,train
18595,synthetic-user-093,train
18596,synthetic-user-093,train
18597,synthetic-user-093,train
18598,synthetic-user-093,train
18599,synthetic-user-093,train
18600,synthetic-user-093,train
18601,synthetic-user-094,train
18602,synthetic-user-094,train
18603,synthetic-user-094,train
18604,synthetic-user-094,train
18605,synthetic-user-094,train
18606,synthetic-user-094,train
18607,synthetic-user-094,train
18608,synthetic-user-094,train
18609,synthetic-user-094,train
18610,synthetic-user-094,train
18611,synthetic-user-094,train
18612,synthetic-user-094,train
18613,synthetic-user-094,train
18614,synthetic-user-094,train
18615,synthetic-user-094,train
18616,synthetic-user-094,train
18617,synthetic-user-094,train
18618,synthetic-user-094,train
18619,synthetic-user-094,train
18620,synthetic-user-094,train
18621,synthetic-user-094,train
18622,synthetic-user-094,train
18623,synthetic-user-094,train
18624,synthetic-user-094,train
18625,synthetic-user-094,train
18626,synthetic-user-094,train
18627,synthetic-user-094,train
18628,synthetic-user-094,train
18629,synthetic-user-094,train
18630,synthetic-user-094,train
18631,synthetic-user-094,train
18632,synthetic-user-094,train
18633,synthetic-user-094,train
18634,synthetic-user-094,train
18635,synthetic-user-094,train
18636,synthetic-user-094,train
18637,synthetic-user-094,train
18638,synthetic-user-094,train
18639,synthetic-user-094,train
18640,synthetic-user-094,train
18641,synthetic-user-094,train
18642,synthetic-user-094,train
18643,synthetic-user-094,train
18644,synthetic-user-094,train
18645,synthetic-user-094,train
18646,synthetic-user-094,train
18647,synthetic-user-094,train
18648,synthetic-user-094,train
18649,synthetic-user-094,train
18650,synthetic-user-094,train
18651,synthetic-user-094,train
18652,synthetic-user-094,train
18653,synthetic-user-094,train
18654,synthetic-user-094,train
18655,synthetic-user-094,train
18656,synthetic-user-094,train
18657,synthetic-user-094,train
18658,synthetic-user-094,train
18659,synthetic-user-094,train
18660,synthetic-user-094,train
18661,synthetic-user-094,train
18662,synthetic-user-094,train
18663,synthetic-user-094,train
18664,synthetic-user-094,train
18665,synthetic-user-094,train
18666,synthetic-user-094,train
18667,synthetic-user-094,train
18668,synthetic-user-094,train
18669,synthetic-user-094,train
18670,synthetic-user-094,train
18671,synthetic-user-094,train
18672,synthetic-user-094,train
18673,synthetic-user-094,train
18674,synthetic-user-094,train
18675,synthetic-user-094,train
18676,synthetic-user-094,train
18677,synthetic-user-094,train
18678,synthetic-user-094,train
18679,synthetic-user-094,train
18680,synthetic-user-094,train
18681,synthetic-user-094,train
18682,synthetic-user-094,train
18683,synthetic-user-094,train
18684,synthetic-user-094,train
18685,synthetic-user-094,train
18686,synthetic-user-094,train
18687,synthetic-user-094,train
18688,synthetic-user-094,train
18689,synthetic-user-094,train
18690,synthetic-user-094,train
18691,synthetic-user-094,train
18692,synthetic-user-094,train
18693,synthetic-user-094,train
18694,synthetic-user-094,train
18695,synthetic-user-094,train
18696,synthetic-user-094,train
18697,synthetic-user-094,train
18698,synthetic-user-094,train
18699,synthetic-user-094,train
18700,synthetic-user-094,train
18701,synthetic-user-094,train
18702,synthetic-user-094,train
18703,synthetic-user-094,train
18704,synthetic-user-094,train
18705,synthetic-user-094,train
18706,synthetic-user-094,train
18707,synthetic-user-094,train
18708,synthetic-user-094,train
18709,synthetic-user-094,train
18710,synthetic-user-094,train
18711,synthetic-user-094,train
18712,synthetic-user-094,train
18713,synthetic-user-094,train
18714,synthetic-user-094,train
18715,synthetic-user-094,train
18716,synthetic-user-094,train
18717,synthetic-user-094,train
18718,synthetic-user-094,train
18719,synthetic-user-094,train
18720,synthetic-user-094,train
18721,synthetic-user-094,train
18722,synthetic-user-094,train
18723,synthetic-user-094,train
18724,synthetic-user-094,train
18725,synthetic-user-094,train
18726,synthetic-user-094,train
18727,synthetic-user-094,train
18728,synthetic-user-094,train
18729,synthetic-user-094,train
18730,synthetic-user-094,train
18731,synthetic-user-094,train
18732,synthetic-user-094,train
18733,synthetic-user-094,train
18734,synthetic-user-094,train
18735,synthetic-user-094,train
18736,synthetic-user-094,train
18737,synthetic-user-094,train
18738,synthetic-user-094,train
18739,synthetic-user-094,train
18740,synthetic-user-094,train
18741,synthetic-user-094,train
18742,synthetic-user-094,train
18743,synthetic-user-094,train
18744,synthetic-user-094,train
18745,synthetic-user-094,train
18746,synthetic-user-094,train
18747,synthetic-user-094,train
18748,synthetic-user-094,train
18749,synthetic-user-094,train
18750,synthetic-user-094,train
18751,synthetic-user-094,train
18752,synthetic-user-094,train
18753,synthetic-user-094,train
18754,synthetic-user-094,train
18755,synthetic-user-094,train
18756,synthetic-user-094,train
18757,synthetic-user-094,train
18758,synthetic-user-094,train
18759,synthetic-user-094,train
18760,synthetic-user-094,train
18761,synthetic-user-094,train
18762,synthetic-user-094,train
18763,synthetic-user-094,train
18764,synthetic-user-094,train
18765,synthetic-user-094,train
18766,synthetic-user-094,train
18767,synthetic-user-094,train
18768,synthetic-user-094,train
18769,synthetic-user-094,train
18770,synthetic-user-094,train
18771,synthetic-user-094,train
18772,synthetic-user-094,train
18773,synthetic-user-094,train
18774,synthetic-user-094,train
18775,synthetic-user-094,train
18776,synthetic-user-094,train
18777,synthetic-user-094,train
18778,synthetic-user-094,train
18779,synthetic-user-094,train
18780,synthetic-user-094,train
18781,synthetic-user-094,train
18782,synthetic-user-094,train
18783,synthetic-user-094,train
18784,synthetic-user-094,train
18785,synthetic-user-094,train
18786,synthetic-user-094,train
18787,synthetic-user-094,train
18788,synthetic-user-094,train
18789,synthetic-user-094,train
18790,synthetic-user-094,train
18791,synthetic-user-094,train
18792,synthetic-user-094,train
18793,synthetic-user-094,train
18794,synthetic-user-094,train
18795,synthetic-user-094,train
18796,synthetic-user-094,train
18797,synthetic-user-094,train
18798,synthetic-user-094,train
18799,synthetic-user-094,train
18800,synthetic-user-094,train
18801,synthetic-user-095,train
18802,synthetic-user-095,train
18803,synthetic-user-095,train
18804,synthetic-user-095,train
18805,synthetic-user-095,train
18806,synthetic-user-095,train
18807,synthetic-user-095,train
18808,synthetic-user-095,train
18809,synthetic-user-095,train
18810,synthetic-user-095,train
18811,synthetic-user-095,train
18812,synthetic-user-095,train
18813,synthetic-user-095,train
18814,synthetic-user-095,train
18815,synthetic-user-095,train
18816,synthetic-user-095,train
18817,synthetic-user-095,train
18818,synthetic-user-095,train
18819,synthetic-user-095,train
18820,synthetic-user-095,train
18821,synthetic-user-095,train
18822,synthetic-user-095,train
18823,synthetic-user-095,train
18824,synthetic-user-095,train
18825,synthetic-user-095,train
18826,synthetic-user-095,train
18827,synthetic-user-095,train
18828,synthetic-user-095,train
18829,synthetic-user-095,train
18830,synthetic-user-095,train
18831,synthetic-user-095,train
18832,synthetic-user-095,train
18833,synthetic-user-095,train
18834,synthetic-user-095,train
18835,synthetic-user-095,train
18836,synthetic-user-095,train
18837,synthetic-user-095,train
18838,synthetic-user-095,train
18839,synthetic-user-095,train
18840,synthetic-user-095,train
18841,synthetic-user-095,train
18842,synthetic-user-095,train
18843,synthetic-user-095,train
18844,synthetic-user-095,train
18845,synthetic-user-095,train
18846,synthetic-user-095,train
18847,synthetic-user-095,train
18848,synthetic-user-095,train
18849,synthetic-user-095,train
18850,synthetic-user-095,train
18851,synthetic-user-095,train
18852,synthetic-user-095,train
18853,synthetic-user-095,train
18854,synthetic-user-095,train
18855,synthetic-user-095,train
18856,synthetic-user-095,train
18857,synthetic-user-095,train
18858,synthetic-user-095,train
18859,synthetic-user-095,train
18860,synthetic-user-095,train
18861,synthetic-user-095,train
18862,synthetic-user-095,train
18863,synthetic-user-095,train
18864,synthetic-user-095,train
18865,synthetic-user-095,train
18866,synthetic-user-095,train
18867,synthetic-user-095,train
18868,synthetic-user-095,train
18869,synthetic-user-095,train
18870,synthetic-user-095,train
18871,synthetic-user-095,train
18872,synthetic-user-095,train
18873,synthetic-user-095,train
18874,synthetic-user-095,train
18875,synthetic-user-095,train
18876,synthetic-user-095,train
18877,synthetic-user-095,train
18878,synthetic-user-095,train
18879,synthetic-user-095,train
18880,synthetic-user-095,train
18881,synthetic-user-095,train
18882,synthetic-user-095,train
18883,synthetic-user-095,train
18884,synthetic-user-095,train
18885,synthetic-user-095,train
18886,synthetic-user-095,train
18887,synthetic-user-095,train
18888,synthetic-user-095,train
18889,synthetic-user-095,train
18890,synthetic-user-095,train
18891,synthetic-user-095,train
18892,synthetic-user-095,train
18893,synthetic-user-095,train
18894,synthetic-user-095,train
18895,synthetic-user-095,train
18896,synthetic-user-095,train
18897,synthetic-user-095,train
18898,synthetic-user-095,train
18899,synthetic-user-095,train
18900,synthetic-user-095,train
18901,synthetic-user-095,train
18902,synthetic-user-095,train
18903,synthetic-user-095,train
18904,synthetic-user-095,train
18905,synthetic-user-095,train
18906,synthetic-user-095,train
18907,synthetic-user-095,train
18908,synthetic-user-095,train
18909,synthetic-user-095,train
18910,synthetic-user-095,train
18911,synthetic-user-095,train
18912,synthetic-user-095,train
18913,synthetic-user-095,train
18914,synthetic-user-095,train
18915,synthetic-user-095,train
18916,synthetic-user-095,train
18917,synthetic-user-095,train
18918,synthetic-user-095,train
18919,synthetic-user-095,train
18920,synthetic-user-095,train
18921,synthetic-user-095,train
18922,synthetic-user-095,train
18923,synthetic-user-095,train
18924,synthetic-user-095,train
18925,synthetic-user-095,train
18926,synthetic-user-095,train
18927,synthetic-user-095,train
18928,synthetic-user-095,train
18929,synthetic-user-095,train
18930,synthetic-user-095,train
18931,synthetic-user-095,train
18932,synthetic-user-095,train
18933,synthetic-user-095,train
18934,synthetic-user-095,train
18935,synthetic-user-095,train
18936,synthetic-user-095,train
18937,synthetic-user-095,train
18938,synthetic-user-095,train
18939,synthetic-user-095,train
18940,synthetic-user-095,train
18941,synthetic-user-095,train
18942,synthetic-user-095,train
18943,synthetic-user-095,train
18944,synthetic-user-095,train
18945,synthetic-user-095,train
18946,synthetic-user-095,train
18947,synthetic-user-095,train
18948,synthetic-user-095,train
18949,synthetic-user-095,train
18950,synthetic-user-095,train
18951,synthetic-user-095,train
18952,synthetic-user-095,train
18953,synthetic-user-095,train
18954,synthetic-user-095,train
18955,synthetic-user-095,train
18956,synthetic-user-095,train
18957,synthetic-user-095,train
18958,synthetic-user-095,train
18959,synthetic-user-095,train
18960,synthetic-user-095,train
18961,synthetic-user-095,train
18962,synthetic-user-095,train
18963,synthetic-user-095,train
18964,synthetic-user-095,train
18965,synthetic-user-095,train
18966,synthetic-user-095,train
18967,synthetic-user-095,train
18968,synthetic-user-095,train
18969,synthetic-user-095,train
18970,synthetic-user-095,train
18971,synthetic-user-095,train
18972,synthetic-user-095,train
18973,synthetic-user-095,train
18974,synthetic-user-095,train
18975,synthetic-user-095,train
18976,synthetic-user-095,train
18977,synthetic-user-095,train
18978,synthetic-user-095,train
18979,synthetic-user-095,train
18980,synthetic-user-095,train
18981,synthetic-user-095,train
18982,synthetic-user-095,train
18983,synthetic-user-095,train
18984,synthetic-user-095,train
18985,synthetic-user-095,train
18986,synthetic-user-095,train
18987,synthetic-user-095,train
18988,synthetic-user-095,train
18989,synthetic-user-095,train
18990,synthetic-user-095,train
18991,synthetic-user-095,train
18992,synthetic-user-095,train
18993,synthetic-user-095,train
18994,synthetic-user-095,train
18995,synthetic-user-095,train
18996,synthetic-user-095,train
18997,synthetic-user-095,train
18998,synthetic-user-095,train
18999,synthetic-user-095,train
19000,synthetic-user-095,train
19001,synthetic-user-096,test
19002,synthetic-user-096,test
19003,synthetic-user-096,test
19004,synthetic-user-096,test
19005,synthetic-user-096,test
19006,synthetic-user-096,test
19007,synthetic-user-096,test
19008,synthetic-user-096,test
19009,synthetic-user-096,test
19010,synthetic-user-096,test
19011,synthetic-user-096,test
19012,synthetic-user-096,test
19013,synthetic-user-096,test
19014,synthetic-user-096,test
19015,synthetic-user-096,test
19016,synthetic-user-096,test
19017,synthetic-user-096,test
19018,synthetic-user-096,test
19019,synthetic-user-096,test
19020,synthetic-user-096,test
19021,synthetic-user-096,test
19022,synthetic-user-096,test
19023,synthetic-user-096,test
19024,synthetic-user-096,test
19025,synthetic-user-096,test
19026,synthetic-user-096,test
19027,synthetic-user-096,test
19028,synthetic-user-096,test
19029,synthetic-user-096,test
19030,synthetic-user-096,test
19031,synthetic-user-096,test
19032,synthetic-user-096,test
19033,synthetic-user-096,test
19034,synthetic-user-096,test
19035,synthetic-user-096,test
19036,synthetic-user-096,test
19037,synthetic-user-096,test
19038,synthetic-user-096,test
19039,synthetic-user-096,test
19040,synthetic-user-096,test
19041,synthetic-user-096,test
19042,synthetic-user-096,test
19043,synthetic-user-096,test
19044,synthetic-user-096,test
19045,synthetic-user-096,test
19046,synthetic-user-096,test
19047,synthetic-user-096,test
19048,synthetic-user-096,test
19049,synthetic-user-096,test
19050,synthetic-user-096,test
19051,synthetic-user-096,test
19052,synthetic-user-096,test
19053,synthetic-user-096,test
19054,synthetic-user-096,test
19055,synthetic-user-096,test
19056,synthetic-user-096,test
19057,synthetic-user-096,test
19058,synthetic-user-096,test
19059,synthetic-user-096,test
19060,synthetic-user-096,test
19061,synthetic-user-096,test
19062,synthetic-user-096,test
19063,synthetic-user-096,test
19064,synthetic-user-096,test
19065,synthetic-user-096,test
19066,synthetic-user-096,test
19067,synthetic-user-096,test
19068,synthetic-user-096,test
19069,synthetic-user-096,test
19070,synthetic-user-096,test
19071,synthetic-user-096,test
19072,synthetic-user-096,test
19073,synthetic-user-096,test
19074,synthetic-user-096,test
19075,synthetic-user-096,test
19076,synthetic-user-096,test
19077,synthetic-user-096,test
19078,synthetic-user-096,test
19079,synthetic-user-096,test
19080,synthetic-user-096,test
19081,synthetic-user-096,test
19082,synthetic-user-096,test
19083,synthetic-user-096,test
19084,synthetic-user-096,test
19085,synthetic-user-096,test
19086,synthetic-user-096,test
19087,synthetic-user-096,test
19088,synthetic-user-096,test
19089,synthetic-user-096,test
19090,synthetic-user-096,test
19091,synthetic-user-096,test
19092,synthetic-user-096,test
19093,synthetic-user-096,test
19094,synthetic-user-096,test
19095,synthetic-user-096,test
19096,synthetic-user-096,test
19097,synthetic-user-096,test
19098,synthetic-user-096,test
19099,synthetic-user-096,test
19100,synthetic-user-096,test
19101,synthetic-user-096,test
19102,synthetic-user-096,test
19103,synthetic-user-096,test
19104,synthetic-user-096,test
19105,synthetic-user-096,test
19106,synthetic-user-096,test
19107,synthetic-user-096,test
19108,synthetic-user-096,test
19109,synthetic-user-096,test
19110,synthetic-user-096,test
19111,synthetic-user-096,test
19112,synthetic-user-096,test
19113,synthetic-user-096,test
19114,synthetic-user-096,test
19115,synthetic-user-096,test
19116,synthetic-user-096,test
19117,synthetic-user-096,test
19118,synthetic-user-096,test
19119,synthetic-user-096,test
19120,synthetic-user-096,test
19121,synthetic-user-096,test
19122,synthetic-user-096,test
19123,synthetic-user-096,test
19124,synthetic-user-096,test
19125,synthetic-user-096,test
19126,synthetic-user-096,test
19127,synthetic-user-096,test
19128,synthetic-user-096,test
19129,synthetic-user-096,test
19130,synthetic-user-096,test
19131,synthetic-user-096,test
19132,synthetic-user-096,test
19133,synthetic-user-096,test
19134,synthetic-user-096,test
19135,synthetic-user-096,test
19136,synthetic-user-096,test
19137,synthetic-user-096,test
19138,synthetic-user-096,test
19139,synthetic-user-096,test
19140,synthetic-user-096,test
19141,synthetic-user-096,test
19142,synthetic-user-096,test
19143,synthetic-user-096,test
19144,synthetic-user-096,test
19145,synthetic-user-096,test
19146,synthetic-user-096,test
19147,synthetic-user-096,test
19148,synthetic-user-096,test
19149,synthetic-user-096,test
19150,synthetic-user-096,test
19151,synthetic-user-096,test
19152,synthetic-user-096,test
19153,synthetic-user-096,test
19154,synthetic-user-096,test
19155,synthetic-user-096,test
19156,synthetic-user-096,test
19157,synthetic-user-096,test
19158,synthetic-user-096,test
19159,synthetic-user-096,test
19160,synthetic-user-096,test
19161,synthetic-user-096,test
19162,synthetic-user-096,test
19163,synthetic-user-096,test
19164,synthetic-user-096,test
19165,synthetic-user-096,test
19166,synthetic-user-096,test
19167,synthetic-user-096,test
19168,synthetic-user-096,test
19169,synthetic-user-096,test
19170,synthetic-user-096,test
19171,synthetic-user-096,test
19172,synthetic-user-096,test
19173,synthetic-user-096,test
19174,synthetic-user-096,test
19175,synthetic-user-096,test
19176,synthetic-user-096,test
19177,synthetic-user-096,test
19178,synthetic-user-096,test
19179,synthetic-user-096,test
19180,synthetic-user-096,test
19181,synthetic-user-096,test
19182,synthetic-user-096,test
19183,synthetic-user-096,test
19184,synthetic-user-096,test
19185,synthetic-user-096,test
19186,synthetic-user-096,test
19187,synthetic-user-096,test
19188,synthetic-user-096,test
19189,synthetic-user-096,test
19190,synthetic-user-096,test
19191,synthetic-user-096,test
19192,synthetic-user-096,test
19193,synthetic-user-096,test
19194,synthetic-user-096,test
19195,synthetic-user-096,test
19196,synthetic-user-096,test
19197,synthetic-user-096,test
19198,synthetic-user-096,test
19199,synthetic-user-096,test
19200,synthetic-user-096,test
19201,synthetic-user-097,validation
19202,synthetic-user-097,validation
19203,synthetic-user-097,validation
19204,synthetic-user-097,validation
19205,synthetic-user-097,validation
19206,synthetic-user-097,validation
19207,synthetic-user-097,validation
19208,synthetic-user-097,validation
19209,synthetic-user-097,validation
19210,synthetic-user-097,validation
19211,synthetic-user-097,validation
19212,synthetic-user-097,validation
19213,synthetic-user-097,validation
19214,synthetic-user-097,validation
19215,synthetic-user-097,validation
19216,synthetic-user-097,validation
19217,synthetic-user-097,validation
19218,synthetic-user-097,validation
19219,synthetic-user-097,validation
19220,synthetic-user-097,validation
19221,synthetic-user-097,validation
19222,synthetic-user-097,validation
19223,synthetic-user-097,validation
19224,synthetic-user-097,validation
19225,synthetic-user-097,validation
19226,synthetic-user-097,validation
19227,synthetic-user-097,validation
19228,synthetic-user-097,validation
19229,synthetic-user-097,validation
19230,synthetic-user-097,validation
19231,synthetic-user-097,validation
19232,synthetic-user-097,validation
19233,synthetic-user-097,validation
19234,synthetic-user-097,validation
19235,synthetic-user-097,validation
19236,synthetic-user-097,validation
19237,synthetic-user-097,validation
19238,synthetic-user-097,validation
19239,synthetic-user-097,validation
19240,synthetic-user-097,validation
19241,synthetic-user-097,validation
19242,synthetic-user-097,validation
19243,synthetic-user-097,validation
19244,synthetic-user-097,validation
19245,synthetic-user-097,validation
19246,synthetic-user-097,validation
19247,synthetic-user-097,validation
19248,synthetic-user-097,validation
19249,synthetic-user-097,validation
19250,synthetic-user-097,validation
19251,synthetic-user-097,validation
19252,synthetic-user-097,validation
19253,synthetic-user-097,validation
19254,synthetic-user-097,validation
19255,synthetic-user-097,validation
19256,synthetic-user-097,validation
19257,synthetic-user-097,validation
19258,synthetic-user-097,validation
19259,synthetic-user-097,validation
19260,synthetic-user-097,validation
19261,synthetic-user-097,validation
19262,synthetic-user-097,validation
19263,synthetic-user-097,validation
19264,synthetic-user-097,validation
19265,synthetic-user-097,validation
19266,synthetic-user-097,validation
19267,synthetic-user-097,validation
19268,synthetic-user-097,validation
19269,synthetic-user-097,validation
19270,synthetic-user-097,validation
19271,synthetic-user-097,validation
19272,synthetic-user-097,validation
19273,synthetic-user-097,validation
19274,synthetic-user-097,validation
19275,synthetic-user-097,validation
19276,synthetic-user-097,validation
19277,synthetic-user-097,validation
19278,synthetic-user-097,validation
19279,synthetic-user-097,validation
19280,synthetic-user-097,validation
19281,synthetic-user-097,validation
19282,synthetic-user-097,validation
19283,synthetic-user-097,validation
19284,synthetic-user-097,validation
19285,synthetic-user-097,validation
19286,synthetic-user-097,validation
19287,synthetic-user-097,validation
19288,synthetic-user-097,validation
19289,synthetic-user-097,validation
19290,synthetic-user-097,validation
19291,synthetic-user-097,validation
19292,synthetic-user-097,validation
19293,synthetic-user-097,validation
19294,synthetic-user-097,validation
19295,synthetic-user-097,validation
19296,synthetic-user-097,validation
19297,synthetic-user-097,validation
19298,synthetic-user-097,validation
19299,synthetic-user-097,validation
19300,synthetic-user-097,validation
19301,synthetic-user-097,validation
19302,synthetic-user-097,validation
19303,synthetic-user-097,validation
19304,synthetic-user-097,validation
19305,synthetic-user-097,validation
19306,synthetic-user-097,validation
19307,synthetic-user-097,validation
19308,synthetic-user-097,validation
19309,synthetic-user-097,validation
19310,synthetic-user-097,validation
19311,synthetic-user-097,validation
19312,synthetic-user-097,validation
19313,synthetic-user-097,validation
19314,synthetic-user-097,validation
19315,synthetic-user-097,validation
19316,synthetic-user-097,validation
19317,synthetic-user-097,validation
19318,synthetic-user-097,validation
19319,synthetic-user-097,validation
19320,synthetic-user-097,validation
19321,synthetic-user-097,validation
19322,synthetic-user-097,validation
19323,synthetic-user-097,validation
19324,synthetic-user-097,validation
19325,synthetic-user-097,validation
19326,synthetic-user-097,validation
19327,synthetic-user-097,validation
19328,synthetic-user-097,validation
19329,synthetic-user-097,validation
19330,synthetic-user-097,validation
19331,synthetic-user-097,validation
19332,synthetic-user-097,validation
19333,synthetic-user-097,validation
19334,synthetic-user-097,validation
19335,synthetic-user-097,validation
19336,synthetic-user-097,validation
19337,synthetic-user-097,validation
19338,synthetic-user-097,validation
19339,synthetic-user-097,validation
19340,synthetic-user-097,validation
19341,synthetic-user-097,validation
19342,synthetic-user-097,validation
19343,synthetic-user-097,validation
19344,synthetic-user-097,validation
19345,synthetic-user-097,validation
19346,synthetic-user-097,validation
19347,synthetic-user-097,validation
19348,synthetic-user-097,validation
19349,synthetic-user-097,validation
19350,synthetic-user-097,validation
19351,synthetic-user-097,validation
19352,synthetic-user-097,validation
19353,synthetic-user-097,validation
19354,synthetic-user-097,validation
19355,synthetic-user-097,validation
19356,synthetic-user-097,validation
19357,synthetic-user-097,validation
19358,synthetic-user-097,validation
19359,synthetic-user-097,validation
19360,synthetic-user-097,validation
19361,synthetic-user-097,validation
19362,synthetic-user-097,validation
19363,synthetic-user-097,validation
19364,synthetic-user-097,validation
19365,synthetic-user-097,validation
19366,synthetic-user-097,validation
19367,synthetic-user-097,validation
19368,synthetic-user-097,validation
19369,synthetic-user-097,validation
19370,synthetic-user-097,validation
19371,synthetic-user-097,validation
19372,synthetic-user-097,validation
19373,synthetic-user-097,validation
19374,synthetic-user-097,validation
19375,synthetic-user-097,validation
19376,synthetic-user-097,validation
19377,synthetic-user-097,validation
19378,synthetic-user-097,validation
19379,synthetic-user-097,validation
19380,synthetic-user-097,validation
19381,synthetic-user-097,validation
19382,synthetic-user-097,validation
19383,synthetic-user-097,validation
19384,synthetic-user-097,validation
19385,synthetic-user-097,validation
19386,synthetic-user-097,validation
19387,synthetic-user-097,validation
19388,synthetic-user-097,validation
19389,synthetic-user-097,validation
19390,synthetic-user-097,validation
19391,synthetic-user-097,validation
19392,synthetic-user-097,validation
19393,synthetic-user-097,validation
19394,synthetic-user-097,validation
19395,synthetic-user-097,validation
19396,synthetic-user-097,validation
19397,synthetic-user-097,validation
19398,synthetic-user-097,validation
19399,synthetic-user-097,validation
19400,synthetic-user-097,validation
19401,synthetic-user-098,train
19402,synthetic-user-098,train
19403,synthetic-user-098,train
19404,synthetic-user-098,train
19405,synthetic-user-098,train
19406,synthetic-user-098,train
19407,synthetic-user-098,train
19408,synthetic-user-098,train
19409,synthetic-user-098,train
19410,synthetic-user-098,train
19411,synthetic-user-098,train
19412,synthetic-user-098,train
19413,synthetic-user-098,train
19414,synthetic-user-098,train
19415,synthetic-user-098,train
19416,synthetic-user-098,train
19417,synthetic-user-098,train
19418,synthetic-user-098,train
19419,synthetic-user-098,train
19420,synthetic-user-098,train
19421,synthetic-user-098,train
19422,synthetic-user-098,train
19423,synthetic-user-098,train
19424,synthetic-user-098,train
19425,synthetic-user-098,train
19426,synthetic-user-098,train
19427,synthetic-user-098,train
19428,synthetic-user-098,train
19429,synthetic-user-098,train
19430,synthetic-user-098,train
19431,synthetic-user-098,train
19432,synthetic-user-098,train
19433,synthetic-user-098,train
19434,synthetic-user-098,train
19435,synthetic-user-098,train
19436,synthetic-user-098,train
19437,synthetic-user-098,train
19438,synthetic-user-098,train
19439,synthetic-user-098,train
19440,synthetic-user-098,train
19441,synthetic-user-098,train
19442,synthetic-user-098,train
19443,synthetic-user-098,train
19444,synthetic-user-098,train
19445,synthetic-user-098,train
19446,synthetic-user-098,train
19447,synthetic-user-098,train
19448,synthetic-user-098,train
19449,synthetic-user-098,train
19450,synthetic-user-098,train
19451,synthetic-user-098,train
19452,synthetic-user-098,train
19453,synthetic-user-098,train
19454,synthetic-user-098,train
19455,synthetic-user-098,train
19456,synthetic-user-098,train
19457,synthetic-user-098,train
19458,synthetic-user-098,train
19459,synthetic-user-098,train
19460,synthetic-user-098,train
19461,synthetic-user-098,train
19462,synthetic-user-098,train
19463,synthetic-user-098,train
19464,synthetic-user-098,train
19465,synthetic-user-098,train
19466,synthetic-user-098,train
19467,synthetic-user-098,train
19468,synthetic-user-098,train
19469,synthetic-user-098,train
19470,synthetic-user-098,train
19471,synthetic-user-098,train
19472,synthetic-user-098,train
19473,synthetic-user-098,train
19474,synthetic-user-098,train
19475,synthetic-user-098,train
19476,synthetic-user-098,train
19477,synthetic-user-098,train
19478,synthetic-user-098,train
19479,synthetic-user-098,train
19480,synthetic-user-098,train
19481,synthetic-user-098,train
19482,synthetic-user-098,train
19483,synthetic-user-098,train
19484,synthetic-user-098,train
19485,synthetic-user-098,train
19486,synthetic-user-098,train
19487,synthetic-user-098,train
19488,synthetic-user-098,train
19489,synthetic-user-098,train
19490,synthetic-user-098,train
19491,synthetic-user-098,train
19492,synthetic-user-098,train
19493,synthetic-user-098,train
19494,synthetic-user-098,train
19495,synthetic-user-098,train
19496,synthetic-user-098,train
19497,synthetic-user-098,train
19498,synthetic-user-098,train
19499,synthetic-user-098,train
19500,synthetic-user-098,train
19501,synthetic-user-098,train
19502,synthetic-user-098,train
19503,synthetic-user-098,train
19504,synthetic-user-098,train
19505,synthetic-user-098,train
19506,synthetic-user-098,train
19507,synthetic-user-098,train
19508,synthetic-user-098,train
19509,synthetic-user-098,train
19510,synthetic-user-098,train
19511,synthetic-user-098,train
19512,synthetic-user-098,train
19513,synthetic-user-098,train
19514,synthetic-user-098,train
19515,synthetic-user-098,train
19516,synthetic-user-098,train
19517,synthetic-user-098,train
19518,synthetic-user-098,train
19519,synthetic-user-098,train
19520,synthetic-user-098,train
19521,synthetic-user-098,train
19522,synthetic-user-098,train
19523,synthetic-user-098,train
19524,synthetic-user-098,train
19525,synthetic-user-098,train
19526,synthetic-user-098,train
19527,synthetic-user-098,train
19528,synthetic-user-098,train
19529,synthetic-user-098,train
19530,synthetic-user-098,train
19531,synthetic-user-098,train
19532,synthetic-user-098,train
19533,synthetic-user-098,train
19534,synthetic-user-098,train
19535,synthetic-user-098,train
19536,synthetic-user-098,train
19537,synthetic-user-098,train
19538,synthetic-user-098,train
19539,synthetic-user-098,train
19540,synthetic-user-098,train
19541,synthetic-user-098,train
19542,synthetic-user-098,train
19543,synthetic-user-098,train
19544,synthetic-user-098,train
19545,synthetic-user-098,train
19546,synthetic-user-098,train
19547,synthetic-user-098,train
19548,synthetic-user-098,train
19549,synthetic-user-098,train
19550,synthetic-user-098,train
19551,synthetic-user-098,train
19552,synthetic-user-098,train
19553,synthetic-user-098,train
19554,synthetic-user-098,train
19555,synthetic-user-098,train
19556,synthetic-user-098,train
19557,synthetic-user-098,train
19558,synthetic-user-098,train
19559,synthetic-user-098,train
19560,synthetic-user-098,train
19561,synthetic-user-098,train
19562,synthetic-user-098,train
19563,synthetic-user-098,train
19564,synthetic-user-098,train
19565,synthetic-user-098,train
19566,synthetic-user-098,train
19567,synthetic-user-098,train
19568,synthetic-user-098,train
19569,synthetic-user-098,train
19570,synthetic-user-098,train
19571,synthetic-user-098,train
19572,synthetic-user-098,train
19573,synthetic-user-098,train
19574,synthetic-user-098,train
19575,synthetic-user-098,train
19576,synthetic-user-098,train
19577,synthetic-user-098,train
19578,synthetic-user-098,train
19579,synthetic-user-098,train
19580,synthetic-user-098,train
19581,synthetic-user-098,train
19582,synthetic-user-098,train
19583,synthetic-user-098,train
19584,synthetic-user-098,train
19585,synthetic-user-098,train
19586,synthetic-user-098,train
19587,synthetic-user-098,train
19588,synthetic-user-098,train
19589,synthetic-user-098,train
19590,synthetic-user-098,train
19591,synthetic-user-098,train
19592,synthetic-user-098,train
19593,synthetic-user-098,train
19594,synthetic-user-098,train
19595,synthetic-user-098,train
19596,synthetic-user-098,train
19597,synthetic-user-098,train
19598,synthetic-user-098,train
19599,synthetic-user-098,train
19600,synthetic-user-098,train
19601,synthetic-user-099,train
19602,synthetic-user-099,train
19603,synthetic-user-099,train
19604,synthetic-user-099,train
19605,synthetic-user-099,train
19606,synthetic-user-099,train
19607,synthetic-user-099,train
19608,synthetic-user-099,train
19609,synthetic-user-099,train
19610,synthetic-user-099,train
19611,synthetic-user-099,train
19612,synthetic-user-099,train
19613,synthetic-user-099,train
19614,synthetic-user-099,train
19615,synthetic-user-099,train
19616,synthetic-user-099,train
19617,synthetic-user-099,train
19618,synthetic-user-099,train
19619,synthetic-user-099,train
19620,synthetic-user-099,train
19621,synthetic-user-099,train
19622,synthetic-user-099,train
19623,synthetic-user-099,train
19624,synthetic-user-099,train
19625,synthetic-user-099,train
19626,synthetic-user-099,train
19627,synthetic-user-099,train
19628,synthetic-user-099,train
19629,synthetic-user-099,train
19630,synthetic-user-099,train
19631,synthetic-user-099,train
19632,synthetic-user-099,train
19633,synthetic-user-099,train
19634,synthetic-user-099,train
19635,synthetic-user-099,train
19636,synthetic-user-099,train
19637,synthetic-user-099,train
19638,synthetic-user-099,train
19639,synthetic-user-099,train
19640,synthetic-user-099,train
19641,synthetic-user-099,train
19642,synthetic-user-099,train
19643,synthetic-user-099,train
19644,synthetic-user-099,train
19645,synthetic-user-099,train
19646,synthetic-user-099,train
19647,synthetic-user-099,train
19648,synthetic-user-099,train
19649,synthetic-user-099,train
19650,synthetic-user-099,train
19651,synthetic-user-099,train
19652,synthetic-user-099,train
19653,synthetic-user-099,train
19654,synthetic-user-099,train
19655,synthetic-user-099,train
19656,synthetic-user-099,train
19657,synthetic-user-099,train
19658,synthetic-user-099,train
19659,synthetic-user-099,train
19660,synthetic-user-099,train
19661,synthetic-user-099,train
19662,synthetic-user-099,train
19663,synthetic-user-099,train
19664,synthetic-user-099,train
19665,synthetic-user-099,train
19666,synthetic-user-099,train
19667,synthetic-user-099,train
19668,synthetic-user-099,train
19669,synthetic-user-099,train
19670,synthetic-user-099,train
19671,synthetic-user-099,train
19672,synthetic-user-099,train
19673,synthetic-user-099,train
19674,synthetic-user-099,train
19675,synthetic-user-099,train
19676,synthetic-user-099,train
19677,synthetic-user-099,train
19678,synthetic-user-099,train
19679,synthetic-user-099,train
19680,synthetic-user-099,train
19681,synthetic-user-099,train
19682,synthetic-user-099,train
19683,synthetic-user-099,train
19684,synthetic-user-099,train
19685,synthetic-user-099,train
19686,synthetic-user-099,train
19687,synthetic-user-099,train
19688,synthetic-user-099,train
19689,synthetic-user-099,train
19690,synthetic-user-099,train
19691,synthetic-user-099,train
19692,synthetic-user-099,train
19693,synthetic-user-099,train
19694,synthetic-user-099,train
19695,synthetic-user-099,train
19696,synthetic-user-099,train
19697,synthetic-user-099,train
19698,synthetic-user-099,train
19699,synthetic-user-099,train
19700,synthetic-user-099,train
19701,synthetic-user-099,train
19702,synthetic-user-099,train
19703,synthetic-user-099,train
19704,synthetic-user-099,train
19705,synthetic-user-099,train
19706,synthetic-user-099,train
19707,synthetic-user-099,train
19708,synthetic-user-099,train
19709,synthetic-user-099,train
19710,synthetic-user-099,train
19711,synthetic-user-099,train
19712,synthetic-user-099,train
19713,synthetic-user-099,train
19714,synthetic-user-099,train
19715,synthetic-user-099,train
19716,synthetic-user-099,train
19717,synthetic-user-099,train
19718,synthetic-user-099,train
19719,synthetic-user-099,train
19720,synthetic-user-099,train
19721,synthetic-user-099,train
19722,synthetic-user-099,train
19723,synthetic-user-099,train
19724,synthetic-user-099,train
19725,synthetic-user-099,train
19726,synthetic-user-099,train
19727,synthetic-user-099,train
19728,synthetic-user-099,train
19729,synthetic-user-099,train
19730,synthetic-user-099,train
19731,synthetic-user-099,train
19732,synthetic-user-099,train
19733,synthetic-user-099,train
19734,synthetic-user-099,train
19735,synthetic-user-099,train
19736,synthetic-user-099,train
19737,synthetic-user-099,train
19738,synthetic-user-099,train
19739,synthetic-user-099,train
19740,synthetic-user-099,train
19741,synthetic-user-099,train
19742,synthetic-user-099,train
19743,synthetic-user-099,train
19744,synthetic-user-099,train
19745,synthetic-user-099,train
19746,synthetic-user-099,train
19747,synthetic-user-099,train
19748,synthetic-user-099,train
19749,synthetic-user-099,train
19750,synthetic-user-099,train
19751,synthetic-user-099,train
19752,synthetic-user-099,train
19753,synthetic-user-099,train
19754,synthetic-user-099,train
19755,synthetic-user-099,train
19756,synthetic-user-099,train
19757,synthetic-user-099,train
19758,synthetic-user-099,train
19759,synthetic-user-099,train
19760,synthetic-user-099,train
19761,synthetic-user-099,train
19762,synthetic-user-099,train
19763,synthetic-user-099,train
19764,synthetic-user-099,train
19765,synthetic-user-099,train
19766,synthetic-user-099,train
19767,synthetic-user-099,train
19768,synthetic-user-099,train
19769,synthetic-user-099,train
19770,synthetic-user-099,train
19771,synthetic-user-099,train
19772,synthetic-user-099,train
19773,synthetic-user-099,train
19774,synthetic-user-099,train
19775,synthetic-user-099,train
19776,synthetic-user-099,train
19777,synthetic-user-099,train
19778,synthetic-user-099,train
19779,synthetic-user-099,train
19780,synthetic-user-099,train
19781,synthetic-user-099,train
19782,synthetic-user-099,train
19783,synthetic-user-099,train
19784,synthetic-user-099,train
19785,synthetic-user-099,train
19786,synthetic-user-099,train
19787,synthetic-user-099,train
19788,synthetic-user-099,train
19789,synthetic-user-099,train
19790,synthetic-user-099,train
19791,synthetic-user-099,train
19792,synthetic-user-099,train
19793,synthetic-user-099,train
19794,synthetic-user-099,train
19795,synthetic-user-099,train
19796,synthetic-user-099,train
19797,synthetic-user-099,train
19798,synthetic-user-099,train
19799,synthetic-user-099,train
19800,synthetic-user-099,train
19801,synthetic-user-100,train
19802,synthetic-user-100,train
19803,synthetic-user-100,train
19804,synthetic-user-100,train
19805,synthetic-user-100,train
19806,synthetic-user-100,train
19807,synthetic-user-100,train
19808,synthetic-user-100,train
19809,synthetic-user-100,train
19810,synthetic-user-100,train
19811,synthetic-user-100,train
19812,synthetic-user-100,train
19813,synthetic-user-100,train
19814,synthetic-user-100,train
19815,synthetic-user-100,train
19816,synthetic-user-100,train
19817,synthetic-user-100,train
19818,synthetic-user-100,train
19819,synthetic-user-100,train
19820,synthetic-user-100,train
19821,synthetic-user-100,train
19822,synthetic-user-100,train
19823,synthetic-user-100,train
19824,synthetic-user-100,train
19825,synthetic-user-100,train
19826,synthetic-user-100,train
19827,synthetic-user-100,train
19828,synthetic-user-100,train
19829,synthetic-user-100,train
19830,synthetic-user-100,train
19831,synthetic-user-100,train
19832,synthetic-user-100,train
19833,synthetic-user-100,train
19834,synthetic-user-100,train
19835,synthetic-user-100,train
19836,synthetic-user-100,train
19837,synthetic-user-100,train
19838,synthetic-user-100,train
19839,synthetic-user-100,train
19840,synthetic-user-100,train
19841,synthetic-user-100,train
19842,synthetic-user-100,train
19843,synthetic-user-100,train
19844,synthetic-user-100,train
19845,synthetic-user-100,train
19846,synthetic-user-100,train
19847,synthetic-user-100,train
19848,synthetic-user-100,train
19849,synthetic-user-100,train
19850,synthetic-user-100,train
19851,synthetic-user-100,train
19852,synthetic-user-100,train
19853,synthetic-user-100,train
19854,synthetic-user-100,train
19855,synthetic-user-100,train
19856,synthetic-user-100,train
19857,synthetic-user-100,train
19858,synthetic-user-100,train
19859,synthetic-user-100,train
19860,synthetic-user-100,train
19861,synthetic-user-100,train
19862,synthetic-user-100,train
19863,synthetic-user-100,train
19864,synthetic-user-100,train
19865,synthetic-user-100,train
19866,synthetic-user-100,train
19867,synthetic-user-100,train
19868,synthetic-user-100,train
19869,synthetic-user-100,train
19870,synthetic-user-100,train
19871,synthetic-user-100,train
19872,synthetic-user-100,train
19873,synthetic-user-100,train
19874,synthetic-user-100,train
19875,synthetic-user-100,train
19876,synthetic-user-100,train
19877,synthetic-user-100,train
19878,synthetic-user-100,train
19879,synthetic-user-100,train
19880,synthetic-user-100,train
19881,synthetic-user-100,train
19882,synthetic-user-100,train
19883,synthetic-user-100,train
19884,synthetic-user-100,train
19885,synthetic-user-100,train
19886,synthetic-user-100,train
19887,synthetic-user-100,train
19888,synthetic-user-100,train
19889,synthetic-user-100,train
19890,synthetic-user-100,train
19891,synthetic-user-100,train
19892,synthetic-user-100,train
19893,synthetic-user-100,train
19894,synthetic-user-100,train
19895,synthetic-user-100,train
19896,synthetic-user-100,train
19897,synthetic-user-100,train
19898,synthetic-user-100,train
19899,synthetic-user-100,train
19900,synthetic-user-100,train
19901,synthetic-user-100,train
19902,synthetic-user-100,train
19903,synthetic-user-100,train
19904,synthetic-user-100,train
19905,synthetic-user-100,train
19906,synthetic-user-100,train
19907,synthetic-user-100,train
19908,synthetic-user-100,train
19909,synthetic-user-100,train
19910,synthetic-user-100,train
19911,synthetic-user-100,train
19912,synthetic-user-100,train
19913,synthetic-user-100,train
19914,synthetic-user-100,train
19915,synthetic-user-100,train
19916,synthetic-user-100,train
19917,synthetic-user-100,train
19918,synthetic-user-100,train
19919,synthetic-user-100,train
19920,synthetic-user-100,train
19921,synthetic-user-100,train
19922,synthetic-user-100,train
19923,synthetic-user-100,train
19924,synthetic-user-100,train
19925,synthetic-user-100,train
19926,synthetic-user-100,train
19927,synthetic-user-100,train
19928,synthetic-user-100,train
19929,synthetic-user-100,train
19930,synthetic-user-100,train
19931,synthetic-user-100,train
19932,synthetic-user-100,train
19933,synthetic-user-100,train
19934,synthetic-user-100,train
19935,synthetic-user-100,train
19936,synthetic-user-100,train
19937,synthetic-user-100,train
19938,synthetic-user-100,train
19939,synthetic-user-100,train
19940,synthetic-user-100,train
19941,synthetic-user-100,train
19942,synthetic-user-100,train
19943,synthetic-user-100,train
19944,synthetic-user-100,train
19945,synthetic-user-100,train
19946,synthetic-user-100,train
19947,synthetic-user-100,train
19948,synthetic-user-100,train
19949,synthetic-user-100,train
19950,synthetic-user-100,train
19951,synthetic-user-100,train
19952,synthetic-user-100,train
19953,synthetic-user-100,train
19954,synthetic-user-100,train
19955,synthetic-user-100,train
19956,synthetic-user-100,train
19957,synthetic-user-100,train
19958,synthetic-user-100,train
19959,synthetic-user-100,train
19960,synthetic-user-100,train
19961,synthetic-user-100,train
19962,synthetic-user-100,train
19963,synthetic-user-100,train
19964,synthetic-user-100,train
19965,synthetic-user-100,train
19966,synthetic-user-100,train
19967,synthetic-user-100,train
19968,synthetic-user-100,train
19969,synthetic-user-100,train
19970,synthetic-user-100,train
19971,synthetic-user-100,train
19972,synthetic-user-100,train
19973,synthetic-user-100,train
19974,synthetic-user-100,train
19975,synthetic-user-100,train
19976,synthetic-user-100,train
19977,synthetic-user-100,train
19978,synthetic-user-100,train
19979,synthetic-user-100,train
19980,synthetic-user-100,train
19981,synthetic-user-100,train
19982,synthetic-user-100,train
19983,synthetic-user-100,train
19984,synthetic-user-100,train
19985,synthetic-user-100,train
19986,synthetic-user-100,train
19987,synthetic-user-100,train
19988,synthetic-user-100,train
19989,synthetic-user-100,train
19990,synthetic-user-100,train
19991,synthetic-user-100,train
19992,synthetic-user-100,train
19993,synthetic-user-100,train
19994,synthetic-user-100,train
19995,synthetic-user-100,train
19996,synthetic-user-100,train
19997,synthetic-user-100,train
19998,synthetic-user-100,train
19999,synthetic-user-100,train
20000,synthetic-user-100,train
